

















































12:00:00 1/1/19100
Welcome to Universal Machine IX (UMIX).

This machine is a shared resource. Please do not log
in to multiple simultaneous UMIX servers. No game playing
is allowed.

Please log in (use 'guest' for visitor access).
;login: password: logged in as yang


% Begin sending characters. Terminate with EOF...
writing 31 characters
% % 
[balance] Running test 1/5...

 === machine state === 
mem M:
01 02 04 08 10 20 40 80  00 00 00 00 00 00 00 00
00 00 00 00 00 00 00 00  00 00 00 00 00 00 00 00
00 00 00 00 00 00 00 00  00 00 00 00 00 00 00 00
00 00 00 00 00 00 00 00  00 00 00 00 00 00 00 00
00 00 00 00 00 00 00 00  00 00 00 00 00 00 00 00
00 00 00 00 00 00 00 00  00 00 00 00 00 00 00 00
00 00 00 00 00 00 00 00  00 00 00 00 00 00 00 00
00 00 00 00 00 00 00 00  00 00 00 00 00 00 00 00
00 00 00 00 00 00 00 00  00 00 00 00 00 00 00 00
00 00 00 00 00 00 00 00  00 00 00 00 00 00 00 00
00 00 00 00 00 00 00 00  00 00 00 00 00 00 00 00
00 00 00 00 00 00 00 00  00 00 00 00 00 00 00 00
00 00 00 00 00 00 00 00  00 00 00 00 00 00 00 00
00 00 00 00 00 00 00 00  00 00 00 00 00 00 00 00
00 00 00 00 00 00 00 00  00 00 00 00 00 00 00 00
00 00 00 00 00 00 00 00  00 00 00 00 00 00 00 00
src regs sR: { C3 00 01 02 }
dst regs dR: { 03 04 }
IS: 1 IP: 0
Your code halted, but didn't solve puzzle copyreg.
Try again to balance the score
 === machine state === 
mem M:
01 02 BE FE 00 9C 92 05  00 C2 02 00 A0 96 00 00
C6 06 00 A4 9A 00 00 CA  0A 00 A8 9E 00 00 CE 0E
00 AC A2 00 00 D2 12 00  B0 A6 00 00 D6 16 00 B4
AA 00 00 DA 1A 00 B8 AE  00 00 DE 1E 00 BC B2 00
00 E2 22 00 C0 B6 00 00  E6 26 00 C4 BA 00 00 EA
2A 00 C8 BE 00 00 EE 2E  00 CC C2 00 00 F2 32 00
D0 C6 00 00 F6 36 00 D4  CA 00 00 FA 3A 00 D8 CE
00 00 FE 3E 00 DC D2 00  00 07 42 00 E0 D6 00 00
50 46 00 E4 DA 00 00 54  4A 00 E8 DE 00 00 58 4E
00 EC E2 00 00 5C 52 00  F0 E6 00 00 60 56 00 F4
EA 00 00 64 5A 00 F8 EE  00 00 68 5E 00 FC F2 00
00 6C 05 00 FB F6 00 00  70 66 00 00 FA 00 00 74
6A 00 00 FE 00 00 78 6E  00 00 9E 00 00 7C 72 00
00 A2 00 00 80 76 00 00  A6 00 00 84 7A 00 00 AA
00 00 88 7E 00 00 AE 00  00 8C 82 00 00 B2 00 00
90 86 00 00 B6 00 00 94  8A 00 00 BA 00 00 98 8E
src regs sR: { C3 79 01 B4 }
dst regs dR: { FD B2 }
IS: 3 IP: 5
% 
[balance] Running test 1/5...

 === machine state === 
mem M:
01 02 04 08 10 20 40 80  00 00 00 00 00 00 00 00
00 00 00 00 00 00 00 00  00 00 00 00 00 00 00 00
00 00 00 00 00 00 00 00  00 00 00 00 00 00 00 00
00 00 00 00 00 00 00 00  00 00 00 00 00 00 00 00
00 00 00 00 00 00 00 00  00 00 00 00 00 00 00 00
00 00 00 00 00 00 00 00  00 00 00 00 00 00 00 00
00 00 00 00 00 00 00 00  00 00 00 00 00 00 00 00
00 00 00 00 00 00 00 00  00 00 00 00 00 00 00 00
00 00 00 00 00 00 00 00  00 00 00 00 00 00 00 00
00 00 00 00 00 00 00 00  00 00 00 00 00 00 00 00
00 00 00 00 00 00 00 00  00 00 00 00 00 00 00 00
00 00 00 00 00 00 00 00  00 00 00 00 00 00 00 00
00 00 00 00 00 00 00 00  00 00 00 00 00 00 00 00
00 00 00 00 00 00 00 00  00 00 00 00 00 00 00 00
00 00 00 00 00 00 00 00  00 00 00 00 00 00 00 00
00 00 00 00 00 00 00 00  00 00 00 00 00 00 00 00
src regs sR: { BD 00 01 02 }
dst regs dR: { 03 04 }
IS: 1 IP: 0
Your code halted, but didn't solve puzzle copyreg.
Try again to balance the score
 === machine state === 
mem M:
2E 02 08 C2 00 9C 92 32  00 0C C6 00 A0 96 36 00
10 CA 00 A4 9A 3A 00 14  CE 00 A8 9E 3E 00 18 D2
00 AC A2 42 00 1C D6 00  B0 A6 46 00 20 DA 00 B4
AA 4A 00 24 DE 00 B8 AE  4E 00 28 E2 00 BC B2 52
00 2C E6 00 C0 B6 56 00  30 EA 00 C4 BA 5A 00 34
EE 00 C8 BE 5E 00 38 F2  00 CC C2 62 00 3C F6 00
D0 C6 66 00 40 FA 00 D4  CA 6A 00 44 FE 00 D8 CE
6E 00 48 34 00 DC D2 72  00 4C 42 00 E0 D6 76 00
50 46 00 E4 DA 7A 00 54  4A 00 E8 DE 7E 00 58 4E
00 EC E2 82 00 5C 52 00  F0 E6 86 00 60 56 00 F4
EA 8A 00 64 5A 00 F8 EE  8E 00 68 5E 00 FC F2 92
00 6C 30 03 CC F6 96 00  70 66 06 00 FA 9A 00 74
6A 0A 00 FE 9E 00 78 6E  0E 00 00 A2 00 7C 72 12
00 00 A6 00 80 76 16 00  00 AA 00 84 7A 1A 00 00
AE 00 88 7E 1E 00 00 B2  00 8C 82 22 00 00 B6 00
90 86 26 00 00 BA 00 94  8A 2A 00 04 BE 00 98 8E
src regs sR: { C3 73 01 B4 }
dst regs dR: { FD B2 }
IS: 3 IP: 5
% 
[balance] Running test 1/5...

 === machine state === 
mem M:
01 02 04 08 10 20 40 80  00 00 00 00 00 00 00 00
00 00 00 00 00 00 00 00  00 00 00 00 00 00 00 00
00 00 00 00 00 00 00 00  00 00 00 00 00 00 00 00
00 00 00 00 00 00 00 00  00 00 00 00 00 00 00 00
00 00 00 00 00 00 00 00  00 00 00 00 00 00 00 00
00 00 00 00 00 00 00 00  00 00 00 00 00 00 00 00
00 00 00 00 00 00 00 00  00 00 00 00 00 00 00 00
00 00 00 00 00 00 00 00  00 00 00 00 00 00 00 00
00 00 00 00 00 00 00 00  00 00 00 00 00 00 00 00
00 00 00 00 00 00 00 00  00 00 00 00 00 00 00 00
00 00 00 00 00 00 00 00  00 00 00 00 00 00 00 00
00 00 00 00 00 00 00 00  00 00 00 00 00 00 00 00
00 00 00 00 00 00 00 00  00 00 00 00 00 00 00 00
00 00 00 00 00 00 00 00  00 00 00 00 00 00 00 00
00 00 00 00 00 00 00 00  00 00 00 00 00 00 00 00
00 00 00 00 00 00 00 00  00 00 00 00 00 00 00 00
src regs sR: { 84 00 01 02 }
dst regs dR: { 03 04 }
IS: 1 IP: 0
 === machine state === 
mem M:
01 02 E2 FE 00 9C 92 05  00 E6 02 00 A0 96 00 00
EA 06 00 A4 9A 00 00 EE  0A 00 A8 9E 00 00 F2 0E
00 AC A2 00 00 F6 12 00  B0 A6 00 00 FA 16 00 B4
AA 00 00 FE 1A 00 B8 AE  00 00 07 1E 00 BC B2 00
00 2C 22 00 C0 B6 00 00  30 26 00 C4 BA 00 00 34
2A 00 C8 BE 00 00 38 2E  00 CC C2 00 00 3C 32 00
D0 C6 00 00 40 36 00 D4  CA 00 00 44 3A 00 D8 CE
00 00 48 3E 00 DC D2 00  00 4C 42 00 E0 D6 00 00
50 46 00 E4 DA 00 00 54  4A 00 E8 DE 00 00 58 4E
00 EC E2 00 00 5C 52 00  F0 E6 00 00 60 56 00 F4
EA 00 00 64 5A 00 F8 EE  00 00 68 5E 00 FC F2 00
00 6C 05 00 FB F6 00 00  70 66 00 00 FA 00 00 74
6A 00 00 FE 00 00 78 6E  00 00 C2 00 00 7C 72 00
00 C6 00 00 80 76 00 00  CA 00 00 84 7A 00 00 CE
00 00 88 7E 00 00 D2 00  00 8C 82 00 00 D6 00 00
90 86 00 00 DA 00 00 94  8A 00 00 DE 00 00 98 8E
src regs sR: { C3 3A 01 B4 }
dst regs dR: { FD B2 }
IS: 3 IP: 5

[balance] Running test 2/5...

 === machine state === 
mem M:
01 02 04 08 10 20 40 80  00 00 00 00 00 00 00 00
00 00 00 00 00 00 00 00  00 00 00 00 00 00 00 00
00 00 00 00 00 00 00 00  00 00 00 00 00 00 00 00
00 00 00 00 00 00 00 00  00 00 00 00 00 00 00 00
00 00 00 00 00 00 00 00  00 00 00 00 00 00 00 00
00 00 00 00 00 00 00 00  00 00 00 00 00 00 00 00
00 00 00 00 00 00 00 00  00 00 00 00 00 00 00 00
00 00 00 00 00 00 00 00  00 00 00 00 00 00 00 00
00 00 00 00 00 00 00 00  00 00 00 00 00 00 00 00
00 00 00 00 00 00 00 00  00 00 00 00 00 00 00 00
00 00 00 00 00 00 00 00  00 00 00 00 00 00 00 00
00 00 00 00 00 00 00 00  00 00 00 00 00 00 00 00
00 00 00 00 00 00 00 00  00 00 00 00 00 00 00 00
00 00 00 00 00 00 00 00  00 00 00 00 00 00 00 00
00 00 00 00 00 00 00 00  00 00 00 00 00 00 00 00
00 00 00 00 00 00 00 00  00 00 00 00 00 00 00 00
src regs sR: { 4E 00 01 02 }
dst regs dR: { 03 04 }
IS: 1 IP: 0
. === machine state === 
mem M:
7C 20 A3 8A 49 22 4B F2  B1 8E 00 BF 98 F1 68 27
20 06 35 0E 97 DE 9D 76  0A AB 84 3D 54 13 EC 0E
21 FA E3 CA 89 62 12 97  70 89 40 FF D8 16 0D E6
2F B6 75 4E 1A 83 5C D5  2C EB C4 1E F9 D2 7B A2
61 3A 22 6F 48 21 18 D7  B0 26 E5 BE C7 8E 4D 26
2A 5B 34 6D 04 C3 9C 2E  D1 AA 13 7A 39 12 32 47
20 B9 F0 AF 88 36 BD 96  5F 66 25 FE 3A 33 0C 05
DC 9B 74 3E A9 82 AB 52  11 EA 42 1F F8 51 C8 87
60 46 95 6E F7 3E FD D6  4A 0B E4 9D B4 73 4C 4E
81 5A 43 2A E9 C2 52 F7  D0 E9 A0 5F 38 56 6D 46
8F 16 D5 AE 5A E3 BC 35  8C 4B 24 5E 59 32 DB 02
C1 9A 62 CF A8 81 78 37  10 66 45 1E 27 EE AD 86
CF C5 94 CD 64 23 FC 75  2D 0A 73 DA 99 72 1B 42
B7 19 50 0F E8 C1 B8 DE  BF C6 85 5E 67 2E 84 65
3C FB D4 0D A4 2A 0B B2  71 4A B3 1A D0 B1 28 E7
C0 59 90 45 57 9E 5D 36  FF 06 D7 FD 14 D3 AC A5
src regs sR: { BA C8 01 D0 }
dst regs dR: { FD 01 }
IS: 3 IP: 5

[balance] Running test 3/5...

 === machine state === 
mem M:
01 02 04 08 10 20 40 80  00 00 00 00 00 00 00 00
00 00 00 00 00 00 00 00  00 00 00 00 00 00 00 00
00 00 00 00 00 00 00 00  00 00 00 00 00 00 00 00
00 00 00 00 00 00 00 00  00 00 00 00 00 00 00 00
00 00 00 00 00 00 00 00  00 00 00 00 00 00 00 00
00 00 00 00 00 00 00 00  00 00 00 00 00 00 00 00
00 00 00 00 00 00 00 00  00 00 00 00 00 00 00 00
00 00 00 00 00 00 00 00  00 00 00 00 00 00 00 00
00 00 00 00 00 00 00 00  00 00 00 00 00 00 00 00
00 00 00 00 00 00 00 00  00 00 00 00 00 00 00 00
00 00 00 00 00 00 00 00  00 00 00 00 00 00 00 00
00 00 00 00 00 00 00 00  00 00 00 00 00 00 00 00
00 00 00 00 00 00 00 00  00 00 00 00 00 00 00 00
00 00 00 00 00 00 00 00  00 00 00 00 00 00 00 00
00 00 00 00 00 00 00 00  00 00 00 00 00 00 00 00
00 00 00 00 00 00 00 00  00 00 00 00 00 00 00 00
src regs sR: { 52 00 01 02 }
dst regs dR: { 03 04 }
IS: 1 IP: 0
... === machine state === 
mem M:
CB E9 EB 9A 43 45 1C 9D  BB BD 6C 15 17 EE 6F 8D
8F 3E E7 97 C0 41 5F 61  10 B9 84 92 13 31 33 E2
8B FA 64 E5 03 05 B4 5D  70 36 B7 D5 D7 86 2F E6
08 89 A7 A9 58 01 5C DA  5B 79 7B 2A D3 D2 AC 2D
4B 4D FC A5 48 7E FF 1D  1F CE 77 BE 50 D1 EF F1
A0 49 34 22 A3 C1 C3 72  1B AA F4 75 93 95 44 ED
20 C6 47 65 67 16 BF 96  98 19 37 39 E8 91 0C 6A
EB 09 0B BA 63 82 3C BD  DB DD 8C 35 F8 0E 8F AD
AF 5E 07 6E E0 61 7F 81  30 D9 E4 B2 33 51 53 02
AB 5A 84 05 23 25 D4 7D  D0 56 D7 F5 F7 A6 4F 46
28 A9 C7 C9 78 21 BC FA  7B 99 9B 4A F3 32 CC CA
6B 6D 1C C5 A8 9E 94 3D  3F EE 97 1E 70 66 0F 11
C0 69 08 42 38 E1 E3 92  3B 10 14 0A B3 B5 64 0D
18 E6 DC 85 87 5E DF 20  B8 AE 57 59 30 B1 28 8A
80 29 2B 02 83 30 5C 52  FB FD D4 86 38 2E 24 CD
CF A6 27 40 00 F6 9F A1  78 F9 48 19 C8 71 73 4A
src regs sR: { CE 13 01 AF }
dst regs dR: { CF EB }
IS: 3 IP: 5

[balance] Running test 4/5...

 === machine state === 
mem M:
01 02 04 08 10 20 40 80  00 00 00 00 00 00 00 00
00 00 00 00 00 00 00 00  00 00 00 00 00 00 00 00
00 00 00 00 00 00 00 00  00 00 00 00 00 00 00 00
00 00 00 00 00 00 00 00  00 00 00 00 00 00 00 00
00 00 00 00 00 00 00 00  00 00 00 00 00 00 00 00
00 00 00 00 00 00 00 00  00 00 00 00 00 00 00 00
00 00 00 00 00 00 00 00  00 00 00 00 00 00 00 00
00 00 00 00 00 00 00 00  00 00 00 00 00 00 00 00
00 00 00 00 00 00 00 00  00 00 00 00 00 00 00 00
00 00 00 00 00 00 00 00  00 00 00 00 00 00 00 00
00 00 00 00 00 00 00 00  00 00 00 00 00 00 00 00
00 00 00 00 00 00 00 00  00 00 00 00 00 00 00 00
00 00 00 00 00 00 00 00  00 00 00 00 00 00 00 00
00 00 00 00 00 00 00 00  00 00 00 00 00 00 00 00
00 00 00 00 00 00 00 00  00 00 00 00 00 00 00 00
00 00 00 00 00 00 00 00  00 00 00 00 00 00 00 00
src regs sR: { 8B 00 01 02 }
dst regs dR: { 03 04 }
IS: 1 IP: 0
Your code halted, but didn't solve puzzle copyreg.
Try again to balance the score
 === machine state === 
mem M:
01 02 DE FE 00 9C 92 05  00 E2 02 00 A0 96 00 00
E6 06 00 A4 9A 00 00 EA  0A 00 A8 9E 00 00 EE 0E
00 AC A2 00 00 F2 12 00  B0 A6 00 00 F6 16 00 B4
AA 00 00 FA 1A 00 B8 AE  00 00 FE 1E 00 BC B2 00
00 07 22 00 C0 B6 00 00  30 26 00 C4 BA 00 00 34
2A 00 C8 BE 00 00 38 2E  00 CC C2 00 00 3C 32 00
D0 C6 00 00 40 36 00 D4  CA 00 00 44 3A 00 D8 CE
00 00 48 3E 00 DC D2 00  00 4C 42 00 E0 D6 00 00
50 46 00 E4 DA 00 00 54  4A 00 E8 DE 00 00 58 4E
00 EC E2 00 00 5C 52 00  F0 E6 00 00 60 56 00 F4
EA 00 00 64 5A 00 F8 EE  00 00 68 5E 00 FC F2 00
00 6C 05 00 FB F6 00 00  70 66 00 00 FA 00 00 74
6A 00 00 FE 00 00 78 6E  00 00 BE 00 00 7C 72 00
00 C2 00 00 80 76 00 00  C6 00 00 84 7A 00 00 CA
00 00 88 7E 00 00 CE 00  00 8C 82 00 00 D2 00 00
90 86 00 00 D6 00 00 94  8A 00 00 DA 00 00 98 8E
src regs sR: { C3 41 01 B4 }
dst regs dR: { FD B2 }
IS: 3 IP: 5
% 
[balance] Running test 1/5...

 === machine state === 
mem M:
01 02 04 08 10 20 40 80  00 00 00 00 00 00 00 00
00 00 00 00 00 00 00 00  00 00 00 00 00 00 00 00
00 00 00 00 00 00 00 00  00 00 00 00 00 00 00 00
00 00 00 00 00 00 00 00  00 00 00 00 00 00 00 00
00 00 00 00 00 00 00 00  00 00 00 00 00 00 00 00
00 00 00 00 00 00 00 00  00 00 00 00 00 00 00 00
00 00 00 00 00 00 00 00  00 00 00 00 00 00 00 00
00 00 00 00 00 00 00 00  00 00 00 00 00 00 00 00
00 00 00 00 00 00 00 00  00 00 00 00 00 00 00 00
00 00 00 00 00 00 00 00  00 00 00 00 00 00 00 00
00 00 00 00 00 00 00 00  00 00 00 00 00 00 00 00
00 00 00 00 00 00 00 00  00 00 00 00 00 00 00 00
00 00 00 00 00 00 00 00  00 00 00 00 00 00 00 00
00 00 00 00 00 00 00 00  00 00 00 00 00 00 00 00
00 00 00 00 00 00 00 00  00 00 00 00 00 00 00 00
00 00 00 00 00 00 00 00  00 00 00 00 00 00 00 00
src regs sR: { 55 00 01 02 }
dst regs dR: { 03 04 }
IS: 1 IP: 0
...Your code halted, but didn't solve puzzle copyreg.
Try again to balance the score
 === machine state === 
mem M:
34 FE 5F 46 C4 5E EF 30  FA EE 42 C0 5A EB 2C F6
EA 3E BC 56 E7 28 F2 E6  3A B8 52 E3 24 EE E2 36
B4 4E DF 20 EA DE 32 B0  4A DB 1C E6 DA 2E AC 46
D7 18 E2 D6 2A A8 42 D3  14 DE D2 26 A4 3E CF 10
DA CE 22 A0 3A CB 53 D6  CA 1E 9C 36 C7 AE D2 C6
1A 98 32 C3 AA CE C2 16  94 2E BF A6 CA BE 12 90
2A BB A2 C6 BA 0E 8C 26  B7 9E C2 B6 24 88 22 B3
9A BE B2 20 84 1E AF 96  BA AE 1C 80 1A AB 92 B6
AA 18 7C 16 A7 8E B2 A6  14 78 12 A3 8A AE A2 10
74 0E 9F 86 AA 9E 0C 70  0A 9B 82 A6 9A 08 6C 06
97 7E 59 96 04 68 02 93  7A F8 92 00 64 5B 8F 76
F4 8E 61 60 A8 8B 72 F0  8A 5D 5C DE 87 6E EC 86
17 58 14 83 6A E8 82 13  54 4A 7F 66 E4 7E 0F 50
80 7B 62 E0 7A 0B 4C B6  77 5E DC 76 07 48 EC 73
5A D8 72 03 44 22 6F 56  D4 6E FF 40 58 6B 52 D0
6A FB 3C 8E 67 4E CC 66  F7 38 C4 63 4A C8 62 F3
src regs sR: { 65 AD 01 46 }
dst regs dR: { AF A2 }
IS: 3 IP: 5
% 
[balance] Running test 1/5...

 === machine state === 
mem M:
01 02 04 08 10 20 40 80  00 00 00 00 00 00 00 00
00 00 00 00 00 00 00 00  00 00 00 00 00 00 00 00
00 00 00 00 00 00 00 00  00 00 00 00 00 00 00 00
00 00 00 00 00 00 00 00  00 00 00 00 00 00 00 00
00 00 00 00 00 00 00 00  00 00 00 00 00 00 00 00
00 00 00 00 00 00 00 00  00 00 00 00 00 00 00 00
00 00 00 00 00 00 00 00  00 00 00 00 00 00 00 00
00 00 00 00 00 00 00 00  00 00 00 00 00 00 00 00
00 00 00 00 00 00 00 00  00 00 00 00 00 00 00 00
00 00 00 00 00 00 00 00  00 00 00 00 00 00 00 00
00 00 00 00 00 00 00 00  00 00 00 00 00 00 00 00
00 00 00 00 00 00 00 00  00 00 00 00 00 00 00 00
00 00 00 00 00 00 00 00  00 00 00 00 00 00 00 00
00 00 00 00 00 00 00 00  00 00 00 00 00 00 00 00
00 00 00 00 00 00 00 00  00 00 00 00 00 00 00 00
00 00 00 00 00 00 00 00  00 00 00 00 00 00 00 00
src regs sR: { 05 00 01 02 }
dst regs dR: { 03 04 }
IS: 1 IP: 0
Your code halted, but didn't solve puzzle copyreg.
Try again to balance the score
 === machine state === 
mem M:
01 02 04 21 00 20 40 80  00 00 00 00 00 00 00 00
00 00 00 00 00 00 00 00  00 00 00 00 00 00 00 00
00 00 00 00 00 00 00 00  00 00 00 00 00 00 00 00
00 00 00 00 00 00 00 00  00 00 00 00 00 00 00 00
00 00 00 00 00 00 00 00  00 00 00 00 00 00 00 00
00 00 00 00 00 00 00 00  00 00 00 00 00 00 00 00
00 00 00 00 00 00 00 00  00 00 00 00 00 00 00 00
00 00 00 00 00 00 00 00  00 00 00 00 00 00 00 00
00 00 00 00 00 00 00 00  00 00 00 00 00 00 00 00
00 00 00 00 00 00 00 00  00 00 00 00 00 00 00 00
00 00 00 00 00 00 00 00  00 00 00 00 00 00 00 00
00 00 00 00 00 00 00 00  00 00 00 00 00 00 00 00
00 00 00 00 00 00 00 00  00 00 00 00 00 00 00 00
00 00 00 00 00 00 00 00  00 00 00 00 00 00 00 00
00 00 00 00 00 00 00 00  00 00 00 00 00 00 00 00
00 00 00 00 00 00 00 00  00 00 00 00 00 00 00 00
src regs sR: { 05 00 01 02 }
dst regs dR: { 03 04 }
IS: 3 IP: 5
% 
[balance] Running test 1/5...

 === machine state === 
mem M:
01 02 04 08 10 20 40 80  00 00 00 00 00 00 00 00
00 00 00 00 00 00 00 00  00 00 00 00 00 00 00 00
00 00 00 00 00 00 00 00  00 00 00 00 00 00 00 00
00 00 00 00 00 00 00 00  00 00 00 00 00 00 00 00
00 00 00 00 00 00 00 00  00 00 00 00 00 00 00 00
00 00 00 00 00 00 00 00  00 00 00 00 00 00 00 00
00 00 00 00 00 00 00 00  00 00 00 00 00 00 00 00
00 00 00 00 00 00 00 00  00 00 00 00 00 00 00 00
00 00 00 00 00 00 00 00  00 00 00 00 00 00 00 00
00 00 00 00 00 00 00 00  00 00 00 00 00 00 00 00
00 00 00 00 00 00 00 00  00 00 00 00 00 00 00 00
00 00 00 00 00 00 00 00  00 00 00 00 00 00 00 00
00 00 00 00 00 00 00 00  00 00 00 00 00 00 00 00
00 00 00 00 00 00 00 00  00 00 00 00 00 00 00 00
00 00 00 00 00 00 00 00  00 00 00 00 00 00 00 00
00 00 00 00 00 00 00 00  00 00 00 00 00 00 00 00
src regs sR: { 43 00 01 02 }
dst regs dR: { 03 04 }
IS: 1 IP: 0
Your code halted, but didn't solve puzzle copyreg.
Try again to balance the score
 === machine state === 
mem M:
01 02 08 FE 76 9C 92 05  00 0C 02 7A A0 96 00 00
10 06 7E A4 9A 00 00 14  0A 82 A8 9E 00 00 18 0E
86 AC A2 00 00 1C 12 8A  B0 A6 00 00 20 16 8E B4
AA 00 00 24 1A 92 B8 AE  00 03 28 1E 96 BC B2 00
06 2C 22 9A C0 B6 00 0A  30 26 9E C4 BA 00 0E 34
2A A2 C8 BE 00 12 38 2E  A6 CC C2 00 16 3C 32 AA
D0 C6 00 1A 40 36 AE D4  CA 00 1E 44 3A B2 D8 CE
00 22 48 3E B6 DC D2 00  26 4C 42 BA E0 D6 00 2A
50 46 BE E4 DA 00 2E 54  4A C2 E8 DE 00 32 58 4E
C6 EC E2 00 36 5C 52 CA  F0 E6 00 3A 60 56 CE F4
EA 00 3E 64 5A D2 F8 EE  00 42 68 5E D6 FC F2 00
46 6C 05 DA FB F6 00 4A  70 66 DE 00 FA 00 4E 74
6A E2 00 FE 00 52 78 6E  E6 00 00 00 56 7C 72 EA
00 00 00 5A 80 76 EE 00  00 00 5E 84 7A F2 00 00
00 62 88 7E F6 00 00 00  66 8C 82 FA 00 00 00 6A
90 86 FE 00 00 00 6E 94  8A 07 00 04 00 72 98 8E
src regs sR: { C3 F9 01 B4 }
dst regs dR: { FD B2 }
IS: 3 IP: 5
% 
[balance] Running test 1/5...

 === machine state === 
mem M:
01 02 04 08 10 20 40 80  00 00 00 00 00 00 00 00
00 00 00 00 00 00 00 00  00 00 00 00 00 00 00 00
00 00 00 00 00 00 00 00  00 00 00 00 00 00 00 00
00 00 00 00 00 00 00 00  00 00 00 00 00 00 00 00
00 00 00 00 00 00 00 00  00 00 00 00 00 00 00 00
00 00 00 00 00 00 00 00  00 00 00 00 00 00 00 00
00 00 00 00 00 00 00 00  00 00 00 00 00 00 00 00
00 00 00 00 00 00 00 00  00 00 00 00 00 00 00 00
00 00 00 00 00 00 00 00  00 00 00 00 00 00 00 00
00 00 00 00 00 00 00 00  00 00 00 00 00 00 00 00
00 00 00 00 00 00 00 00  00 00 00 00 00 00 00 00
00 00 00 00 00 00 00 00  00 00 00 00 00 00 00 00
00 00 00 00 00 00 00 00  00 00 00 00 00 00 00 00
00 00 00 00 00 00 00 00  00 00 00 00 00 00 00 00
00 00 00 00 00 00 00 00  00 00 00 00 00 00 00 00
00 00 00 00 00 00 00 00  00 00 00 00 00 00 00 00
src regs sR: { 25 00 01 02 }
dst regs dR: { 03 04 }
IS: 1 IP: 0
Your code halted, but didn't solve puzzle copyreg.
Try again to balance the score
 === machine state === 
mem M:
01 02 86 FE 00 9C 92 05  00 8A 02 00 A0 96 00 00
8E 06 00 A4 9A 00 00 92  0A 00 A8 9E 00 00 96 0E
00 AC A2 00 00 9A 12 00  B0 A6 00 00 9E 16 00 B4
AA 00 00 A2 1A 00 B8 AE  00 00 A6 1E 00 BC B2 00
00 AA 22 00 C0 B6 00 00  AE 26 00 C4 BA 00 00 B2
2A 00 C8 BE 00 00 B6 2E  00 CC C2 00 00 BA 32 00
D0 C6 00 00 BE 36 00 D4  CA 00 00 C2 3A 00 D8 CE
00 00 C6 3E 00 DC D2 00  00 CA 42 00 E0 D6 00 00
CE 46 00 E4 DA 00 00 D2  4A 00 E8 DE 00 00 D6 4E
00 EC E2 00 00 DA 52 00  F0 E6 00 00 DE 56 00 F4
EA 00 00 E2 5A 00 F8 EE  00 00 E6 5E 00 FC F2 00
00 EA 05 00 FB F6 00 00  EE 66 00 00 FA 00 00 F2
6A 00 00 FE 00 00 F6 6E  00 00 66 00 00 FA 72 00
00 6A 00 00 FE 76 00 00  6E 00 00 07 7A 00 00 72
00 00 88 7E 00 00 76 00  00 8C 82 00 00 7A 00 00
90 86 00 00 7E 00 00 94  8A 00 00 82 00 00 98 8E
src regs sR: { C3 DB 01 B4 }
dst regs dR: { FD B2 }
IS: 3 IP: 5
% 
[balance] Running test 1/5...

 === machine state === 
mem M:
01 02 04 08 10 20 40 80  00 00 00 00 00 00 00 00
00 00 00 00 00 00 00 00  00 00 00 00 00 00 00 00
00 00 00 00 00 00 00 00  00 00 00 00 00 00 00 00
00 00 00 00 00 00 00 00  00 00 00 00 00 00 00 00
00 00 00 00 00 00 00 00  00 00 00 00 00 00 00 00
00 00 00 00 00 00 00 00  00 00 00 00 00 00 00 00
00 00 00 00 00 00 00 00  00 00 00 00 00 00 00 00
00 00 00 00 00 00 00 00  00 00 00 00 00 00 00 00
00 00 00 00 00 00 00 00  00 00 00 00 00 00 00 00
00 00 00 00 00 00 00 00  00 00 00 00 00 00 00 00
00 00 00 00 00 00 00 00  00 00 00 00 00 00 00 00
00 00 00 00 00 00 00 00  00 00 00 00 00 00 00 00
00 00 00 00 00 00 00 00  00 00 00 00 00 00 00 00
00 00 00 00 00 00 00 00  00 00 00 00 00 00 00 00
00 00 00 00 00 00 00 00  00 00 00 00 00 00 00 00
00 00 00 00 00 00 00 00  00 00 00 00 00 00 00 00
src regs sR: { 88 00 01 02 }
dst regs dR: { 03 04 }
IS: 1 IP: 0
 === machine state === 
mem M:
01 02 08 4E 00 9C E2 05  00 0C 52 00 A0 E6 00 00
10 56 00 A4 EA 00 00 14  5A 00 A8 EE 00 00 18 5E
00 AC F2 00 00 1C 62 00  B0 F6 00 00 20 66 00 B4
FA 00 00 24 6A 00 B8 FE  00 00 28 6E 00 BC 07 00
00 2C 72 00 C0 B6 00 00  30 76 00 C4 BA 00 00 34
7A 00 C8 BE 00 00 38 7E  00 CC C2 00 00 3C 82 00
D0 C6 00 00 40 86 00 D4  CA 00 00 44 8A 00 D8 CE
00 00 48 8E 00 DC D2 00  00 4C 92 00 E0 D6 03 00
50 96 00 E4 DA 06 00 54  9A 00 E8 DE 0A 00 58 9E
00 EC E2 0E 00 5C A2 00  F0 E6 12 00 60 A6 00 F4
EA 16 00 64 AA 00 F8 EE  1A 00 68 AE 00 FC F2 1E
00 6C 05 00 FB F6 22 00  70 B6 00 00 FA 26 00 74
BA 00 00 FE 2A 00 78 BE  00 00 00 2E 00 7C C2 00
00 00 32 00 80 C6 00 00  00 36 00 84 CA 00 00 00
3A 00 88 CE 00 00 00 3E  00 8C D2 00 00 00 42 00
90 D6 00 00 00 46 00 94  DA 00 00 04 4A 00 98 DE
src regs sR: { C3 3E 01 B4 }
dst regs dR: { FD B2 }
IS: 3 IP: 5

[balance] Running test 2/5...

 === machine state === 
mem M:
01 02 04 08 10 20 40 80  00 00 00 00 00 00 00 00
00 00 00 00 00 00 00 00  00 00 00 00 00 00 00 00
00 00 00 00 00 00 00 00  00 00 00 00 00 00 00 00
00 00 00 00 00 00 00 00  00 00 00 00 00 00 00 00
00 00 00 00 00 00 00 00  00 00 00 00 00 00 00 00
00 00 00 00 00 00 00 00  00 00 00 00 00 00 00 00
00 00 00 00 00 00 00 00  00 00 00 00 00 00 00 00
00 00 00 00 00 00 00 00  00 00 00 00 00 00 00 00
00 00 00 00 00 00 00 00  00 00 00 00 00 00 00 00
00 00 00 00 00 00 00 00  00 00 00 00 00 00 00 00
00 00 00 00 00 00 00 00  00 00 00 00 00 00 00 00
00 00 00 00 00 00 00 00  00 00 00 00 00 00 00 00
00 00 00 00 00 00 00 00  00 00 00 00 00 00 00 00
00 00 00 00 00 00 00 00  00 00 00 00 00 00 00 00
00 00 00 00 00 00 00 00  00 00 00 00 00 00 00 00
00 00 00 00 00 00 00 00  00 00 00 00 00 00 00 00
src regs sR: { 57 00 01 02 }
dst regs dR: { 03 04 }
IS: 1 IP: 0
Your code halted, but didn't solve puzzle copyreg.
Try again to balance the score
 === machine state === 
mem M:
01 02 08 6A 00 9C FE 05  00 0C 6E 00 A0 07 00 00
10 72 00 A4 9A 00 00 14  76 00 A8 9E 00 00 18 7A
00 AC A2 00 00 1C 7E 00  B0 A6 00 00 20 82 00 B4
AA 00 00 24 86 00 B8 AE  00 00 28 8A 00 BC B2 00
00 2C 8E 00 C0 B6 00 00  30 92 00 C4 BA 03 00 34
96 00 C8 BE 06 00 38 9A  00 CC C2 0A 00 3C 9E 00
D0 C6 0E 00 40 A2 00 D4  CA 12 00 44 A6 00 D8 CE
16 00 48 AA 00 DC D2 1A  00 4C AE 00 E0 D6 1E 00
50 B2 00 E4 DA 22 00 54  B6 00 E8 DE 26 00 58 BA
00 EC E2 2A 00 5C BE 00  F0 E6 2E 00 60 C2 00 F4
EA 32 00 64 C6 00 F8 EE  36 00 68 CA 00 FC F2 3A
00 6C 05 00 FB F6 3E 00  70 D2 00 00 FA 42 00 74
D6 00 00 FE 46 00 78 DA  00 00 00 4A 00 7C DE 00
00 00 4E 00 80 E2 00 00  00 52 00 84 E6 00 00 00
56 00 88 EA 00 00 00 5A  00 8C EE 00 00 00 5E 00
90 F2 00 00 00 62 00 94  F6 00 00 04 66 00 98 FA
src regs sR: { C3 0D 01 B4 }
dst regs dR: { FD B2 }
IS: 3 IP: 5
% 
[balance] Running test 1/5...

 === machine state === 
mem M:
01 02 04 08 10 20 40 80  00 00 00 00 00 00 00 00
00 00 00 00 00 00 00 00  00 00 00 00 00 00 00 00
00 00 00 00 00 00 00 00  00 00 00 00 00 00 00 00
00 00 00 00 00 00 00 00  00 00 00 00 00 00 00 00
00 00 00 00 00 00 00 00  00 00 00 00 00 00 00 00
00 00 00 00 00 00 00 00  00 00 00 00 00 00 00 00
00 00 00 00 00 00 00 00  00 00 00 00 00 00 00 00
00 00 00 00 00 00 00 00  00 00 00 00 00 00 00 00
00 00 00 00 00 00 00 00  00 00 00 00 00 00 00 00
00 00 00 00 00 00 00 00  00 00 00 00 00 00 00 00
00 00 00 00 00 00 00 00  00 00 00 00 00 00 00 00
00 00 00 00 00 00 00 00  00 00 00 00 00 00 00 00
00 00 00 00 00 00 00 00  00 00 00 00 00 00 00 00
00 00 00 00 00 00 00 00  00 00 00 00 00 00 00 00
00 00 00 00 00 00 00 00  00 00 00 00 00 00 00 00
00 00 00 00 00 00 00 00  00 00 00 00 00 00 00 00
src regs sR: { CB 00 01 02 }
dst regs dR: { 03 04 }
IS: 1 IP: 0
Your code halted, but didn't solve puzzle copyreg.
Try again to balance the score
 === machine state === 
mem M:
26 02 08 BA 00 9C 92 2A  00 0C BE 00 A0 96 2E 00
10 C2 00 A4 9A 32 00 14  C6 00 A8 9E 36 00 18 CA
00 AC A2 3A 00 1C CE 00  B0 A6 3E 00 20 D2 00 B4
AA 42 00 24 D6 00 B8 AE  46 00 28 DA 00 BC B2 4A
00 2C DE 00 C0 B6 4E 00  30 E2 00 C4 BA 52 00 34
E6 00 C8 BE 56 00 38 EA  00 CC C2 5A 00 3C EE 00
D0 C6 5E 00 40 F2 00 D4  CA 62 00 44 F6 00 D8 CE
66 00 48 FA 00 DC D2 6A  00 4C FE 00 E0 D6 6E 00
50 2C 00 E4 DA 72 00 54  4A 00 E8 DE 76 00 58 4E
00 EC E2 7A 00 5C 52 00  F0 E6 7E 00 60 56 00 F4
EA 82 00 64 5A 00 F8 EE  86 00 68 5E 00 FC F2 8A
00 6C 28 00 D4 F6 8E 00  70 66 00 00 FA 92 00 74
6A 03 00 FE 96 00 78 6E  06 00 00 9A 00 7C 72 0A
00 00 9E 00 80 76 0E 00  00 A2 00 84 7A 12 00 00
A6 00 88 7E 16 00 00 AA  00 8C 82 1A 00 00 AE 00
90 86 1E 00 00 B2 00 94  8A 22 00 04 B6 00 98 8E
src regs sR: { C3 81 01 B4 }
dst regs dR: { FD B2 }
IS: 3 IP: 5
% 
[balance] Running test 1/5...

 === machine state === 
mem M:
01 02 04 08 10 20 40 80  00 00 00 00 00 00 00 00
00 00 00 00 00 00 00 00  00 00 00 00 00 00 00 00
00 00 00 00 00 00 00 00  00 00 00 00 00 00 00 00
00 00 00 00 00 00 00 00  00 00 00 00 00 00 00 00
00 00 00 00 00 00 00 00  00 00 00 00 00 00 00 00
00 00 00 00 00 00 00 00  00 00 00 00 00 00 00 00
00 00 00 00 00 00 00 00  00 00 00 00 00 00 00 00
00 00 00 00 00 00 00 00  00 00 00 00 00 00 00 00
00 00 00 00 00 00 00 00  00 00 00 00 00 00 00 00
00 00 00 00 00 00 00 00  00 00 00 00 00 00 00 00
00 00 00 00 00 00 00 00  00 00 00 00 00 00 00 00
00 00 00 00 00 00 00 00  00 00 00 00 00 00 00 00
00 00 00 00 00 00 00 00  00 00 00 00 00 00 00 00
00 00 00 00 00 00 00 00  00 00 00 00 00 00 00 00
00 00 00 00 00 00 00 00  00 00 00 00 00 00 00 00
00 00 00 00 00 00 00 00  00 00 00 00 00 00 00 00
src regs sR: { 8A 00 01 02 }
dst regs dR: { 03 04 }
IS: 1 IP: 0
. === machine state === 
mem M:
01 BB DB FE C9 22 92 05  31 6E 02 3F 98 96 00 A7
E0 06 B5 0E 9A 00 1D 76  0A 45 84 9E 00 93 EC 0E
C0 FA A2 00 09 62 12 2A  B0 A6 00 7F D8 16 A0 B4
AA 00 F5 4E 1A 16 B8 AE  00 6B C4 1E 8C BC B2 00
E1 3A 22 02 C0 B6 00 57  B0 26 78 C4 BA 00 CD 26
2A EE C8 BE 00 43 9C 2E  64 CC C2 00 B9 12 32 DA
D0 C6 00 2F 88 36 50 D4  CA 00 A5 FE 3A C6 D8 CE
00 1B 74 3E 3C 62 D2 00  91 EA 42 B2 C8 D6 00 07
60 46 28 2E AF 00 7D D6  4A 9E 94 15 00 F3 4C 4E
14 FA 7B 00 69 00 52 8A  60 E1 00 DF 38 56 00 C6
47 00 55 AE 5A 00 2C AD  00 CB 24 5E 00 92 13 00
41 9A 62 00 F8 79 00 B7  10 66 00 5E DF 00 2D 86
6A 00 C4 45 00 A3 FC 6E  00 2A AB 00 19 72 72 00
90 11 00 8F E8 76 00 F6  77 00 05 5E 7A 00 5C DD
00 7B D4 7E 00 C2 43 00  F1 4A 82 00 28 A9 00 67
C0 86 00 B5 0F 00 DD 36  8A 00 27 75 00 53 AC 8E
src regs sR: { 12 20 01 28 }
dst regs dR: { FD 95 }
IS: 3 IP: 5

[balance] Running test 2/5...

 === machine state === 
mem M:
01 02 04 08 10 20 40 80  00 00 00 00 00 00 00 00
00 00 00 00 00 00 00 00  00 00 00 00 00 00 00 00
00 00 00 00 00 00 00 00  00 00 00 00 00 00 00 00
00 00 00 00 00 00 00 00  00 00 00 00 00 00 00 00
00 00 00 00 00 00 00 00  00 00 00 00 00 00 00 00
00 00 00 00 00 00 00 00  00 00 00 00 00 00 00 00
00 00 00 00 00 00 00 00  00 00 00 00 00 00 00 00
00 00 00 00 00 00 00 00  00 00 00 00 00 00 00 00
00 00 00 00 00 00 00 00  00 00 00 00 00 00 00 00
00 00 00 00 00 00 00 00  00 00 00 00 00 00 00 00
00 00 00 00 00 00 00 00  00 00 00 00 00 00 00 00
00 00 00 00 00 00 00 00  00 00 00 00 00 00 00 00
00 00 00 00 00 00 00 00  00 00 00 00 00 00 00 00
00 00 00 00 00 00 00 00  00 00 00 00 00 00 00 00
00 00 00 00 00 00 00 00  00 00 00 00 00 00 00 00
00 00 00 00 00 00 00 00  00 00 00 00 00 00 00 00
src regs sR: { 1F 00 01 02 }
dst regs dR: { 03 04 }
IS: 1 IP: 0
Your code halted, but didn't solve puzzle copyreg.
Try again to balance the score
 === machine state === 
mem M:
01 02 08 8A 00 9C 92 05  00 0C 8E 00 A0 96 00 00
10 92 00 A4 9A 03 00 14  96 00 A8 9E 06 00 18 9A
00 AC A2 0A 00 1C 9E 00  B0 A6 0E 00 20 A2 00 B4
AA 12 00 24 A6 00 B8 AE  16 00 28 AA 00 BC B2 1A
00 2C AE 00 C0 B6 1E 00  30 B2 00 C4 BA 22 00 34
B6 00 C8 BE 26 00 38 BA  00 CC C2 2A 00 3C BE 00
D0 C6 2E 00 40 C2 00 D4  CA 32 00 44 C6 00 D8 CE
36 00 48 CA 00 DC D2 3A  00 4C CE 00 E0 D6 3E 00
50 D2 00 E4 DA 42 00 54  D6 00 E8 DE 46 00 58 DA
00 EC E2 4A 00 5C DE 00  F0 E6 4E 00 60 E2 00 F4
EA 52 00 64 E6 00 F8 EE  56 00 68 EA 00 FC F2 5A
00 6C 05 00 FB F6 5E 00  70 F2 00 00 FA 62 00 74
F6 00 00 FE 66 00 78 FA  00 00 00 6A 00 7C FE 00
00 00 6E 00 80 07 00 00  00 72 00 84 7A 00 00 00
76 00 88 7E 00 00 00 7A  00 8C 82 00 00 00 7E 00
90 86 00 00 00 82 00 94  8A 00 00 04 86 00 98 8E
src regs sR: { C3 D5 01 B4 }
dst regs dR: { FD B2 }
IS: 3 IP: 5
% 
[balance] Running test 1/5...

 === machine state === 
mem M:
01 02 04 08 10 20 40 80  00 00 00 00 00 00 00 00
00 00 00 00 00 00 00 00  00 00 00 00 00 00 00 00
00 00 00 00 00 00 00 00  00 00 00 00 00 00 00 00
00 00 00 00 00 00 00 00  00 00 00 00 00 00 00 00
00 00 00 00 00 00 00 00  00 00 00 00 00 00 00 00
00 00 00 00 00 00 00 00  00 00 00 00 00 00 00 00
00 00 00 00 00 00 00 00  00 00 00 00 00 00 00 00
00 00 00 00 00 00 00 00  00 00 00 00 00 00 00 00
00 00 00 00 00 00 00 00  00 00 00 00 00 00 00 00
00 00 00 00 00 00 00 00  00 00 00 00 00 00 00 00
00 00 00 00 00 00 00 00  00 00 00 00 00 00 00 00
00 00 00 00 00 00 00 00  00 00 00 00 00 00 00 00
00 00 00 00 00 00 00 00  00 00 00 00 00 00 00 00
00 00 00 00 00 00 00 00  00 00 00 00 00 00 00 00
00 00 00 00 00 00 00 00  00 00 00 00 00 00 00 00
00 00 00 00 00 00 00 00  00 00 00 00 00 00 00 00
src regs sR: { EF 00 01 02 }
dst regs dR: { 03 04 }
IS: 1 IP: 0
. === machine state === 
mem M:
82 1B 66 50 E9 73 6B B8  51 9C 86 20 A9 A1 EE 87
D2 BC 56 DF D7 24 BD 08  F2 8C 15 0D 5A F3 3E 28
C2 4B 43 90 29 74 5E F8  81 79 C6 5F AA 94 2E B7
AF FC 42 E0 CA 64 ED E5  32 CB 16 00 9A 23 66 68
01 8B 83 D0 59 B4 9E 37  C1 B9 06 8F EA D4 6D F7
EF 3C C5 20 0A A3 2D 25  72 FB 56 40 D9 63 5B A8
5D 8C 76 0F 99 91 DE 00  C2 AC 45 CF C7 14 00 F8
E2 7B 05 FD 4A 00 2E 18  B1 3B 33 80 00 64 4E E7
71 69 B6 00 9A 84 1D A7  9F EC 00 D0 BA 53 DD D5
22 00 06 F0 89 13 0B 58  00 3C 26 BF 49 41 8E 00
72 5C F5 7F 77 C4 00 A8  92 2B B5 AD FA 00 DE C8
61 EB E3 30 00 14 FE 97  21 19 66 00 4A 34 CD 57
4F 9C 00 80 6A 03 8D 85  D2 00 B6 A0 39 C3 BB 08
00 EC D6 6F F9 F1 3E 00  22 0C A5 2F 27 74 00 58
42 DB 65 5D AA 03 8E 78  11 9B 93 E0 06 C4 AE 47
D1 C9 16 0A FA E4 7D 07  FF 4C 0E 30 1A B3 3D 35
src regs sR: { 3A 3E 01 60 }
dst regs dR: { 17 32 }
IS: 3 IP: 5

[balance] Running test 2/5...

 === machine state === 
mem M:
01 02 04 08 10 20 40 80  00 00 00 00 00 00 00 00
00 00 00 00 00 00 00 00  00 00 00 00 00 00 00 00
00 00 00 00 00 00 00 00  00 00 00 00 00 00 00 00
00 00 00 00 00 00 00 00  00 00 00 00 00 00 00 00
00 00 00 00 00 00 00 00  00 00 00 00 00 00 00 00
00 00 00 00 00 00 00 00  00 00 00 00 00 00 00 00
00 00 00 00 00 00 00 00  00 00 00 00 00 00 00 00
00 00 00 00 00 00 00 00  00 00 00 00 00 00 00 00
00 00 00 00 00 00 00 00  00 00 00 00 00 00 00 00
00 00 00 00 00 00 00 00  00 00 00 00 00 00 00 00
00 00 00 00 00 00 00 00  00 00 00 00 00 00 00 00
00 00 00 00 00 00 00 00  00 00 00 00 00 00 00 00
00 00 00 00 00 00 00 00  00 00 00 00 00 00 00 00
00 00 00 00 00 00 00 00  00 00 00 00 00 00 00 00
00 00 00 00 00 00 00 00  00 00 00 00 00 00 00 00
00 00 00 00 00 00 00 00  00 00 00 00 00 00 00 00
src regs sR: { 39 00 01 02 }
dst regs dR: { 03 04 }
IS: 1 IP: 0
Your code halted, but didn't solve puzzle copyreg.
Try again to balance the score
 === machine state === 
mem M:
01 EB 08 04 00 20 C1 05  C1 0C DA 00 00 97 DB 97
10 B0 00 00 6D B1 6D 14  86 00 00 43 87 43 18 5C
00 00 19 5D 19 1C 32 00  00 EF 33 F0 20 08 00 03
C5 09 C6 24 DE 00 06 9B  DF 9C 28 B4 00 0A 71 B5
72 2C 8A 00 0E 47 8B 48  30 60 00 12 1D 61 1E 34
36 00 16 F3 37 F4 38 0C  00 1A C9 0D CA 3C E2 00
1E 9F E3 A0 40 B8 00 22  75 B9 76 44 8E 00 26 4B
8F 4C 48 64 00 2A 21 65  22 4C 3A 00 2E F7 3B F8
50 10 00 32 CD 11 CE 54  E6 00 36 A3 E7 A4 58 4E
00 3A 79 BD 7A 5C 52 00  3E 4F 93 50 60 56 00 42
25 69 26 64 5A 00 46 FB  3F FC 68 5E 00 4A E2 15
D2 6C 62 00 4E 00 EF A8  70 66 00 52 00 00 7E 74
6A 00 56 00 00 54 D2 6E  00 5A 04 00 2A A8 72 00
5E 00 00 00 7E E7 00 62  00 00 00 54 BD 00 66 00
D6 00 2A 93 00 6A 00 AC  00 00 69 00 6E 00 82 00
2E 3F 00 72 00 58 00 04  15 00 76 04 2E 00 00 EB
src regs sR: { 88 B6 01 AE }
dst regs dR: { ED CA }
IS: 3 IP: 5
% 
[balance] Running test 1/5...

 === machine state === 
mem M:
01 02 04 08 10 20 40 80  00 00 00 00 00 00 00 00
00 00 00 00 00 00 00 00  00 00 00 00 00 00 00 00
00 00 00 00 00 00 00 00  00 00 00 00 00 00 00 00
00 00 00 00 00 00 00 00  00 00 00 00 00 00 00 00
00 00 00 00 00 00 00 00  00 00 00 00 00 00 00 00
00 00 00 00 00 00 00 00  00 00 00 00 00 00 00 00
00 00 00 00 00 00 00 00  00 00 00 00 00 00 00 00
00 00 00 00 00 00 00 00  00 00 00 00 00 00 00 00
00 00 00 00 00 00 00 00  00 00 00 00 00 00 00 00
00 00 00 00 00 00 00 00  00 00 00 00 00 00 00 00
00 00 00 00 00 00 00 00  00 00 00 00 00 00 00 00
00 00 00 00 00 00 00 00  00 00 00 00 00 00 00 00
00 00 00 00 00 00 00 00  00 00 00 00 00 00 00 00
00 00 00 00 00 00 00 00  00 00 00 00 00 00 00 00
00 00 00 00 00 00 00 00  00 00 00 00 00 00 00 00
00 00 00 00 00 00 00 00  00 00 00 00 00 00 00 00
src regs sR: { A0 00 01 02 }
dst regs dR: { 03 04 }
IS: 1 IP: 0
 === machine state === 
mem M:
01 02 D2 FE 00 9C 92 05  00 D6 02 00 A0 96 00 00
DA 06 00 A4 9A 00 00 DE  0A 00 A8 9E 00 00 E2 0E
00 AC A2 00 00 E6 12 00  B0 A6 00 00 EA 16 00 B4
AA 00 00 EE 1A 00 B8 AE  00 00 F2 1E 00 BC B2 00
00 F6 22 00 C0 B6 00 00  FA 26 00 C4 BA 00 00 FE
2A 00 C8 BE 00 00 07 2E  00 CC C2 00 00 3C 32 00
D0 C6 00 00 40 36 00 D4  CA 00 00 44 3A 00 D8 CE
00 00 48 3E 00 DC D2 00  00 4C 42 00 E0 D6 00 00
50 46 00 E4 DA 00 00 54  4A 00 E8 DE 00 00 58 4E
00 EC E2 00 00 5C 52 00  F0 E6 00 00 60 56 00 F4
EA 00 00 64 5A 00 F8 EE  00 00 68 5E 00 FC F2 00
00 6C 05 00 FB F6 00 00  70 66 00 00 FA 00 00 74
6A 00 00 FE 00 00 78 6E  00 00 B2 00 00 7C 72 00
00 B6 00 00 80 76 00 00  BA 00 00 84 7A 00 00 BE
00 00 88 7E 00 00 C2 00  00 8C 82 00 00 C6 00 00
90 86 00 00 CA 00 00 94  8A 00 00 CE 00 00 98 8E
src regs sR: { C3 56 01 B4 }
dst regs dR: { FD B2 }
IS: 3 IP: 5

[balance] Running test 2/5...

 === machine state === 
mem M:
01 02 04 08 10 20 40 80  00 00 00 00 00 00 00 00
00 00 00 00 00 00 00 00  00 00 00 00 00 00 00 00
00 00 00 00 00 00 00 00  00 00 00 00 00 00 00 00
00 00 00 00 00 00 00 00  00 00 00 00 00 00 00 00
00 00 00 00 00 00 00 00  00 00 00 00 00 00 00 00
00 00 00 00 00 00 00 00  00 00 00 00 00 00 00 00
00 00 00 00 00 00 00 00  00 00 00 00 00 00 00 00
00 00 00 00 00 00 00 00  00 00 00 00 00 00 00 00
00 00 00 00 00 00 00 00  00 00 00 00 00 00 00 00
00 00 00 00 00 00 00 00  00 00 00 00 00 00 00 00
00 00 00 00 00 00 00 00  00 00 00 00 00 00 00 00
00 00 00 00 00 00 00 00  00 00 00 00 00 00 00 00
00 00 00 00 00 00 00 00  00 00 00 00 00 00 00 00
00 00 00 00 00 00 00 00  00 00 00 00 00 00 00 00
00 00 00 00 00 00 00 00  00 00 00 00 00 00 00 00
00 00 00 00 00 00 00 00  00 00 00 00 00 00 00 00
src regs sR: { 53 00 01 02 }
dst regs dR: { 03 04 }
IS: 1 IP: 0
Your code halted, but didn't solve puzzle copyreg.
Try again to balance the score
 === machine state === 
mem M:
01 02 FE FE 00 9C 92 05  00 07 02 00 A0 96 00 00
10 06 00 A4 9A 00 00 14  0A 00 A8 9E 00 00 18 0E
00 AC A2 00 00 1C 12 00  B0 A6 00 00 20 16 00 B4
AA 00 00 24 1A 00 B8 AE  00 00 28 1E 00 BC B2 00
00 2C 22 00 C0 B6 00 00  30 26 00 C4 BA 00 00 34
2A 00 C8 BE 00 00 38 2E  00 CC C2 00 00 3C 32 00
D0 C6 00 00 40 36 00 D4  CA 00 00 44 3A 00 D8 CE
00 00 48 3E 00 DC D2 00  00 4C 42 00 E0 D6 00 00
50 46 00 E4 DA 00 00 54  4A 00 E8 DE 00 00 58 4E
00 EC E2 00 00 5C 52 00  F0 E6 00 00 60 56 00 F4
EA 00 00 64 5A 00 F8 EE  00 00 68 5E 00 FC F2 00
00 6C 05 00 FB F6 00 00  70 66 00 00 FA 00 00 74
6A 00 00 FE 00 00 78 6E  00 00 DE 00 00 7C 72 00
00 E2 00 00 80 76 00 00  E6 00 00 84 7A 00 00 EA
00 00 88 7E 00 00 EE 00  00 8C 82 00 00 F2 00 00
90 86 00 00 F6 00 00 94  8A 00 00 FA 00 00 98 8E
src regs sR: { C3 09 01 B4 }
dst regs dR: { FD B2 }
IS: 3 IP: 5
% 
[balance] Running test 1/5...

 === machine state === 
mem M:
01 02 04 08 10 20 40 80  00 00 00 00 00 00 00 00
00 00 00 00 00 00 00 00  00 00 00 00 00 00 00 00
00 00 00 00 00 00 00 00  00 00 00 00 00 00 00 00
00 00 00 00 00 00 00 00  00 00 00 00 00 00 00 00
00 00 00 00 00 00 00 00  00 00 00 00 00 00 00 00
00 00 00 00 00 00 00 00  00 00 00 00 00 00 00 00
00 00 00 00 00 00 00 00  00 00 00 00 00 00 00 00
00 00 00 00 00 00 00 00  00 00 00 00 00 00 00 00
00 00 00 00 00 00 00 00  00 00 00 00 00 00 00 00
00 00 00 00 00 00 00 00  00 00 00 00 00 00 00 00
00 00 00 00 00 00 00 00  00 00 00 00 00 00 00 00
00 00 00 00 00 00 00 00  00 00 00 00 00 00 00 00
00 00 00 00 00 00 00 00  00 00 00 00 00 00 00 00
00 00 00 00 00 00 00 00  00 00 00 00 00 00 00 00
00 00 00 00 00 00 00 00  00 00 00 00 00 00 00 00
00 00 00 00 00 00 00 00  00 00 00 00 00 00 00 00
src regs sR: { D0 00 01 02 }
dst regs dR: { 03 04 }
IS: 1 IP: 0
. === machine state === 
mem M:
DA 63 20 DD 02 A5 48 A0  29 E6 A3 C8 6B 0E 66 EF
AC 69 8E 31 D4 2C B5 72  2F 54 F7 9A F2 7B 38 F5
1A BD 60 B8 41 FE BB E0  83 26 7E 07 C4 81 A6 49
EC 44 CD 8A 47 6C 0F B2  0A 93 50 0D 32 D5 78 D0
59 16 D3 F8 9B 3E 96 1F  DC 99 BE 61 04 5C E5 A2
5F 84 27 CA 22 AB 68 25  4A ED 90 E8 71 2E EB 10
B3 56 AE 37 F4 B1 D6 79  1C 74 FD BA 77 9C 04 E2
3A C3 80 3D 62 05 A8 00  89 46 03 28 CB 6E 2B 4F
0C C9 EE 91 34 F1 15 D2  8F B4 57 FA B7 DB 98 55
7A 1D C0 7D A1 5E 1B 40  E3 86 43 68 0B E1 06 A9
4C 09 2E D1 A7 CC 6F 12  CF F4 97 6D 92 35 D8 95
BA 5D 33 58 FB 9E 5B 80  23 F9 1E 5A 64 21 46 E9
BF E4 00 2A E7 0C AF 85  AA 3E F0 AD D2 75 4B 70
04 B6 73 98 3B 11 36 9E  7C 39 5E 01 D7 FC A2 42
FF 24 C7 9D C2 A6 08 C5  EA 8D 67 88 AA CE 8B B0
53 F6 4E AE 94 51 76 19  BC 14 B2 5A 17 3C DF 82
src regs sR: { 95 EA 01 BB }
dst regs dR: { C6 6E }
IS: 3 IP: 5

[balance] Running test 2/5...

 === machine state === 
mem M:
01 02 04 08 10 20 40 80  00 00 00 00 00 00 00 00
00 00 00 00 00 00 00 00  00 00 00 00 00 00 00 00
00 00 00 00 00 00 00 00  00 00 00 00 00 00 00 00
00 00 00 00 00 00 00 00  00 00 00 00 00 00 00 00
00 00 00 00 00 00 00 00  00 00 00 00 00 00 00 00
00 00 00 00 00 00 00 00  00 00 00 00 00 00 00 00
00 00 00 00 00 00 00 00  00 00 00 00 00 00 00 00
00 00 00 00 00 00 00 00  00 00 00 00 00 00 00 00
00 00 00 00 00 00 00 00  00 00 00 00 00 00 00 00
00 00 00 00 00 00 00 00  00 00 00 00 00 00 00 00
00 00 00 00 00 00 00 00  00 00 00 00 00 00 00 00
00 00 00 00 00 00 00 00  00 00 00 00 00 00 00 00
00 00 00 00 00 00 00 00  00 00 00 00 00 00 00 00
00 00 00 00 00 00 00 00  00 00 00 00 00 00 00 00
00 00 00 00 00 00 00 00  00 00 00 00 00 00 00 00
00 00 00 00 00 00 00 00  00 00 00 00 00 00 00 00
src regs sR: { BE 00 01 02 }
dst regs dR: { 03 04 }
IS: 1 IP: 0
... === machine state === 
mem M:
DC 7A 30 A8 0C 18 9C D0  6E 76 4E 00 20 AE C4 62
7E F4 BC 28 C0 B8 56 86  9A C4 30 D2 AC 4A 8E 40
9A 38 E4 A0 3E 96 E6 86  40 F6 94 32 9E 8C 72 A4
08 34 26 A6 32 5E 90 1A  DA 1A AE D8 4A 7C 2C 80
A2 B6 7E 36 68 3E 26 DE  BE 24 22 54 50 CC E6 C6
CA 0E 40 62 72 DA CE 70  FA 2C 74 18 CE D6 16 E6
18 86 BE C2 DE BC D2 04  98 64 B6 E6 62 BE F0 AA
0A AA EE 08 AA DC BC B0  9E F6 AE 96 C8 CE 56 92
FE 54 82 B4 E0 FC 86 06  FA 6E A0 F2 A2 B0 0E A0
5A 8C 04 48 64 16 46 46  78 16 EE 30 1E EC 94 64
28 94 FC 26 92 60 50 3A  3A C8 2E 38 2C 3C 4C E0
94 36 C4 F8 7A 5E 86 60  1A D6 C4 46 70 2C 2C 22
E8 90 12 82 D2 F8 2A FA  5C DE 94 78 C4 32 0C 28
AA 36 1E 60 3A 1E F4 76  3E C4 54 42 30 C0 42 46
6A 48 4A 42 8C 0E 4E 10  3C 52 54 58 DA 56 B6 30
5A 66 F4 A6 5E 5C 24 08  78 E8 72 66 02 18 10 8A
src regs sR: { 2A 8D 01 40 }
dst regs dR: { A7 02 }
IS: 3 IP: 5

[balance] Running test 3/5...

 === machine state === 
mem M:
01 02 04 08 10 20 40 80  00 00 00 00 00 00 00 00
00 00 00 00 00 00 00 00  00 00 00 00 00 00 00 00
00 00 00 00 00 00 00 00  00 00 00 00 00 00 00 00
00 00 00 00 00 00 00 00  00 00 00 00 00 00 00 00
00 00 00 00 00 00 00 00  00 00 00 00 00 00 00 00
00 00 00 00 00 00 00 00  00 00 00 00 00 00 00 00
00 00 00 00 00 00 00 00  00 00 00 00 00 00 00 00
00 00 00 00 00 00 00 00  00 00 00 00 00 00 00 00
00 00 00 00 00 00 00 00  00 00 00 00 00 00 00 00
00 00 00 00 00 00 00 00  00 00 00 00 00 00 00 00
00 00 00 00 00 00 00 00  00 00 00 00 00 00 00 00
00 00 00 00 00 00 00 00  00 00 00 00 00 00 00 00
00 00 00 00 00 00 00 00  00 00 00 00 00 00 00 00
00 00 00 00 00 00 00 00  00 00 00 00 00 00 00 00
00 00 00 00 00 00 00 00  00 00 00 00 00 00 00 00
00 00 00 00 00 00 00 00  00 00 00 00 00 00 00 00
src regs sR: { 23 00 01 02 }
dst regs dR: { 03 04 }
IS: 1 IP: 0
Your code halted, but didn't solve puzzle copyreg.
Try again to balance the score
 === machine state === 
mem M:
86 02 08 FE 00 9C 92 8A  00 0C 02 00 A0 96 8E 00
10 06 00 A4 9A 92 00 14  0A 03 A8 9E 96 00 18 0E
06 AC A2 9A 00 1C 12 0A  B0 A6 9E 00 20 16 0E B4
AA A2 00 24 1A 12 B8 AE  A6 00 28 1E 16 BC B2 AA
00 2C 22 1A C0 B6 AE 00  30 26 1E C4 BA B2 00 34
2A 22 C8 BE B6 00 38 2E  26 CC C2 BA 00 3C 32 2A
D0 C6 BE 00 40 36 2E D4  CA C2 00 44 3A 32 D8 CE
C6 00 48 3E 36 DC D2 CA  00 4C 42 3A E0 D6 CE 00
50 46 3E E4 DA D2 00 54  4A 42 E8 DE D6 00 58 4E
46 EC E2 DA 00 5C 52 4A  F0 E6 DE 00 60 56 4E F4
EA E2 00 64 5A 52 F8 EE  E6 00 68 5E 56 FC F2 EA
00 6C 88 5A 74 F6 EE 00  70 66 5E 00 FA F2 00 74
6A 62 00 FE F6 00 78 6E  66 00 00 FA 00 7C 72 6A
00 00 FE 00 80 76 6E 00  00 8C 00 84 7A 72 00 00
00 00 88 7E 76 00 00 00  00 8C 82 7A 00 00 00 00
90 86 7E 00 00 00 00 94  8A 82 00 04 00 00 98 8E
src regs sR: { C3 D9 01 B4 }
dst regs dR: { FD B2 }
IS: 3 IP: 5
% 
[balance] Running test 1/5...

 === machine state === 
mem M:
01 02 04 08 10 20 40 80  00 00 00 00 00 00 00 00
00 00 00 00 00 00 00 00  00 00 00 00 00 00 00 00
00 00 00 00 00 00 00 00  00 00 00 00 00 00 00 00
00 00 00 00 00 00 00 00  00 00 00 00 00 00 00 00
00 00 00 00 00 00 00 00  00 00 00 00 00 00 00 00
00 00 00 00 00 00 00 00  00 00 00 00 00 00 00 00
00 00 00 00 00 00 00 00  00 00 00 00 00 00 00 00
00 00 00 00 00 00 00 00  00 00 00 00 00 00 00 00
00 00 00 00 00 00 00 00  00 00 00 00 00 00 00 00
00 00 00 00 00 00 00 00  00 00 00 00 00 00 00 00
00 00 00 00 00 00 00 00  00 00 00 00 00 00 00 00
00 00 00 00 00 00 00 00  00 00 00 00 00 00 00 00
00 00 00 00 00 00 00 00  00 00 00 00 00 00 00 00
00 00 00 00 00 00 00 00  00 00 00 00 00 00 00 00
00 00 00 00 00 00 00 00  00 00 00 00 00 00 00 00
00 00 00 00 00 00 00 00  00 00 00 00 00 00 00 00
src regs sR: { 9A 00 01 02 }
dst regs dR: { 03 04 }
IS: 1 IP: 0
 === machine state === 
mem M:
42 02 08 D6 00 9C 92 46  00 0C DA 00 A0 96 4A 00
10 DE 00 A4 9A 4E 00 14  E2 00 A8 9E 52 00 18 E6
00 AC A2 56 00 1C EA 00  B0 A6 5A 00 20 EE 00 B4
AA 5E 00 24 F2 00 B8 AE  62 00 28 F6 00 BC B2 66
00 2C FA 00 C0 B6 6A 00  30 FE 00 C4 BA 6E 00 34
48 00 C8 BE 72 00 38 2E  00 CC C2 76 00 3C 32 00
D0 C6 7A 00 40 36 00 D4  CA 7E 00 44 3A 00 D8 CE
82 00 48 3E 00 DC D2 86  00 4C 42 00 E0 D6 8A 00
50 46 00 E4 DA 8E 00 54  4A 00 E8 DE 92 00 58 4E
03 EC E2 96 00 5C 52 06  F0 E6 9A 00 60 56 0A F4
EA 9E 00 64 5A 0E F8 EE  A2 00 68 5E 12 FC F2 A6
00 6C 40 16 B8 F6 AA 00  70 66 1A 00 FA AE 00 74
6A 1E 00 FE B2 00 78 6E  22 00 00 B6 00 7C 72 26
00 00 BA 00 80 76 2A 00  00 BE 00 84 7A 2E 00 00
C2 00 88 7E 32 00 00 C6  00 8C 82 36 00 00 CA 00
90 86 3A 00 00 CE 00 94  8A 3E 00 04 D2 00 98 8E
src regs sR: { C3 50 01 B4 }
dst regs dR: { FD B2 }
IS: 3 IP: 5

[balance] Running test 2/5...

 === machine state === 
mem M:
01 02 04 08 10 20 40 80  00 00 00 00 00 00 00 00
00 00 00 00 00 00 00 00  00 00 00 00 00 00 00 00
00 00 00 00 00 00 00 00  00 00 00 00 00 00 00 00
00 00 00 00 00 00 00 00  00 00 00 00 00 00 00 00
00 00 00 00 00 00 00 00  00 00 00 00 00 00 00 00
00 00 00 00 00 00 00 00  00 00 00 00 00 00 00 00
00 00 00 00 00 00 00 00  00 00 00 00 00 00 00 00
00 00 00 00 00 00 00 00  00 00 00 00 00 00 00 00
00 00 00 00 00 00 00 00  00 00 00 00 00 00 00 00
00 00 00 00 00 00 00 00  00 00 00 00 00 00 00 00
00 00 00 00 00 00 00 00  00 00 00 00 00 00 00 00
00 00 00 00 00 00 00 00  00 00 00 00 00 00 00 00
00 00 00 00 00 00 00 00  00 00 00 00 00 00 00 00
00 00 00 00 00 00 00 00  00 00 00 00 00 00 00 00
00 00 00 00 00 00 00 00  00 00 00 00 00 00 00 00
00 00 00 00 00 00 00 00  00 00 00 00 00 00 00 00
src regs sR: { E8 00 01 02 }
dst regs dR: { 03 04 }
IS: 1 IP: 0
 === machine state === 
mem M:
01 23 08 DD 42 20 DF 05  69 0C 27 88 00 25 4B AF
10 A6 CE 00 6B 91 F5 42  EC 14 00 B1 D7 3B 88 32
5A 00 F7 1D 81 CE 78 A0  00 3D 63 C7 14 BE E6 00
83 A9 0D 5A 04 2C 00 C9  EF 53 A0 4A 72 00 0F 35
99 E6 90 B8 00 55 7B DF  2C D6 FE 00 9B C1 25 72
1C 44 00 E1 07 6B B8 62  8A 00 27 4D B1 FE A8 D0
00 6D 93 F7 44 EE 16 00  B3 D9 3D 8A 34 5C 00 F9
1F 83 D0 7A A2 00 3F 65  C9 16 C0 E8 00 85 AB 0F
5C 06 2E 00 CB F1 55 A2  4C 74 00 11 37 9B 04 92
BA 00 57 7D E1 2E D8 00  00 9D C3 28 74 1E 00 00
E3 09 6E BA 0B 00 00 29  4F B4 00 51 00 00 6F 95
FA BE 97 00 00 B5 DB 40  04 DD 00 00 FB 21 86 00
23 00 00 1A 67 CC 00 69  00 00 00 AD 12 00 AF 00
00 00 F3 58 00 F5 00 00  00 39 9E 00 3B 00 03 00
7F E4 00 81 00 06 00 C5  2A 00 C7 00 0A 00 0B 70
00 0D 00 0E 00 51 B6 00  53 00 12 04 97 FC 00 99
src regs sR: { 9D 0A 01 C3 }
dst regs dR: { AE 8E }
IS: 3 IP: 5

[balance] Running test 3/5...

 === machine state === 
mem M:
01 02 04 08 10 20 40 80  00 00 00 00 00 00 00 00
00 00 00 00 00 00 00 00  00 00 00 00 00 00 00 00
00 00 00 00 00 00 00 00  00 00 00 00 00 00 00 00
00 00 00 00 00 00 00 00  00 00 00 00 00 00 00 00
00 00 00 00 00 00 00 00  00 00 00 00 00 00 00 00
00 00 00 00 00 00 00 00  00 00 00 00 00 00 00 00
00 00 00 00 00 00 00 00  00 00 00 00 00 00 00 00
00 00 00 00 00 00 00 00  00 00 00 00 00 00 00 00
00 00 00 00 00 00 00 00  00 00 00 00 00 00 00 00
00 00 00 00 00 00 00 00  00 00 00 00 00 00 00 00
00 00 00 00 00 00 00 00  00 00 00 00 00 00 00 00
00 00 00 00 00 00 00 00  00 00 00 00 00 00 00 00
00 00 00 00 00 00 00 00  00 00 00 00 00 00 00 00
00 00 00 00 00 00 00 00  00 00 00 00 00 00 00 00
00 00 00 00 00 00 00 00  00 00 00 00 00 00 00 00
00 00 00 00 00 00 00 00  00 00 00 00 00 00 00 00
src regs sR: { 72 00 01 02 }
dst regs dR: { 03 04 }
IS: 1 IP: 0
 === machine state === 
mem M:
01 02 5A FE 00 EE 92 05  00 5E 02 00 F2 96 00 00
62 06 00 F6 9A 00 00 66  0A 00 FA 9E 00 00 6A 0E
00 FE A2 00 00 6E 12 00  07 A6 00 00 72 16 00 B4
AA 00 00 76 1A 00 B8 AE  00 00 7A 1E 00 BC B2 00
00 7E 22 00 C0 B6 00 00  82 26 00 C4 BA 00 00 86
2A 00 C8 BE 00 00 8A 2E  00 CC C2 00 00 8E 32 00
D0 C6 00 00 92 36 00 D4  CA 00 00 96 3A 00 D8 CE
00 00 9A 3E 00 DC D2 00  00 9E 42 00 E0 D6 00 00
A2 46 00 E4 DA 00 00 A6  4A 00 E8 DE 00 00 AA 4E
00 EC E2 00 00 AE 52 00  F0 E6 00 00 B2 56 00 F4
EA 00 00 B6 5A 00 F8 EE  00 00 BA 5E 00 FC F2 00
00 BE 05 00 FB F6 00 00  C2 66 00 00 FA 00 00 C6
6A 00 00 FE 00 00 CA 6E  00 00 3A 00 00 CE 72 00
00 3E 00 00 D2 76 00 00  42 00 00 D6 7A 00 00 46
00 00 DA 7E 00 00 4A 00  00 DE 82 00 00 4E 00 00
E2 86 00 00 52 00 00 E6  8A 00 00 56 00 00 EA 8E
src regs sR: { C3 28 01 B4 }
dst regs dR: { FD B2 }
IS: 3 IP: 5

[balance] Running test 4/5...

 === machine state === 
mem M:
01 02 04 08 10 20 40 80  00 00 00 00 00 00 00 00
00 00 00 00 00 00 00 00  00 00 00 00 00 00 00 00
00 00 00 00 00 00 00 00  00 00 00 00 00 00 00 00
00 00 00 00 00 00 00 00  00 00 00 00 00 00 00 00
00 00 00 00 00 00 00 00  00 00 00 00 00 00 00 00
00 00 00 00 00 00 00 00  00 00 00 00 00 00 00 00
00 00 00 00 00 00 00 00  00 00 00 00 00 00 00 00
00 00 00 00 00 00 00 00  00 00 00 00 00 00 00 00
00 00 00 00 00 00 00 00  00 00 00 00 00 00 00 00
00 00 00 00 00 00 00 00  00 00 00 00 00 00 00 00
00 00 00 00 00 00 00 00  00 00 00 00 00 00 00 00
00 00 00 00 00 00 00 00  00 00 00 00 00 00 00 00
00 00 00 00 00 00 00 00  00 00 00 00 00 00 00 00
00 00 00 00 00 00 00 00  00 00 00 00 00 00 00 00
00 00 00 00 00 00 00 00  00 00 00 00 00 00 00 00
00 00 00 00 00 00 00 00  00 00 00 00 00 00 00 00
src regs sR: { 90 00 01 02 }
dst regs dR: { 03 04 }
IS: 1 IP: 0
 === machine state === 
mem M:
DA 02 08 FE 4A 9C 92 DE  00 0C 02 4E A0 96 E2 00
10 06 52 A4 9A E6 00 14  0A 56 A8 9E EA 00 18 0E
5A AC A2 EE 00 1C 12 5E  B0 A6 F2 00 20 16 62 B4
AA F6 00 24 1A 66 B8 AE  FA 00 28 1E 6A BC B2 FE
00 2C 22 6E C0 B6 E0 00  30 26 72 C4 BA 00 00 34
2A 76 C8 BE 00 00 38 2E  7A CC C2 00 00 3C 32 7E
D0 C6 00 00 40 36 82 D4  CA 00 00 44 3A 86 D8 CE
00 00 48 3E 8A DC D2 00  00 4C 42 8E E0 D6 00 00
50 46 92 E4 DA 00 03 54  4A 96 E8 DE 00 06 58 4E
9A EC E2 00 0A 5C 52 9E  F0 E6 00 0E 60 56 A2 F4
EA 00 12 64 5A A6 F8 EE  00 16 68 5E AA FC F2 00
1A 6C C0 AE 20 F6 00 1E  70 66 B2 00 FA 00 22 74
6A B6 00 FE 00 26 78 6E  BA 00 00 00 2A 7C 72 BE
00 00 00 2E 80 76 C2 00  00 00 32 84 7A C6 00 00
00 36 88 7E CA 00 00 00  3A 8C 82 CE 00 00 00 3E
90 86 D2 00 00 00 42 94  8A D6 00 04 00 46 98 8E
src regs sR: { C3 46 01 B4 }
dst regs dR: { FD B2 }
IS: 3 IP: 5

[balance] Running test 5/5...

 === machine state === 
mem M:
01 02 04 08 10 20 40 80  00 00 00 00 00 00 00 00
00 00 00 00 00 00 00 00  00 00 00 00 00 00 00 00
00 00 00 00 00 00 00 00  00 00 00 00 00 00 00 00
00 00 00 00 00 00 00 00  00 00 00 00 00 00 00 00
00 00 00 00 00 00 00 00  00 00 00 00 00 00 00 00
00 00 00 00 00 00 00 00  00 00 00 00 00 00 00 00
00 00 00 00 00 00 00 00  00 00 00 00 00 00 00 00
00 00 00 00 00 00 00 00  00 00 00 00 00 00 00 00
00 00 00 00 00 00 00 00  00 00 00 00 00 00 00 00
00 00 00 00 00 00 00 00  00 00 00 00 00 00 00 00
00 00 00 00 00 00 00 00  00 00 00 00 00 00 00 00
00 00 00 00 00 00 00 00  00 00 00 00 00 00 00 00
00 00 00 00 00 00 00 00  00 00 00 00 00 00 00 00
00 00 00 00 00 00 00 00  00 00 00 00 00 00 00 00
00 00 00 00 00 00 00 00  00 00 00 00 00 00 00 00
00 00 00 00 00 00 00 00  00 00 00 00 00 00 00 00
src regs sR: { B6 00 01 02 }
dst regs dR: { 03 04 }
IS: 1 IP: 0
 === machine state === 
mem M:
32 02 08 C6 00 9C 92 36  00 0C CA 00 A0 96 3A 00    2......6 ......:. 
10 CE 00 A4 9A 3E 00 14  D2 00 A8 9E 42 00 18 D6    .....>. ....B.. 
00 AC A2 46 00 1C DA 00  B0 A6 4A 00 20 DE 00 B4    ...F... ..J. ... 
AA 4E 00 24 E2 00 B8 AE  52 00 28 E6 00 BC B2 56    .N.$.... R.(....V 
00 2C EA 00 C0 B6 5A 00  30 EE 00 C4 BA 5E 00 34    .,....Z. 0....^.4 
F2 00 C8 BE 62 00 38 F6  00 CC C2 66 00 3C FA 00    ....b.8. ...f.<.. 
D0 C6 6A 00 40 FE 00 D4  CA 6E 00 44 38 00 D8 CE    ..j.@... .n.D8... 
72 00 48 3E 00 DC D2 76  00 4C 42 00 E0 D6 7A 00    r.H>...v .LB...z. 
50 46 00 E4 DA 7E 00 54  4A 00 E8 DE 82 00 58 4E    PF...~.T J.....XN 
00 EC E2 86 00 5C 52 00  F0 E6 8A 00 60 56 00 F4    .....\R. ....`V.. 
EA 8E 00 64 5A 00 F8 EE  92 00 68 5E 03 FC F2 96    ...dZ... ..h^.... 
00 6C 30 06 C8 F6 9A 00  70 66 0A 00 FA 9E 00 74    .l0..... pf.....t 
6A 0E 00 FE A2 00 78 6E  12 00 00 A6 00 7C 72 16    j.....xn .....|r 
00 00 AA 00 80 76 1A 00  00 AE 00 84 7A 1E 00 00    .....v. ....z.. 
B2 00 88 7E 22 00 00 B6  00 8C 82 26 00 00 BA 00    ...~"... ...&.... 
90 86 2A 00 00 BE 00 94  8A 2E 00 04 C2 00 98 8E    ..*..... ........ 
src regs sR: { C3 6C 01 B4 }
dst regs dR: { FD B2 }
IS: 3 IP: 5
Your code solved puzzle copyreg!
BLNCE.CRE=187@999999|b6a7e82ce7cb07c20a093c16a740925
% 
[balance] Running test 1/5...

 === machine state === 
mem M:
01 02 04 08 10 20 40 80  00 00 00 00 00 00 00 00
00 00 00 00 00 00 00 00  00 00 00 00 00 00 00 00
00 00 00 00 00 00 00 00  00 00 00 00 00 00 00 00
00 00 00 00 00 00 00 00  00 00 00 00 00 00 00 00
00 00 00 00 00 00 00 00  00 00 00 00 00 00 00 00
00 00 00 00 00 00 00 00  00 00 00 00 00 00 00 00
00 00 00 00 00 00 00 00  00 00 00 00 00 00 00 00
00 00 00 00 00 00 00 00  00 00 00 00 00 00 00 00
00 00 00 00 00 00 00 00  00 00 00 00 00 00 00 00
00 00 00 00 00 00 00 00  00 00 00 00 00 00 00 00
00 00 00 00 00 00 00 00  00 00 00 00 00 00 00 00
00 00 00 00 00 00 00 00  00 00 00 00 00 00 00 00
00 00 00 00 00 00 00 00  00 00 00 00 00 00 00 00
00 00 00 00 00 00 00 00  00 00 00 00 00 00 00 00
00 00 00 00 00 00 00 00  00 00 00 00 00 00 00 00
00 00 00 00 00 00 00 00  00 00 00 00 00 00 00 00
src regs sR: { D6 00 01 02 }
dst regs dR: { 03 04 }
IS: 1 IP: 0
 === machine state === 
mem M:
B2 02 08 FE 22 9C 92 B6  00 0C 02 26 A0 96 BA 00
10 06 2A A4 9A BE 00 14  0A 2E A8 9E C2 00 18 0E
32 AC A2 C6 00 1C 12 36  B0 A6 CA 00 20 16 3A B4
AA CE 00 24 1A 3E B8 AE  D2 00 28 1E 42 BC B2 D6
00 2C 22 46 C0 B6 DA 00  30 26 4A C4 BA DE 00 34
2A 4E C8 BE E2 00 38 2E  52 CC C2 E6 00 3C 32 56
D0 C6 EA 00 40 36 5A D4  CA EE 00 44 3A 5E D8 CE
F2 00 48 3E 62 DC D2 F6  00 4C 42 66 E0 D6 FA 00
50 46 6A E4 DA FE 00 54  4A 6E E8 DE B8 00 58 4E
72 EC E2 00 00 5C 52 76  F0 E6 00 00 60 56 7A F4
EA 00 00 64 5A 7E F8 EE  00 00 68 5E 82 FC F2 00
00 6C B0 86 48 F6 00 00  70 66 8A 00 FA 00 00 74
6A 8E 00 FE 00 00 78 6E  92 00 00 00 03 7C 72 96
00 00 00 06 80 76 9A 00  00 00 0A 84 7A 9E 00 00
00 0E 88 7E A2 00 00 00  12 8C 82 A6 00 00 00 16
90 86 AA 00 00 00 1A 94  8A AE 00 04 00 1E 98 8E
src regs sR: { C3 8C 01 B4 }
dst regs dR: { FD B2 }
IS: 3 IP: 5

[balance] Running test 2/5...

 === machine state === 
mem M:
01 02 04 08 10 20 40 80  00 00 00 00 00 00 00 00
00 00 00 00 00 00 00 00  00 00 00 00 00 00 00 00
00 00 00 00 00 00 00 00  00 00 00 00 00 00 00 00
00 00 00 00 00 00 00 00  00 00 00 00 00 00 00 00
00 00 00 00 00 00 00 00  00 00 00 00 00 00 00 00
00 00 00 00 00 00 00 00  00 00 00 00 00 00 00 00
00 00 00 00 00 00 00 00  00 00 00 00 00 00 00 00
00 00 00 00 00 00 00 00  00 00 00 00 00 00 00 00
00 00 00 00 00 00 00 00  00 00 00 00 00 00 00 00
00 00 00 00 00 00 00 00  00 00 00 00 00 00 00 00
00 00 00 00 00 00 00 00  00 00 00 00 00 00 00 00
00 00 00 00 00 00 00 00  00 00 00 00 00 00 00 00
00 00 00 00 00 00 00 00  00 00 00 00 00 00 00 00
00 00 00 00 00 00 00 00  00 00 00 00 00 00 00 00
00 00 00 00 00 00 00 00  00 00 00 00 00 00 00 00
00 00 00 00 00 00 00 00  00 00 00 00 00 00 00 00
src regs sR: { 89 00 01 02 }
dst regs dR: { 03 04 }
IS: 1 IP: 0
Your code halted, but didn't solve puzzle copyreg.
Try again to balance the score
 === machine state === 
mem M:
DE 02 08 FE 4E 9C 92 E2  00 0C 02 52 A0 96 E6 00
10 06 56 A4 9A EA 00 14  0A 5A A8 9E EE 00 18 0E
5E AC A2 F2 00 1C 12 62  B0 A6 F6 00 20 16 66 B4
AA FA 00 24 1A 6A B8 AE  FE 00 28 1E 6E BC B2 E4
00 2C 22 72 C0 B6 00 00  30 26 76 C4 BA 00 00 34
2A 7A C8 BE 00 00 38 2E  7E CC C2 00 00 3C 32 82
D0 C6 00 00 40 36 86 D4  CA 00 00 44 3A 8A D8 CE
00 00 48 3E 8E DC D2 00  00 4C 42 92 E0 D6 00 03
50 46 96 E4 DA 00 06 54  4A 9A E8 DE 00 0A 58 4E
9E EC E2 00 0E 5C 52 A2  F0 E6 00 12 60 56 A6 F4
EA 00 16 64 5A AA F8 EE  00 1A 68 5E AE FC F2 00
1E 6C E0 B2 1C F6 00 22  70 66 B6 00 FA 00 26 74
6A BA 00 FE 00 2A 78 6E  BE 00 00 00 2E 7C 72 C2
00 00 00 32 80 76 C6 00  00 00 36 84 7A CA 00 00
00 3A 88 7E CE 00 00 00  3E 8C 82 D2 00 00 00 42
90 86 D6 00 00 00 46 94  8A DA 00 04 00 4A 98 8E
src regs sR: { C3 3F 01 B4 }
dst regs dR: { FD B2 }
IS: 3 IP: 5
% 
[balance] Running test 1/5...

 === machine state === 
mem M:
01 02 04 08 10 20 40 80  00 00 00 00 00 00 00 00
00 00 00 00 00 00 00 00  00 00 00 00 00 00 00 00
00 00 00 00 00 00 00 00  00 00 00 00 00 00 00 00
00 00 00 00 00 00 00 00  00 00 00 00 00 00 00 00
00 00 00 00 00 00 00 00  00 00 00 00 00 00 00 00
00 00 00 00 00 00 00 00  00 00 00 00 00 00 00 00
00 00 00 00 00 00 00 00  00 00 00 00 00 00 00 00
00 00 00 00 00 00 00 00  00 00 00 00 00 00 00 00
00 00 00 00 00 00 00 00  00 00 00 00 00 00 00 00
00 00 00 00 00 00 00 00  00 00 00 00 00 00 00 00
00 00 00 00 00 00 00 00  00 00 00 00 00 00 00 00
00 00 00 00 00 00 00 00  00 00 00 00 00 00 00 00
00 00 00 00 00 00 00 00  00 00 00 00 00 00 00 00
00 00 00 00 00 00 00 00  00 00 00 00 00 00 00 00
00 00 00 00 00 00 00 00  00 00 00 00 00 00 00 00
00 00 00 00 00 00 00 00  00 00 00 00 00 00 00 00
src regs sR: { A6 00 01 02 }
dst regs dR: { 03 04 }
IS: 1 IP: 0
.. === machine state === 
mem M:
28 F1 D3 5A F4 22 2B E0  D3 4E 3C AC 98 0D 98 0E
A0 1E 64 0E EF 50 97 76  00 1C 84 D1 08 79 EC BB
D4 FA B3 C0 5B 62 73 E2  70 95 78 3D D8 2B C4 E6
77 30 1F 4E E3 A6 5C 59  E8 01 C4 9B 88 D2 3B A0
E3 3A 53 6A 48 1D 58 C5  B0 0B 4C BE FF 66 A7 26
C3 2E 34 E1 48 89 9C 7B  10 AA C3 2A 6B 12 33 F2
20 A5 0C 4D 88 EB D4 96  87 EE 2F FE A3 B6 0C 69
D0 11 74 5B 98 82 4B B2  F3 EA 3C 7A F8 2D 94 D5
60 F4 5C 6E 0F 76 B7 D6  AC 3E E4 FF 58 99 4C 64
20 5A 73 3A 7B C2 1C 02  D0 99 1C 5D 38 D4 E4 46
BF FE 3F AE 8C C6 BC E5  E0 21 24 44 A8 32 0B C2
03 9A FC 8A A8 31 A4 E5  10 75 6C 1E 57 86 C7 86
57 4E B8 7D 68 A9 FC 39  30 70 A3 4A 8B 72 1B 12
28 C9 2C 72 E8 FD F4 E0  EF 0E A4 5E DF D6 98 15
F0 5C D4 C1 B8 50 3B D2  14 4A A3 9A 08 61 B4 CC
C0 85 7C C0 87 96 84 36  67 70 78 AD 78 3C AC 49
src regs sR: { F2 8B 01 D3 }
dst regs dR: { CF 0F }
IS: 3 IP: 5

[balance] Running test 2/5...

 === machine state === 
mem M:
01 02 04 08 10 20 40 80  00 00 00 00 00 00 00 00
00 00 00 00 00 00 00 00  00 00 00 00 00 00 00 00
00 00 00 00 00 00 00 00  00 00 00 00 00 00 00 00
00 00 00 00 00 00 00 00  00 00 00 00 00 00 00 00
00 00 00 00 00 00 00 00  00 00 00 00 00 00 00 00
00 00 00 00 00 00 00 00  00 00 00 00 00 00 00 00
00 00 00 00 00 00 00 00  00 00 00 00 00 00 00 00
00 00 00 00 00 00 00 00  00 00 00 00 00 00 00 00
00 00 00 00 00 00 00 00  00 00 00 00 00 00 00 00
00 00 00 00 00 00 00 00  00 00 00 00 00 00 00 00
00 00 00 00 00 00 00 00  00 00 00 00 00 00 00 00
00 00 00 00 00 00 00 00  00 00 00 00 00 00 00 00
00 00 00 00 00 00 00 00  00 00 00 00 00 00 00 00
00 00 00 00 00 00 00 00  00 00 00 00 00 00 00 00
00 00 00 00 00 00 00 00  00 00 00 00 00 00 00 00
00 00 00 00 00 00 00 00  00 00 00 00 00 00 00 00
src regs sR: { AA 00 01 02 }
dst regs dR: { 03 04 }
IS: 1 IP: 0
 === machine state === 
mem M:
01 02 3A FE 00 CE 92 05  00 3E 02 00 D2 96 00 00
42 06 00 D6 9A 00 00 46  0A 00 DA 9E 00 00 4A 0E
00 DE A2 00 00 4E 12 00  E2 A6 00 00 52 16 00 E6
AA 00 00 56 1A 00 EA AE  00 00 5A 1E 00 EE B2 00
00 5E 22 00 F2 B6 00 00  62 26 00 F6 BA 00 00 66
2A 00 FA BE 00 00 6A 2E  00 FE C2 00 00 6E 32 00
07 C6 00 00 72 36 00 D4  CA 00 00 76 3A 00 D8 CE
00 00 7A 3E 00 DC D2 00  00 7E 42 00 E0 D6 00 00
82 46 00 E4 DA 00 00 86  4A 00 E8 DE 00 00 8A 4E
00 EC E2 00 00 8E 52 00  F0 E6 00 00 92 56 00 F4
EA 00 00 96 5A 00 F8 EE  00 00 9A 5E 00 FC F2 00
00 9E 05 00 FB F6 00 00  A2 66 00 00 FA 00 00 A6
6A 00 00 FE 00 00 AA 6E  00 00 1A 00 00 AE 72 00
00 1E 00 00 B2 76 00 00  22 00 00 B6 7A 00 00 26
00 00 BA 7E 00 00 2A 00  00 BE 82 00 00 2E 00 00
C2 86 00 00 32 00 00 C6  8A 00 00 36 00 00 CA 8E
src regs sR: { C3 60 01 B4 }
dst regs dR: { FD B2 }
IS: 3 IP: 5

[balance] Running test 3/5...

 === machine state === 
mem M:
01 02 04 08 10 20 40 80  00 00 00 00 00 00 00 00
00 00 00 00 00 00 00 00  00 00 00 00 00 00 00 00
00 00 00 00 00 00 00 00  00 00 00 00 00 00 00 00
00 00 00 00 00 00 00 00  00 00 00 00 00 00 00 00
00 00 00 00 00 00 00 00  00 00 00 00 00 00 00 00
00 00 00 00 00 00 00 00  00 00 00 00 00 00 00 00
00 00 00 00 00 00 00 00  00 00 00 00 00 00 00 00
00 00 00 00 00 00 00 00  00 00 00 00 00 00 00 00
00 00 00 00 00 00 00 00  00 00 00 00 00 00 00 00
00 00 00 00 00 00 00 00  00 00 00 00 00 00 00 00
00 00 00 00 00 00 00 00  00 00 00 00 00 00 00 00
00 00 00 00 00 00 00 00  00 00 00 00 00 00 00 00
00 00 00 00 00 00 00 00  00 00 00 00 00 00 00 00
00 00 00 00 00 00 00 00  00 00 00 00 00 00 00 00
00 00 00 00 00 00 00 00  00 00 00 00 00 00 00 00
00 00 00 00 00 00 00 00  00 00 00 00 00 00 00 00
src regs sR: { 6F 00 01 02 }
dst regs dR: { 03 04 }
IS: 1 IP: 0
Your code halted, but didn't solve puzzle copyreg.
Try again to balance the score
 === machine state === 
mem M:
01 02 EE FE 00 9C 92 05  00 F2 02 00 A0 96 00 00
F6 06 00 A4 9A 00 00 FA  0A 00 A8 9E 00 00 FE 0E
00 AC A2 00 00 07 12 00  B0 A6 00 00 20 16 00 B4
AA 00 00 24 1A 00 B8 AE  00 00 28 1E 00 BC B2 00
00 2C 22 00 C0 B6 00 00  30 26 00 C4 BA 00 00 34
2A 00 C8 BE 00 00 38 2E  00 CC C2 00 00 3C 32 00
D0 C6 00 00 40 36 00 D4  CA 00 00 44 3A 00 D8 CE
00 00 48 3E 00 DC D2 00  00 4C 42 00 E0 D6 00 00
50 46 00 E4 DA 00 00 54  4A 00 E8 DE 00 00 58 4E
00 EC E2 00 00 5C 52 00  F0 E6 00 00 60 56 00 F4
EA 00 00 64 5A 00 F8 EE  00 00 68 5E 00 FC F2 00
00 6C 05 00 FB F6 00 00  70 66 00 00 FA 00 00 74
6A 00 00 FE 00 00 78 6E  00 00 CE 00 00 7C 72 00
00 D2 00 00 80 76 00 00  D6 00 00 84 7A 00 00 DA
00 00 88 7E 00 00 DE 00  00 8C 82 00 00 E2 00 00
90 86 00 00 E6 00 00 94  8A 00 00 EA 00 00 98 8E
src regs sR: { C3 25 01 B4 }
dst regs dR: { FD B2 }
IS: 3 IP: 5
% 
[balance] Running test 1/5...

 === machine state === 
mem M:
01 02 04 08 10 20 40 80  00 00 00 00 00 00 00 00
00 00 00 00 00 00 00 00  00 00 00 00 00 00 00 00
00 00 00 00 00 00 00 00  00 00 00 00 00 00 00 00
00 00 00 00 00 00 00 00  00 00 00 00 00 00 00 00
00 00 00 00 00 00 00 00  00 00 00 00 00 00 00 00
00 00 00 00 00 00 00 00  00 00 00 00 00 00 00 00
00 00 00 00 00 00 00 00  00 00 00 00 00 00 00 00
00 00 00 00 00 00 00 00  00 00 00 00 00 00 00 00
00 00 00 00 00 00 00 00  00 00 00 00 00 00 00 00
00 00 00 00 00 00 00 00  00 00 00 00 00 00 00 00
00 00 00 00 00 00 00 00  00 00 00 00 00 00 00 00
00 00 00 00 00 00 00 00  00 00 00 00 00 00 00 00
00 00 00 00 00 00 00 00  00 00 00 00 00 00 00 00
00 00 00 00 00 00 00 00  00 00 00 00 00 00 00 00
00 00 00 00 00 00 00 00  00 00 00 00 00 00 00 00
00 00 00 00 00 00 00 00  00 00 00 00 00 00 00 00
src regs sR: { 10 00 01 02 }
dst regs dR: { 03 04 }
IS: 1 IP: 0
Your code halted, but didn't solve puzzle copyreg.
Try again to balance the score
 === machine state === 
mem M:
01 02 92 FE 00 9C 92 05  00 96 02 00 A0 96 00 00
9A 06 00 A4 9A 00 00 9E  0A 00 A8 9E 00 00 A2 0E
00 AC A2 00 00 A6 12 00  B0 A6 00 00 AA 16 00 B4
AA 00 00 AE 1A 00 B8 AE  00 00 B2 1E 00 BC B2 00
00 B6 22 00 C0 B6 00 00  BA 26 00 C4 BA 00 00 BE
2A 00 C8 BE 00 00 C2 2E  00 CC C2 00 00 C6 32 00
D0 C6 00 00 CA 36 00 D4  CA 00 00 CE 3A 00 D8 CE
00 00 D2 3E 00 DC D2 00  00 D6 42 00 E0 D6 00 00
DA 46 00 E4 DA 00 00 DE  4A 00 E8 DE 00 00 E2 4E
00 EC E2 00 00 E6 52 00  F0 E6 00 00 EA 56 00 F4
EA 00 00 EE 5A 00 F8 EE  00 00 F2 5E 00 FC F2 00
00 F6 05 00 FB F6 00 00  FA 66 00 00 FA 00 00 FE
6A 00 00 FE 00 00 07 6E  00 00 72 00 00 7C 72 00
00 76 00 00 80 76 00 00  7A 00 00 84 7A 00 00 7E
00 00 88 7E 00 00 82 00  00 8C 82 00 00 86 00 00
90 86 00 00 8A 00 00 94  8A 00 00 8E 00 00 98 8E
src regs sR: { C3 C6 01 B4 }
dst regs dR: { FD B2 }
IS: 3 IP: 5
% 
[balance] Running test 1/5...

 === machine state === 
mem M:
01 02 04 08 10 20 40 80  00 00 00 00 00 00 00 00
00 00 00 00 00 00 00 00  00 00 00 00 00 00 00 00
00 00 00 00 00 00 00 00  00 00 00 00 00 00 00 00
00 00 00 00 00 00 00 00  00 00 00 00 00 00 00 00
00 00 00 00 00 00 00 00  00 00 00 00 00 00 00 00
00 00 00 00 00 00 00 00  00 00 00 00 00 00 00 00
00 00 00 00 00 00 00 00  00 00 00 00 00 00 00 00
00 00 00 00 00 00 00 00  00 00 00 00 00 00 00 00
00 00 00 00 00 00 00 00  00 00 00 00 00 00 00 00
00 00 00 00 00 00 00 00  00 00 00 00 00 00 00 00
00 00 00 00 00 00 00 00  00 00 00 00 00 00 00 00
00 00 00 00 00 00 00 00  00 00 00 00 00 00 00 00
00 00 00 00 00 00 00 00  00 00 00 00 00 00 00 00
00 00 00 00 00 00 00 00  00 00 00 00 00 00 00 00
00 00 00 00 00 00 00 00  00 00 00 00 00 00 00 00
00 00 00 00 00 00 00 00  00 00 00 00 00 00 00 00
src regs sR: { 25 00 01 02 }
dst regs dR: { 03 04 }
IS: 1 IP: 0
Your code halted, but didn't solve puzzle copyreg.
Try again to balance the score
 === machine state === 
mem M:
01 02 86 FE 00 9C 92 05  00 8A 02 00 A0 96 00 00
8E 06 00 A4 9A 00 00 92  0A 00 A8 9E 00 00 96 0E
00 AC A2 00 00 9A 12 00  B0 A6 00 00 9E 16 00 B4
AA 00 00 A2 1A 00 B8 AE  00 00 A6 1E 00 BC B2 00
00 AA 22 00 C0 B6 00 00  AE 26 00 C4 BA 00 00 B2
2A 00 C8 BE 00 00 B6 2E  00 CC C2 00 00 BA 32 00
D0 C6 00 00 BE 36 00 D4  CA 00 00 C2 3A 00 D8 CE
00 00 C6 3E 00 DC D2 00  00 CA 42 00 E0 D6 00 00
CE 46 00 E4 DA 00 00 D2  4A 00 E8 DE 00 00 D6 4E
00 EC E2 00 00 DA 52 00  F0 E6 00 00 DE 56 00 F4
EA 00 00 E2 5A 00 F8 EE  00 00 E6 5E 00 FC F2 00
00 EA 05 00 FB F6 00 00  EE 66 00 00 FA 00 00 F2
6A 00 00 FE 00 00 F6 6E  00 00 66 00 00 FA 72 00
00 6A 00 00 FE 76 00 00  6E 00 00 07 7A 00 00 72
00 00 88 7E 00 00 76 00  00 8C 82 00 00 7A 00 00
90 86 00 00 7E 00 00 94  8A 00 00 82 00 00 98 8E
src regs sR: { C3 DB 01 B4 }
dst regs dR: { FD B2 }
IS: 3 IP: 5
% 
[balance] Running test 1/5...

 === machine state === 
mem M:
01 02 04 08 10 20 40 80  00 00 00 00 00 00 00 00
00 00 00 00 00 00 00 00  00 00 00 00 00 00 00 00
00 00 00 00 00 00 00 00  00 00 00 00 00 00 00 00
00 00 00 00 00 00 00 00  00 00 00 00 00 00 00 00
00 00 00 00 00 00 00 00  00 00 00 00 00 00 00 00
00 00 00 00 00 00 00 00  00 00 00 00 00 00 00 00
00 00 00 00 00 00 00 00  00 00 00 00 00 00 00 00
00 00 00 00 00 00 00 00  00 00 00 00 00 00 00 00
00 00 00 00 00 00 00 00  00 00 00 00 00 00 00 00
00 00 00 00 00 00 00 00  00 00 00 00 00 00 00 00
00 00 00 00 00 00 00 00  00 00 00 00 00 00 00 00
00 00 00 00 00 00 00 00  00 00 00 00 00 00 00 00
00 00 00 00 00 00 00 00  00 00 00 00 00 00 00 00
00 00 00 00 00 00 00 00  00 00 00 00 00 00 00 00
00 00 00 00 00 00 00 00  00 00 00 00 00 00 00 00
00 00 00 00 00 00 00 00  00 00 00 00 00 00 00 00
src regs sR: { A2 00 01 02 }
dst regs dR: { 03 04 }
IS: 1 IP: 0
. === machine state === 
mem M:
A4 BB 8B B2 C9 22 33 1A  31 2E 28 3F 98 19 90 A7
60 9E B5 0E FF 06 1D 76  14 2B 84 E5 7C 10 EC 8A
A1 FA CB F2 09 62 00 17  70 B1 68 7F D8 16 8D E6
97 DE F5 4E 1A 03 5C 7D  54 6B C4 1E 79 D2 63 CA
E1 3A 22 EF 48 49 40 57  B0 26 65 BE 2F B6 CD 26
2A DB 34 15 2C 43 9C 2E  51 AA FB A2 B9 12 32 C7
20 E1 18 2F 88 36 3D 96  C7 8E A5 FE 6F B3 0C AD
04 1B 74 55 29 82 93 7A  91 EA 3B 9F F8 79 F0 07
60 21 15 6E 5F 66 7D D6  07 45 E4 45 DC F3 4C ED
D5 5A 2B 52 69 C2 D3 8F  0F 11 C8 DF 38 B9 32 36
F7 3E 55 AE 9F A6 1C DD  B4 CB 24 85 1C 02 C3 2A
41 9A 6B 92 E8 A9 A0 B7  10 51 08 CE 8F 16 2D 86
37 7E B4 75 8C A3 FC 1D  F4 9A 5B 02 19 72 03 6A
80 41 78 8F E8 E9 E0 66  27 EE 05 5E CF 56 4C 0D
64 7B D4 B5 CC 32 F3 DA  F1 4A 9B 42 18 D9 50 67
C0 81 B8 15 BF C6 DD 36  67 2E 47 A5 3C 53 AC 4D
src regs sR: { 82 90 01 98 }
dst regs dR: { FD 1D }
IS: 3 IP: 5

[balance] Running test 2/5...

 === machine state === 
mem M:
01 02 04 08 10 20 40 80  00 00 00 00 00 00 00 00
00 00 00 00 00 00 00 00  00 00 00 00 00 00 00 00
00 00 00 00 00 00 00 00  00 00 00 00 00 00 00 00
00 00 00 00 00 00 00 00  00 00 00 00 00 00 00 00
00 00 00 00 00 00 00 00  00 00 00 00 00 00 00 00
00 00 00 00 00 00 00 00  00 00 00 00 00 00 00 00
00 00 00 00 00 00 00 00  00 00 00 00 00 00 00 00
00 00 00 00 00 00 00 00  00 00 00 00 00 00 00 00
00 00 00 00 00 00 00 00  00 00 00 00 00 00 00 00
00 00 00 00 00 00 00 00  00 00 00 00 00 00 00 00
00 00 00 00 00 00 00 00  00 00 00 00 00 00 00 00
00 00 00 00 00 00 00 00  00 00 00 00 00 00 00 00
00 00 00 00 00 00 00 00  00 00 00 00 00 00 00 00
00 00 00 00 00 00 00 00  00 00 00 00 00 00 00 00
00 00 00 00 00 00 00 00  00 00 00 00 00 00 00 00
00 00 00 00 00 00 00 00  00 00 00 00 00 00 00 00
src regs sR: { 26 00 01 02 }
dst regs dR: { 03 04 }
IS: 1 IP: 0
 === machine state === 
mem M:
01 02 08 86 00 9C 92 05  00 0C 8A 00 A0 96 00 00
10 8E 00 A4 9A 00 00 14  92 00 A8 9E 03 00 18 96
00 AC A2 06 00 1C 9A 00  B0 A6 0A 00 20 9E 00 B4
AA 0E 00 24 A2 00 B8 AE  12 00 28 A6 00 BC B2 16
00 2C AA 00 C0 B6 1A 00  30 AE 00 C4 BA 1E 00 34
B2 00 C8 BE 22 00 38 B6  00 CC C2 26 00 3C BA 00
D0 C6 2A 00 40 BE 00 D4  CA 2E 00 44 C2 00 D8 CE
32 00 48 C6 00 DC D2 36  00 4C CA 00 E0 D6 3A 00
50 CE 00 E4 DA 3E 00 54  D2 00 E8 DE 42 00 58 D6
00 EC E2 46 00 5C DA 00  F0 E6 4A 00 60 DE 00 F4
EA 4E 00 64 E2 00 F8 EE  52 00 68 E6 00 FC F2 56
00 6C 05 00 FB F6 5A 00  70 EE 00 00 FA 5E 00 74
F2 00 00 FE 62 00 78 F6  00 00 00 66 00 7C FA 00
00 00 6A 00 80 FE 00 00  00 6E 00 84 07 00 00 00
72 00 88 7E 00 00 00 76  00 8C 82 00 00 00 7A 00
90 86 00 00 00 7E 00 94  8A 00 00 04 82 00 98 8E
src regs sR: { C3 DC 01 B4 }
dst regs dR: { FD B2 }
IS: 3 IP: 5

[balance] Running test 3/5...

 === machine state === 
mem M:
01 02 04 08 10 20 40 80  00 00 00 00 00 00 00 00
00 00 00 00 00 00 00 00  00 00 00 00 00 00 00 00
00 00 00 00 00 00 00 00  00 00 00 00 00 00 00 00
00 00 00 00 00 00 00 00  00 00 00 00 00 00 00 00
00 00 00 00 00 00 00 00  00 00 00 00 00 00 00 00
00 00 00 00 00 00 00 00  00 00 00 00 00 00 00 00
00 00 00 00 00 00 00 00  00 00 00 00 00 00 00 00
00 00 00 00 00 00 00 00  00 00 00 00 00 00 00 00
00 00 00 00 00 00 00 00  00 00 00 00 00 00 00 00
00 00 00 00 00 00 00 00  00 00 00 00 00 00 00 00
00 00 00 00 00 00 00 00  00 00 00 00 00 00 00 00
00 00 00 00 00 00 00 00  00 00 00 00 00 00 00 00
00 00 00 00 00 00 00 00  00 00 00 00 00 00 00 00
00 00 00 00 00 00 00 00  00 00 00 00 00 00 00 00
00 00 00 00 00 00 00 00  00 00 00 00 00 00 00 00
00 00 00 00 00 00 00 00  00 00 00 00 00 00 00 00
src regs sR: { BC 00 01 02 }
dst regs dR: { 03 04 }
IS: 1 IP: 0
 === machine state === 
mem M:
01 02 C2 FE 00 9C 92 05  00 C6 02 00 A0 96 00 00
CA 06 00 A4 9A 00 00 CE  0A 00 A8 9E 00 00 D2 0E
00 AC A2 00 00 D6 12 00  B0 A6 00 00 DA 16 00 B4
AA 00 00 DE 1A 00 B8 AE  00 00 E2 1E 00 BC B2 00
00 E6 22 00 C0 B6 00 00  EA 26 00 C4 BA 00 00 EE
2A 00 C8 BE 00 00 F2 2E  00 CC C2 00 00 F6 32 00
D0 C6 00 00 FA 36 00 D4  CA 00 00 FE 3A 00 D8 CE
00 00 07 3E 00 DC D2 00  00 4C 42 00 E0 D6 00 00
50 46 00 E4 DA 00 00 54  4A 00 E8 DE 00 00 58 4E
00 EC E2 00 00 5C 52 00  F0 E6 00 00 60 56 00 F4
EA 00 00 64 5A 00 F8 EE  00 00 68 5E 00 FC F2 00
00 6C 05 00 FB F6 00 00  70 66 00 00 FA 00 00 74
6A 00 00 FE 00 00 78 6E  00 00 A2 00 00 7C 72 00
00 A6 00 00 80 76 00 00  AA 00 00 84 7A 00 00 AE
00 00 88 7E 00 00 B2 00  00 8C 82 00 00 B6 00 00
90 86 00 00 BA 00 00 94  8A 00 00 BE 00 00 98 8E
src regs sR: { C3 72 01 B4 }
dst regs dR: { FD B2 }
IS: 3 IP: 5

[balance] Running test 4/5...

 === machine state === 
mem M:
01 02 04 08 10 20 40 80  00 00 00 00 00 00 00 00
00 00 00 00 00 00 00 00  00 00 00 00 00 00 00 00
00 00 00 00 00 00 00 00  00 00 00 00 00 00 00 00
00 00 00 00 00 00 00 00  00 00 00 00 00 00 00 00
00 00 00 00 00 00 00 00  00 00 00 00 00 00 00 00
00 00 00 00 00 00 00 00  00 00 00 00 00 00 00 00
00 00 00 00 00 00 00 00  00 00 00 00 00 00 00 00
00 00 00 00 00 00 00 00  00 00 00 00 00 00 00 00
00 00 00 00 00 00 00 00  00 00 00 00 00 00 00 00
00 00 00 00 00 00 00 00  00 00 00 00 00 00 00 00
00 00 00 00 00 00 00 00  00 00 00 00 00 00 00 00
00 00 00 00 00 00 00 00  00 00 00 00 00 00 00 00
00 00 00 00 00 00 00 00  00 00 00 00 00 00 00 00
00 00 00 00 00 00 00 00  00 00 00 00 00 00 00 00
00 00 00 00 00 00 00 00  00 00 00 00 00 00 00 00
00 00 00 00 00 00 00 00  00 00 00 00 00 00 00 00
src regs sR: { 51 00 01 02 }
dst regs dR: { 03 04 }
IS: 1 IP: 0
Your code halted, but didn't solve puzzle copyreg.
Try again to balance the score
 === machine state === 
mem M:
FE 02 08 FE 6E 9C 92 04  00 0C 02 72 A0 96 00 00
10 06 76 A4 9A 00 00 14  0A 7A A8 9E 00 00 18 0E
7E AC A2 00 00 1C 12 82  B0 A6 00 00 20 16 86 B4
AA 00 00 24 1A 8A B8 AE  00 00 28 1E 8E BC B2 00
00 2C 22 92 C0 B6 00 03  30 26 96 C4 BA 00 06 34
2A 9A C8 BE 00 0A 38 2E  9E CC C2 00 0E 3C 32 A2
D0 C6 00 12 40 36 A6 D4  CA 00 16 44 3A AA D8 CE
00 1A 48 3E AE DC D2 00  1E 4C 42 B2 E0 D6 00 22
50 46 B6 E4 DA 00 26 54  4A BA E8 DE 00 2A 58 4E
BE EC E2 00 2E 5C 52 C2  F0 E6 00 32 60 56 C6 F4
EA 00 36 64 5A CA F8 EE  00 3A 68 5E CE FC F2 00
3E 6C 04 D2 FA F6 00 42  70 66 D6 00 FA 00 46 74
6A DA 00 FE 00 4A 78 6E  DE 00 00 00 4E 7C 72 E2
00 00 00 52 80 76 E6 00  00 00 56 84 7A EA 00 00
00 5A 88 7E EE 00 00 00  5E 8C 82 F2 00 00 00 62
90 86 F6 00 00 00 66 94  8A FA 00 04 00 6A 98 8E
src regs sR: { C3 07 01 B4 }
dst regs dR: { FD B2 }
IS: 3 IP: 5
% 
[balance] Running test 1/5...

 === machine state === 
mem M:
01 02 04 08 10 20 40 80  00 00 00 00 00 00 00 00
00 00 00 00 00 00 00 00  00 00 00 00 00 00 00 00
00 00 00 00 00 00 00 00  00 00 00 00 00 00 00 00
00 00 00 00 00 00 00 00  00 00 00 00 00 00 00 00
00 00 00 00 00 00 00 00  00 00 00 00 00 00 00 00
00 00 00 00 00 00 00 00  00 00 00 00 00 00 00 00
00 00 00 00 00 00 00 00  00 00 00 00 00 00 00 00
00 00 00 00 00 00 00 00  00 00 00 00 00 00 00 00
00 00 00 00 00 00 00 00  00 00 00 00 00 00 00 00
00 00 00 00 00 00 00 00  00 00 00 00 00 00 00 00
00 00 00 00 00 00 00 00  00 00 00 00 00 00 00 00
00 00 00 00 00 00 00 00  00 00 00 00 00 00 00 00
00 00 00 00 00 00 00 00  00 00 00 00 00 00 00 00
00 00 00 00 00 00 00 00  00 00 00 00 00 00 00 00
00 00 00 00 00 00 00 00  00 00 00 00 00 00 00 00
00 00 00 00 00 00 00 00  00 00 00 00 00 00 00 00
src regs sR: { 92 00 01 02 }
dst regs dR: { 03 04 }
IS: 1 IP: 0
 === machine state === 
mem M:
01 02 DA FE 00 9C 92 05  00 DE 02 00 A0 96 00 00
E2 06 00 A4 9A 00 00 E6  0A 00 A8 9E 00 00 EA 0E
00 AC A2 00 00 EE 12 00  B0 A6 00 00 F2 16 00 B4
AA 00 00 F6 1A 00 B8 AE  00 00 FA 1E 00 BC B2 00
00 FE 22 00 C0 B6 00 00  07 26 00 C4 BA 00 00 34
2A 00 C8 BE 00 00 38 2E  00 CC C2 00 00 3C 32 00
D0 C6 00 00 40 36 00 D4  CA 00 00 44 3A 00 D8 CE
00 00 48 3E 00 DC D2 00  00 4C 42 00 E0 D6 00 00
50 46 00 E4 DA 00 00 54  4A 00 E8 DE 00 00 58 4E
00 EC E2 00 00 5C 52 00  F0 E6 00 00 60 56 00 F4
EA 00 00 64 5A 00 F8 EE  00 00 68 5E 00 FC F2 00
00 6C 05 00 FB F6 00 00  70 66 00 00 FA 00 00 74
6A 00 00 FE 00 00 78 6E  00 00 BA 00 00 7C 72 00
00 BE 00 00 80 76 00 00  C2 00 00 84 7A 00 00 C6
00 00 88 7E 00 00 CA 00  00 8C 82 00 00 CE 00 00
90 86 00 00 D2 00 00 94  8A 00 00 D6 00 00 98 8E
src regs sR: { C3 48 01 B4 }
dst regs dR: { FD B2 }
IS: 3 IP: 5

[balance] Running test 2/5...

 === machine state === 
mem M:
01 02 04 08 10 20 40 80  00 00 00 00 00 00 00 00
00 00 00 00 00 00 00 00  00 00 00 00 00 00 00 00
00 00 00 00 00 00 00 00  00 00 00 00 00 00 00 00
00 00 00 00 00 00 00 00  00 00 00 00 00 00 00 00
00 00 00 00 00 00 00 00  00 00 00 00 00 00 00 00
00 00 00 00 00 00 00 00  00 00 00 00 00 00 00 00
00 00 00 00 00 00 00 00  00 00 00 00 00 00 00 00
00 00 00 00 00 00 00 00  00 00 00 00 00 00 00 00
00 00 00 00 00 00 00 00  00 00 00 00 00 00 00 00
00 00 00 00 00 00 00 00  00 00 00 00 00 00 00 00
00 00 00 00 00 00 00 00  00 00 00 00 00 00 00 00
00 00 00 00 00 00 00 00  00 00 00 00 00 00 00 00
00 00 00 00 00 00 00 00  00 00 00 00 00 00 00 00
00 00 00 00 00 00 00 00  00 00 00 00 00 00 00 00
00 00 00 00 00 00 00 00  00 00 00 00 00 00 00 00
00 00 00 00 00 00 00 00  00 00 00 00 00 00 00 00
src regs sR: { 3F 00 01 02 }
dst regs dR: { 03 04 }
IS: 1 IP: 0
Your code halted, but didn't solve puzzle copyreg.
Try again to balance the score
 === machine state === 
mem M:
76 02 08 FE 00 9C 92 7A  00 0C 02 00 A0 96 7E 00
10 06 00 A4 9A 82 00 14  0A 00 A8 9E 86 00 18 0E
00 AC A2 8A 00 1C 12 00  B0 A6 8E 00 20 16 00 B4
AA 92 00 24 1A 03 B8 AE  96 00 28 1E 06 BC B2 9A
00 2C 22 0A C0 B6 9E 00  30 26 0E C4 BA A2 00 34
2A 12 C8 BE A6 00 38 2E  16 CC C2 AA 00 3C 32 1A
D0 C6 AE 00 40 36 1E D4  CA B2 00 44 3A 22 D8 CE
B6 00 48 3E 26 DC D2 BA  00 4C 42 2A E0 D6 BE 00
50 46 2E E4 DA C2 00 54  4A 32 E8 DE C6 00 58 4E
36 EC E2 CA 00 5C 52 3A  F0 E6 CE 00 60 56 3E F4
EA D2 00 64 5A 42 F8 EE  D6 00 68 5E 46 FC F2 DA
00 6C 78 4A 84 F6 DE 00  70 66 4E 00 FA E2 00 74
6A 52 00 FE E6 00 78 6E  56 00 00 EA 00 7C 72 5A
00 00 EE 00 80 76 5E 00  00 F2 00 84 7A 62 00 00
F6 00 88 7E 66 00 00 FA  00 8C 82 6A 00 00 FE 00
90 86 6E 00 00 7C 00 94  8A 72 00 04 00 00 98 8E
src regs sR: { C3 F5 01 B4 }
dst regs dR: { FD B2 }
IS: 3 IP: 5
% 
[balance] Running test 1/5...

 === machine state === 
mem M:
01 02 04 08 10 20 40 80  00 00 00 00 00 00 00 00
00 00 00 00 00 00 00 00  00 00 00 00 00 00 00 00
00 00 00 00 00 00 00 00  00 00 00 00 00 00 00 00
00 00 00 00 00 00 00 00  00 00 00 00 00 00 00 00
00 00 00 00 00 00 00 00  00 00 00 00 00 00 00 00
00 00 00 00 00 00 00 00  00 00 00 00 00 00 00 00
00 00 00 00 00 00 00 00  00 00 00 00 00 00 00 00
00 00 00 00 00 00 00 00  00 00 00 00 00 00 00 00
00 00 00 00 00 00 00 00  00 00 00 00 00 00 00 00
00 00 00 00 00 00 00 00  00 00 00 00 00 00 00 00
00 00 00 00 00 00 00 00  00 00 00 00 00 00 00 00
00 00 00 00 00 00 00 00  00 00 00 00 00 00 00 00
00 00 00 00 00 00 00 00  00 00 00 00 00 00 00 00
00 00 00 00 00 00 00 00  00 00 00 00 00 00 00 00
00 00 00 00 00 00 00 00  00 00 00 00 00 00 00 00
00 00 00 00 00 00 00 00  00 00 00 00 00 00 00 00
src regs sR: { 58 00 01 02 }
dst regs dR: { 03 04 }
IS: 1 IP: 0
 === machine state === 
mem M:
FA 02 08 FE 6A 9C 92 FE  00 0C 02 6E A0 96 00 00
10 06 72 A4 9A 00 00 14  0A 76 A8 9E 00 00 18 0E
7A AC A2 00 00 1C 12 7E  B0 A6 00 00 20 16 82 B4
AA 00 00 24 1A 86 B8 AE  00 00 28 1E 8A BC B2 00
00 2C 22 8E C0 B6 00 00  30 26 92 C4 BA 00 03 34
2A 96 C8 BE 00 06 38 2E  9A CC C2 00 0A 3C 32 9E
D0 C6 00 0E 40 36 A2 D4  CA 00 12 44 3A A6 D8 CE
00 16 48 3E AA DC D2 00  1A 4C 42 AE E0 D6 00 1E
50 46 B2 E4 DA 00 22 54  4A B6 E8 DE 00 26 58 4E
BA EC E2 00 2A 5C 52 BE  F0 E6 00 2E 60 56 C2 F4
EA 00 32 64 5A C6 F8 EE  00 36 68 5E CA FC F2 00
3A 6C 00 CE 00 F6 00 3E  70 66 D2 00 FA 00 42 74
6A D6 00 FE 00 46 78 6E  DA 00 00 00 4A 7C 72 DE
00 00 00 4E 80 76 E2 00  00 00 52 84 7A E6 00 00
00 56 88 7E EA 00 00 00  5A 8C 82 EE 00 00 00 5E
90 86 F2 00 00 00 62 94  8A F6 00 04 00 66 98 8E
src regs sR: { C3 0E 01 B4 }
dst regs dR: { FD B2 }
IS: 3 IP: 5

[balance] Running test 2/5...

 === machine state === 
mem M:
01 02 04 08 10 20 40 80  00 00 00 00 00 00 00 00
00 00 00 00 00 00 00 00  00 00 00 00 00 00 00 00
00 00 00 00 00 00 00 00  00 00 00 00 00 00 00 00
00 00 00 00 00 00 00 00  00 00 00 00 00 00 00 00
00 00 00 00 00 00 00 00  00 00 00 00 00 00 00 00
00 00 00 00 00 00 00 00  00 00 00 00 00 00 00 00
00 00 00 00 00 00 00 00  00 00 00 00 00 00 00 00
00 00 00 00 00 00 00 00  00 00 00 00 00 00 00 00
00 00 00 00 00 00 00 00  00 00 00 00 00 00 00 00
00 00 00 00 00 00 00 00  00 00 00 00 00 00 00 00
00 00 00 00 00 00 00 00  00 00 00 00 00 00 00 00
00 00 00 00 00 00 00 00  00 00 00 00 00 00 00 00
00 00 00 00 00 00 00 00  00 00 00 00 00 00 00 00
00 00 00 00 00 00 00 00  00 00 00 00 00 00 00 00
00 00 00 00 00 00 00 00  00 00 00 00 00 00 00 00
00 00 00 00 00 00 00 00  00 00 00 00 00 00 00 00
src regs sR: { C4 00 01 02 }
dst regs dR: { 03 04 }
IS: 1 IP: 0
 === machine state === 
mem M:
2A 02 08 BE 00 9C 92 2E  00 0C C2 00 A0 96 32 00
10 C6 00 A4 9A 36 00 14  CA 00 A8 9E 3A 00 18 CE
00 AC A2 3E 00 1C D2 00  B0 A6 42 00 20 D6 00 B4
AA 46 00 24 DA 00 B8 AE  4A 00 28 DE 00 BC B2 4E
00 2C E2 00 C0 B6 52 00  30 E6 00 C4 BA 56 00 34
EA 00 C8 BE 5A 00 38 EE  00 CC C2 5E 00 3C F2 00
D0 C6 62 00 40 F6 00 D4  CA 66 00 44 FA 00 D8 CE
6A 00 48 FE 00 DC D2 6E  00 4C 30 00 E0 D6 72 00
50 46 00 E4 DA 76 00 54  4A 00 E8 DE 7A 00 58 4E
00 EC E2 7E 00 5C 52 00  F0 E6 82 00 60 56 00 F4
EA 86 00 64 5A 00 F8 EE  8A 00 68 5E 00 FC F2 8E
00 6C 20 00 D0 F6 92 00  70 66 03 00 FA 96 00 74
6A 06 00 FE 9A 00 78 6E  0A 00 00 9E 00 7C 72 0E
00 00 A2 00 80 76 12 00  00 A6 00 84 7A 16 00 00
AA 00 88 7E 1A 00 00 AE  00 8C 82 1E 00 00 B2 00
90 86 22 00 00 B6 00 94  8A 26 00 04 BA 00 98 8E
src regs sR: { C3 7A 01 B4 }
dst regs dR: { FD B2 }
IS: 3 IP: 5

[balance] Running test 3/5...

 === machine state === 
mem M:
01 02 04 08 10 20 40 80  00 00 00 00 00 00 00 00
00 00 00 00 00 00 00 00  00 00 00 00 00 00 00 00
00 00 00 00 00 00 00 00  00 00 00 00 00 00 00 00
00 00 00 00 00 00 00 00  00 00 00 00 00 00 00 00
00 00 00 00 00 00 00 00  00 00 00 00 00 00 00 00
00 00 00 00 00 00 00 00  00 00 00 00 00 00 00 00
00 00 00 00 00 00 00 00  00 00 00 00 00 00 00 00
00 00 00 00 00 00 00 00  00 00 00 00 00 00 00 00
00 00 00 00 00 00 00 00  00 00 00 00 00 00 00 00
00 00 00 00 00 00 00 00  00 00 00 00 00 00 00 00
00 00 00 00 00 00 00 00  00 00 00 00 00 00 00 00
00 00 00 00 00 00 00 00  00 00 00 00 00 00 00 00
00 00 00 00 00 00 00 00  00 00 00 00 00 00 00 00
00 00 00 00 00 00 00 00  00 00 00 00 00 00 00 00
00 00 00 00 00 00 00 00  00 00 00 00 00 00 00 00
00 00 00 00 00 00 00 00  00 00 00 00 00 00 00 00
src regs sR: { A3 00 01 02 }
dst regs dR: { 03 04 }
IS: 1 IP: 0
Your code halted, but didn't solve puzzle copyreg.
Try again to balance the score
 === machine state === 
mem M:
01 02 3E FE 00 D2 92 05  00 42 02 00 D6 96 00 00
46 06 00 DA 9A 00 00 4A  0A 00 DE 9E 00 00 4E 0E
00 E2 A2 00 00 52 12 00  E6 A6 00 00 56 16 00 EA
AA 00 00 5A 1A 00 EE AE  00 00 5E 1E 00 F2 B2 00
00 62 22 00 F6 B6 00 00  66 26 00 FA BA 00 00 6A
2A 00 FE BE 00 00 6E 2E  00 07 C2 00 00 72 32 00
D0 C6 00 00 76 36 00 D4  CA 00 00 7A 3A 00 D8 CE
00 00 7E 3E 00 DC D2 00  00 82 42 00 E0 D6 00 00
86 46 00 E4 DA 00 00 8A  4A 00 E8 DE 00 00 8E 4E
00 EC E2 00 00 92 52 00  F0 E6 00 00 96 56 00 F4
EA 00 00 9A 5A 00 F8 EE  00 00 9E 5E 00 FC F2 00
00 A2 05 00 FB F6 00 00  A6 66 00 00 FA 00 00 AA
6A 00 00 FE 00 00 AE 6E  00 00 1E 00 00 B2 72 00
00 22 00 00 B6 76 00 00  26 00 00 BA 7A 00 00 2A
00 00 BE 7E 00 00 2E 00  00 C2 82 00 00 32 00 00
C6 86 00 00 36 00 00 CA  8A 00 00 3A 00 00 CE 8E
src regs sR: { C3 59 01 B4 }
dst regs dR: { FD B2 }
IS: 3 IP: 5
% 
[balance] Running test 1/5...

 === machine state === 
mem M:
01 02 04 08 10 20 40 80  00 00 00 00 00 00 00 00
00 00 00 00 00 00 00 00  00 00 00 00 00 00 00 00
00 00 00 00 00 00 00 00  00 00 00 00 00 00 00 00
00 00 00 00 00 00 00 00  00 00 00 00 00 00 00 00
00 00 00 00 00 00 00 00  00 00 00 00 00 00 00 00
00 00 00 00 00 00 00 00  00 00 00 00 00 00 00 00
00 00 00 00 00 00 00 00  00 00 00 00 00 00 00 00
00 00 00 00 00 00 00 00  00 00 00 00 00 00 00 00
00 00 00 00 00 00 00 00  00 00 00 00 00 00 00 00
00 00 00 00 00 00 00 00  00 00 00 00 00 00 00 00
00 00 00 00 00 00 00 00  00 00 00 00 00 00 00 00
00 00 00 00 00 00 00 00  00 00 00 00 00 00 00 00
00 00 00 00 00 00 00 00  00 00 00 00 00 00 00 00
00 00 00 00 00 00 00 00  00 00 00 00 00 00 00 00
00 00 00 00 00 00 00 00  00 00 00 00 00 00 00 00
00 00 00 00 00 00 00 00  00 00 00 00 00 00 00 00
src regs sR: { E0 00 01 02 }
dst regs dR: { 03 04 }
IS: 1 IP: 0
 === machine state === 
mem M:
1A 02 08 AE 00 9C 92 1E  00 0C B2 00 A0 96 22 00
10 B6 00 A4 9A 26 00 14  BA 00 A8 9E 2A 00 18 BE
00 AC A2 2E 00 1C C2 00  B0 A6 32 00 20 C6 00 B4
AA 36 00 24 CA 00 B8 AE  3A 00 28 CE 00 BC B2 3E
00 2C D2 00 C0 B6 42 00  30 D6 00 C4 BA 46 00 34
DA 00 C8 BE 4A 00 38 DE  00 CC C2 4E 00 3C E2 00
D0 C6 52 00 40 E6 00 D4  CA 56 00 44 EA 00 D8 CE
5A 00 48 EE 00 DC D2 5E  00 4C F2 00 E0 D6 62 00
50 F6 00 E4 DA 66 00 54  FA 00 E8 DE 6A 00 58 FE
00 EC E2 6E 00 5C 20 00  F0 E6 72 00 60 56 00 F4
EA 76 00 64 5A 00 F8 EE  7A 00 68 5E 00 FC F2 7E
00 6C 00 00 E0 F6 82 00  70 66 00 00 FA 86 00 74
6A 00 00 FE 8A 00 78 6E  00 00 00 8E 00 7C 72 00
00 00 92 00 80 76 03 00  00 96 00 84 7A 06 00 00
9A 00 88 7E 0A 00 00 9E  00 8C 82 0E 00 00 A2 00
90 86 12 00 00 A6 00 94  8A 16 00 04 AA 00 98 8E
src regs sR: { C3 96 01 B4 }
dst regs dR: { FD B2 }
IS: 3 IP: 5

[balance] Running test 2/5...

 === machine state === 
mem M:
01 02 04 08 10 20 40 80  00 00 00 00 00 00 00 00
00 00 00 00 00 00 00 00  00 00 00 00 00 00 00 00
00 00 00 00 00 00 00 00  00 00 00 00 00 00 00 00
00 00 00 00 00 00 00 00  00 00 00 00 00 00 00 00
00 00 00 00 00 00 00 00  00 00 00 00 00 00 00 00
00 00 00 00 00 00 00 00  00 00 00 00 00 00 00 00
00 00 00 00 00 00 00 00  00 00 00 00 00 00 00 00
00 00 00 00 00 00 00 00  00 00 00 00 00 00 00 00
00 00 00 00 00 00 00 00  00 00 00 00 00 00 00 00
00 00 00 00 00 00 00 00  00 00 00 00 00 00 00 00
00 00 00 00 00 00 00 00  00 00 00 00 00 00 00 00
00 00 00 00 00 00 00 00  00 00 00 00 00 00 00 00
00 00 00 00 00 00 00 00  00 00 00 00 00 00 00 00
00 00 00 00 00 00 00 00  00 00 00 00 00 00 00 00
00 00 00 00 00 00 00 00  00 00 00 00 00 00 00 00
00 00 00 00 00 00 00 00  00 00 00 00 00 00 00 00
src regs sR: { BE 00 01 02 }
dst regs dR: { 03 04 }
IS: 1 IP: 0
... === machine state === 
mem M:
DC 7A 30 A8 0C 18 9C D0  6E 76 4E 00 20 AE C4 62
7E F4 BC 28 C0 B8 56 86  9A C4 30 D2 AC 4A 8E 40
9A 38 E4 A0 3E 96 E6 86  40 F6 94 32 9E 8C 72 A4
08 34 26 A6 32 5E 90 1A  DA 1A AE D8 4A 7C 2C 80
A2 B6 7E 36 68 3E 26 DE  BE 24 22 54 50 CC E6 C6
CA 0E 40 62 72 DA CE 70  FA 2C 74 18 CE D6 16 E6
18 86 BE C2 DE BC D2 04  98 64 B6 E6 62 BE F0 AA
0A AA EE 08 AA DC BC B0  9E F6 AE 96 C8 CE 56 92
FE 54 82 B4 E0 FC 86 06  FA 6E A0 F2 A2 B0 0E A0
5A 8C 04 48 64 16 46 46  78 16 EE 30 1E EC 94 64
28 94 FC 26 92 60 50 3A  3A C8 2E 38 2C 3C 4C E0
94 36 C4 F8 7A 5E 86 60  1A D6 C4 46 70 2C 2C 22
E8 90 12 82 D2 F8 2A FA  5C DE 94 78 C4 32 0C 28
AA 36 1E 60 3A 1E F4 76  3E C4 54 42 30 C0 42 46
6A 48 4A 42 8C 0E 4E 10  3C 52 54 58 DA 56 B6 30
5A 66 F4 A6 5E 5C 24 08  78 E8 72 66 02 18 10 8A
src regs sR: { 2A 8D 01 40 }
dst regs dR: { A7 02 }
IS: 3 IP: 5

[balance] Running test 3/5...

 === machine state === 
mem M:
01 02 04 08 10 20 40 80  00 00 00 00 00 00 00 00
00 00 00 00 00 00 00 00  00 00 00 00 00 00 00 00
00 00 00 00 00 00 00 00  00 00 00 00 00 00 00 00
00 00 00 00 00 00 00 00  00 00 00 00 00 00 00 00
00 00 00 00 00 00 00 00  00 00 00 00 00 00 00 00
00 00 00 00 00 00 00 00  00 00 00 00 00 00 00 00
00 00 00 00 00 00 00 00  00 00 00 00 00 00 00 00
00 00 00 00 00 00 00 00  00 00 00 00 00 00 00 00
00 00 00 00 00 00 00 00  00 00 00 00 00 00 00 00
00 00 00 00 00 00 00 00  00 00 00 00 00 00 00 00
00 00 00 00 00 00 00 00  00 00 00 00 00 00 00 00
00 00 00 00 00 00 00 00  00 00 00 00 00 00 00 00
00 00 00 00 00 00 00 00  00 00 00 00 00 00 00 00
00 00 00 00 00 00 00 00  00 00 00 00 00 00 00 00
00 00 00 00 00 00 00 00  00 00 00 00 00 00 00 00
00 00 00 00 00 00 00 00  00 00 00 00 00 00 00 00
src regs sR: { 42 00 01 02 }
dst regs dR: { 03 04 }
IS: 1 IP: 0
 === machine state === 
mem M:
01 02 08 76 00 9C 92 05  00 0C 7A 00 A0 96 00 00
10 7E 00 A4 9A 00 00 14  82 00 A8 9E 00 00 18 86
00 AC A2 00 00 1C 8A 00  B0 A6 00 00 20 8E 00 B4
AA 00 00 24 92 00 B8 AE  03 00 28 96 00 BC B2 06
00 2C 9A 00 C0 B6 0A 00  30 9E 00 C4 BA 0E 00 34
A2 00 C8 BE 12 00 38 A6  00 CC C2 16 00 3C AA 00
D0 C6 1A 00 40 AE 00 D4  CA 1E 00 44 B2 00 D8 CE
22 00 48 B6 00 DC D2 26  00 4C BA 00 E0 D6 2A 00
50 BE 00 E4 DA 2E 00 54  C2 00 E8 DE 32 00 58 C6
00 EC E2 36 00 5C CA 00  F0 E6 3A 00 60 CE 00 F4
EA 3E 00 64 D2 00 F8 EE  42 00 68 D6 00 FC F2 46
00 6C 05 00 FB F6 4A 00  70 DE 00 00 FA 4E 00 74
E2 00 00 FE 52 00 78 E6  00 00 00 56 00 7C EA 00
00 00 5A 00 80 EE 00 00  00 5E 00 84 F2 00 00 00
62 00 88 F6 00 00 00 66  00 8C FA 00 00 00 6A 00
90 FE 00 00 00 6E 00 94  07 00 00 04 72 00 98 8E
src regs sR: { C3 F8 01 B4 }
dst regs dR: { FD B2 }
IS: 3 IP: 5

[balance] Running test 4/5...

 === machine state === 
mem M:
01 02 04 08 10 20 40 80  00 00 00 00 00 00 00 00
00 00 00 00 00 00 00 00  00 00 00 00 00 00 00 00
00 00 00 00 00 00 00 00  00 00 00 00 00 00 00 00
00 00 00 00 00 00 00 00  00 00 00 00 00 00 00 00
00 00 00 00 00 00 00 00  00 00 00 00 00 00 00 00
00 00 00 00 00 00 00 00  00 00 00 00 00 00 00 00
00 00 00 00 00 00 00 00  00 00 00 00 00 00 00 00
00 00 00 00 00 00 00 00  00 00 00 00 00 00 00 00
00 00 00 00 00 00 00 00  00 00 00 00 00 00 00 00
00 00 00 00 00 00 00 00  00 00 00 00 00 00 00 00
00 00 00 00 00 00 00 00  00 00 00 00 00 00 00 00
00 00 00 00 00 00 00 00  00 00 00 00 00 00 00 00
00 00 00 00 00 00 00 00  00 00 00 00 00 00 00 00
00 00 00 00 00 00 00 00  00 00 00 00 00 00 00 00
00 00 00 00 00 00 00 00  00 00 00 00 00 00 00 00
00 00 00 00 00 00 00 00  00 00 00 00 00 00 00 00
src regs sR: { 17 00 01 02 }
dst regs dR: { 03 04 }
IS: 1 IP: 0
Your code halted, but didn't solve puzzle copyreg.
Try again to balance the score
 === machine state === 
mem M:
01 02 8E FE 00 9C 92 05  00 92 02 00 A0 96 00 00
96 06 00 A4 9A 00 00 9A  0A 00 A8 9E 00 00 9E 0E
00 AC A2 00 00 A2 12 00  B0 A6 00 00 A6 16 00 B4
AA 00 00 AA 1A 00 B8 AE  00 00 AE 1E 00 BC B2 00
00 B2 22 00 C0 B6 00 00  B6 26 00 C4 BA 00 00 BA
2A 00 C8 BE 00 00 BE 2E  00 CC C2 00 00 C2 32 00
D0 C6 00 00 C6 36 00 D4  CA 00 00 CA 3A 00 D8 CE
00 00 CE 3E 00 DC D2 00  00 D2 42 00 E0 D6 00 00
D6 46 00 E4 DA 00 00 DA  4A 00 E8 DE 00 00 DE 4E
00 EC E2 00 00 E2 52 00  F0 E6 00 00 E6 56 00 F4
EA 00 00 EA 5A 00 F8 EE  00 00 EE 5E 00 FC F2 00
00 F2 05 00 FB F6 00 00  F6 66 00 00 FA 00 00 FA
6A 00 00 FE 00 00 FE 6E  00 00 6E 00 00 07 72 00
00 72 00 00 80 76 00 00  76 00 00 84 7A 00 00 7A
00 00 88 7E 00 00 7E 00  00 8C 82 00 00 82 00 00
90 86 00 00 86 00 00 94  8A 00 00 8A 00 00 98 8E
src regs sR: { C3 CD 01 B4 }
dst regs dR: { FD B2 }
IS: 3 IP: 5
% 
[balance] Running test 1/5...

 === machine state === 
mem M:
01 02 04 08 10 20 40 80  00 00 00 00 00 00 00 00
00 00 00 00 00 00 00 00  00 00 00 00 00 00 00 00
00 00 00 00 00 00 00 00  00 00 00 00 00 00 00 00
00 00 00 00 00 00 00 00  00 00 00 00 00 00 00 00
00 00 00 00 00 00 00 00  00 00 00 00 00 00 00 00
00 00 00 00 00 00 00 00  00 00 00 00 00 00 00 00
00 00 00 00 00 00 00 00  00 00 00 00 00 00 00 00
00 00 00 00 00 00 00 00  00 00 00 00 00 00 00 00
00 00 00 00 00 00 00 00  00 00 00 00 00 00 00 00
00 00 00 00 00 00 00 00  00 00 00 00 00 00 00 00
00 00 00 00 00 00 00 00  00 00 00 00 00 00 00 00
00 00 00 00 00 00 00 00  00 00 00 00 00 00 00 00
00 00 00 00 00 00 00 00  00 00 00 00 00 00 00 00
00 00 00 00 00 00 00 00  00 00 00 00 00 00 00 00
00 00 00 00 00 00 00 00  00 00 00 00 00 00 00 00
00 00 00 00 00 00 00 00  00 00 00 00 00 00 00 00
src regs sR: { 41 00 01 02 }
dst regs dR: { 03 04 }
IS: 1 IP: 0
Your code halted, but didn't solve puzzle copyreg.
Try again to balance the score
 === machine state === 
mem M:
01 02 76 FE 00 9C 92 05  00 7A 02 00 A0 96 00 00
7E 06 00 A4 9A 00 00 82  0A 00 A8 9E 00 00 86 0E
00 AC A2 00 00 8A 12 00  B0 A6 00 00 8E 16 00 B4
AA 00 00 92 1A 00 B8 AE  00 00 96 1E 00 BC B2 00
00 9A 22 00 C0 B6 00 00  9E 26 00 C4 BA 00 00 A2
2A 00 C8 BE 00 00 A6 2E  00 CC C2 00 00 AA 32 00
D0 C6 00 00 AE 36 00 D4  CA 00 00 B2 3A 00 D8 CE
00 00 B6 3E 00 DC D2 00  00 BA 42 00 E0 D6 00 00
BE 46 00 E4 DA 00 00 C2  4A 00 E8 DE 00 00 C6 4E
00 EC E2 00 00 CA 52 00  F0 E6 00 00 CE 56 00 F4
EA 00 00 D2 5A 00 F8 EE  00 00 D6 5E 00 FC F2 00
00 DA 05 00 FB F6 00 00  DE 66 00 00 FA 00 00 E2
6A 00 00 FE 00 00 E6 6E  00 00 56 00 00 EA 72 00
00 5A 00 00 EE 76 00 00  5E 00 00 F2 7A 00 00 62
00 00 F6 7E 00 00 66 00  00 FA 82 00 00 6A 00 00
FE 86 00 00 6E 00 00 07  8A 00 00 72 00 00 98 8E
src regs sR: { C3 F7 01 B4 }
dst regs dR: { FD B2 }
IS: 3 IP: 5
% 
[balance] Running test 1/5...

 === machine state === 
mem M:
01 02 04 08 10 20 40 80  00 00 00 00 00 00 00 00
00 00 00 00 00 00 00 00  00 00 00 00 00 00 00 00
00 00 00 00 00 00 00 00  00 00 00 00 00 00 00 00
00 00 00 00 00 00 00 00  00 00 00 00 00 00 00 00
00 00 00 00 00 00 00 00  00 00 00 00 00 00 00 00
00 00 00 00 00 00 00 00  00 00 00 00 00 00 00 00
00 00 00 00 00 00 00 00  00 00 00 00 00 00 00 00
00 00 00 00 00 00 00 00  00 00 00 00 00 00 00 00
00 00 00 00 00 00 00 00  00 00 00 00 00 00 00 00
00 00 00 00 00 00 00 00  00 00 00 00 00 00 00 00
00 00 00 00 00 00 00 00  00 00 00 00 00 00 00 00
00 00 00 00 00 00 00 00  00 00 00 00 00 00 00 00
00 00 00 00 00 00 00 00  00 00 00 00 00 00 00 00
00 00 00 00 00 00 00 00  00 00 00 00 00 00 00 00
00 00 00 00 00 00 00 00  00 00 00 00 00 00 00 00
00 00 00 00 00 00 00 00  00 00 00 00 00 00 00 00
src regs sR: { F1 00 01 02 }
dst regs dR: { 03 04 }
IS: 1 IP: 0
Your code halted, but didn't solve puzzle copyreg.
Try again to balance the score
 === machine state === 
mem M:
01 02 08 12 00 9C A6 05  00 0C 16 00 A0 AA 00 00
10 1A 00 A4 AE 00 00 14  1E 00 A8 B2 00 00 18 22
00 AC B6 00 00 1C 26 00  B0 BA 00 00 20 2A 00 B4
BE 00 00 24 2E 00 B8 C2  00 00 28 32 00 BC C6 00
00 2C 36 00 C0 CA 00 00  30 3A 00 C4 CE 00 00 34
3E 00 C8 D2 00 00 38 42  00 CC D6 00 00 3C 46 00
D0 DA 00 00 40 4A 00 D4  DE 00 00 44 4E 00 D8 E2
00 00 48 52 00 DC E6 00  00 4C 56 00 E0 EA 00 00
50 5A 00 E4 EE 00 00 54  5E 00 E8 F2 00 00 58 62
00 EC F6 00 00 5C 66 00  F0 FA 00 00 60 6A 00 F4
FE 00 00 64 6E 00 F8 07  00 00 68 72 00 FC F2 00
00 6C 05 00 FB F6 00 00  70 7A 00 00 FA 00 00 74
7E 00 00 FE 00 00 78 82  00 00 00 00 00 7C 86 00
00 00 00 00 80 8A 00 00  00 00 00 84 8E 00 00 00
00 00 88 92 00 00 00 03  00 8C 96 00 00 00 06 00
90 9A 00 00 00 0A 00 94  9E 00 00 04 0E 00 98 A2
src regs sR: { C3 A7 01 B4 }
dst regs dR: { FD B2 }
IS: 3 IP: 5
% 
[balance] Running test 1/5...

 === machine state === 
mem M:
01 02 04 08 10 20 40 80  00 00 00 00 00 00 00 00
00 00 00 00 00 00 00 00  00 00 00 00 00 00 00 00
00 00 00 00 00 00 00 00  00 00 00 00 00 00 00 00
00 00 00 00 00 00 00 00  00 00 00 00 00 00 00 00
00 00 00 00 00 00 00 00  00 00 00 00 00 00 00 00
00 00 00 00 00 00 00 00  00 00 00 00 00 00 00 00
00 00 00 00 00 00 00 00  00 00 00 00 00 00 00 00
00 00 00 00 00 00 00 00  00 00 00 00 00 00 00 00
00 00 00 00 00 00 00 00  00 00 00 00 00 00 00 00
00 00 00 00 00 00 00 00  00 00 00 00 00 00 00 00
00 00 00 00 00 00 00 00  00 00 00 00 00 00 00 00
00 00 00 00 00 00 00 00  00 00 00 00 00 00 00 00
00 00 00 00 00 00 00 00  00 00 00 00 00 00 00 00
00 00 00 00 00 00 00 00  00 00 00 00 00 00 00 00
00 00 00 00 00 00 00 00  00 00 00 00 00 00 00 00
00 00 00 00 00 00 00 00  00 00 00 00 00 00 00 00
src regs sR: { A2 00 01 02 }
dst regs dR: { 03 04 }
IS: 1 IP: 0
. === machine state === 
mem M:
A4 BB 8B B2 C9 22 33 1A  31 2E 28 3F 98 19 90 A7
60 9E B5 0E FF 06 1D 76  14 2B 84 E5 7C 10 EC 8A
A1 FA CB F2 09 62 00 17  70 B1 68 7F D8 16 8D E6
97 DE F5 4E 1A 03 5C 7D  54 6B C4 1E 79 D2 63 CA
E1 3A 22 EF 48 49 40 57  B0 26 65 BE 2F B6 CD 26
2A DB 34 15 2C 43 9C 2E  51 AA FB A2 B9 12 32 C7
20 E1 18 2F 88 36 3D 96  C7 8E A5 FE 6F B3 0C AD
04 1B 74 55 29 82 93 7A  91 EA 3B 9F F8 79 F0 07
60 21 15 6E 5F 66 7D D6  07 45 E4 45 DC F3 4C ED
D5 5A 2B 52 69 C2 D3 8F  0F 11 C8 DF 38 B9 32 36
F7 3E 55 AE 9F A6 1C DD  B4 CB 24 85 1C 02 C3 2A
41 9A 6B 92 E8 A9 A0 B7  10 51 08 CE 8F 16 2D 86
37 7E B4 75 8C A3 FC 1D  F4 9A 5B 02 19 72 03 6A
80 41 78 8F E8 E9 E0 66  27 EE 05 5E CF 56 4C 0D
64 7B D4 B5 CC 32 F3 DA  F1 4A 9B 42 18 D9 50 67
C0 81 B8 15 BF C6 DD 36  67 2E 47 A5 3C 53 AC 4D
src regs sR: { 82 90 01 98 }
dst regs dR: { FD 1D }
IS: 3 IP: 5

[balance] Running test 2/5...

 === machine state === 
mem M:
01 02 04 08 10 20 40 80  00 00 00 00 00 00 00 00
00 00 00 00 00 00 00 00  00 00 00 00 00 00 00 00
00 00 00 00 00 00 00 00  00 00 00 00 00 00 00 00
00 00 00 00 00 00 00 00  00 00 00 00 00 00 00 00
00 00 00 00 00 00 00 00  00 00 00 00 00 00 00 00
00 00 00 00 00 00 00 00  00 00 00 00 00 00 00 00
00 00 00 00 00 00 00 00  00 00 00 00 00 00 00 00
00 00 00 00 00 00 00 00  00 00 00 00 00 00 00 00
00 00 00 00 00 00 00 00  00 00 00 00 00 00 00 00
00 00 00 00 00 00 00 00  00 00 00 00 00 00 00 00
00 00 00 00 00 00 00 00  00 00 00 00 00 00 00 00
00 00 00 00 00 00 00 00  00 00 00 00 00 00 00 00
00 00 00 00 00 00 00 00  00 00 00 00 00 00 00 00
00 00 00 00 00 00 00 00  00 00 00 00 00 00 00 00
00 00 00 00 00 00 00 00  00 00 00 00 00 00 00 00
00 00 00 00 00 00 00 00  00 00 00 00 00 00 00 00
src regs sR: { 3F 00 01 02 }
dst regs dR: { 03 04 }
IS: 1 IP: 0
Your code halted, but didn't solve puzzle copyreg.
Try again to balance the score
 === machine state === 
mem M:
76 02 08 FE 00 9C 92 7A  00 0C 02 00 A0 96 7E 00
10 06 00 A4 9A 82 00 14  0A 00 A8 9E 86 00 18 0E
00 AC A2 8A 00 1C 12 00  B0 A6 8E 00 20 16 00 B4
AA 92 00 24 1A 03 B8 AE  96 00 28 1E 06 BC B2 9A
00 2C 22 0A C0 B6 9E 00  30 26 0E C4 BA A2 00 34
2A 12 C8 BE A6 00 38 2E  16 CC C2 AA 00 3C 32 1A
D0 C6 AE 00 40 36 1E D4  CA B2 00 44 3A 22 D8 CE
B6 00 48 3E 26 DC D2 BA  00 4C 42 2A E0 D6 BE 00
50 46 2E E4 DA C2 00 54  4A 32 E8 DE C6 00 58 4E
36 EC E2 CA 00 5C 52 3A  F0 E6 CE 00 60 56 3E F4
EA D2 00 64 5A 42 F8 EE  D6 00 68 5E 46 FC F2 DA
00 6C 78 4A 84 F6 DE 00  70 66 4E 00 FA E2 00 74
6A 52 00 FE E6 00 78 6E  56 00 00 EA 00 7C 72 5A
00 00 EE 00 80 76 5E 00  00 F2 00 84 7A 62 00 00
F6 00 88 7E 66 00 00 FA  00 8C 82 6A 00 00 FE 00
90 86 6E 00 00 7C 00 94  8A 72 00 04 00 00 98 8E
src regs sR: { C3 F5 01 B4 }
dst regs dR: { FD B2 }
IS: 3 IP: 5
% 
[balance] Running test 1/5...

 === machine state === 
mem M:
01 02 04 08 10 20 40 80  00 00 00 00 00 00 00 00
00 00 00 00 00 00 00 00  00 00 00 00 00 00 00 00
00 00 00 00 00 00 00 00  00 00 00 00 00 00 00 00
00 00 00 00 00 00 00 00  00 00 00 00 00 00 00 00
00 00 00 00 00 00 00 00  00 00 00 00 00 00 00 00
00 00 00 00 00 00 00 00  00 00 00 00 00 00 00 00
00 00 00 00 00 00 00 00  00 00 00 00 00 00 00 00
00 00 00 00 00 00 00 00  00 00 00 00 00 00 00 00
00 00 00 00 00 00 00 00  00 00 00 00 00 00 00 00
00 00 00 00 00 00 00 00  00 00 00 00 00 00 00 00
00 00 00 00 00 00 00 00  00 00 00 00 00 00 00 00
00 00 00 00 00 00 00 00  00 00 00 00 00 00 00 00
00 00 00 00 00 00 00 00  00 00 00 00 00 00 00 00
00 00 00 00 00 00 00 00  00 00 00 00 00 00 00 00
00 00 00 00 00 00 00 00  00 00 00 00 00 00 00 00
00 00 00 00 00 00 00 00  00 00 00 00 00 00 00 00
src regs sR: { 22 00 01 02 }
dst regs dR: { 03 04 }
IS: 1 IP: 0
 === machine state === 
mem M:
01 02 08 FE 00 9C 92 05  00 0C 02 00 A0 96 00 00
10 06 00 A4 9A 00 00 14  0A 00 A8 9E 00 00 18 0E
00 AC A2 00 00 1C 12 00  B0 A6 00 00 20 16 00 B4
AA 00 00 24 1A 00 B8 AE  00 00 28 1E 00 BC B2 00
00 2C 22 00 C0 B6 00 00  30 26 00 C4 BA 00 00 34
2A 00 C8 BE 00 00 38 2E  00 CC C2 00 00 3C 32 00
D0 C6 00 00 40 36 00 D4  CA 00 00 44 3A 00 D8 CE
00 00 48 3E 00 DC D2 00  00 4C 42 00 E0 D6 00 00
50 46 00 E4 DA 00 00 54  4A 00 E8 DE 00 00 58 4E
00 EC E2 00 00 5C 52 00  F0 E6 00 00 60 56 00 F4
EA 00 00 64 5A 00 F8 EE  00 00 68 5E 00 FC F2 00
00 6C 05 00 FB F6 00 00  70 66 00 00 FA 00 00 74
6A 00 00 FE 00 00 78 6E  00 00 FA 00 00 7C 72 00
00 FE 00 00 80 76 00 00  07 00 00 84 7A 00 00 00
00 00 88 7E 00 00 00 00  00 8C 82 00 00 00 00 00
90 86 00 00 00 00 00 94  8A 00 00 04 00 00 98 8E
src regs sR: { C3 D8 01 B4 }
dst regs dR: { FD B2 }
IS: 3 IP: 5

[balance] Running test 2/5...

 === machine state === 
mem M:
01 02 04 08 10 20 40 80  00 00 00 00 00 00 00 00
00 00 00 00 00 00 00 00  00 00 00 00 00 00 00 00
00 00 00 00 00 00 00 00  00 00 00 00 00 00 00 00
00 00 00 00 00 00 00 00  00 00 00 00 00 00 00 00
00 00 00 00 00 00 00 00  00 00 00 00 00 00 00 00
00 00 00 00 00 00 00 00  00 00 00 00 00 00 00 00
00 00 00 00 00 00 00 00  00 00 00 00 00 00 00 00
00 00 00 00 00 00 00 00  00 00 00 00 00 00 00 00
00 00 00 00 00 00 00 00  00 00 00 00 00 00 00 00
00 00 00 00 00 00 00 00  00 00 00 00 00 00 00 00
00 00 00 00 00 00 00 00  00 00 00 00 00 00 00 00
00 00 00 00 00 00 00 00  00 00 00 00 00 00 00 00
00 00 00 00 00 00 00 00  00 00 00 00 00 00 00 00
00 00 00 00 00 00 00 00  00 00 00 00 00 00 00 00
00 00 00 00 00 00 00 00  00 00 00 00 00 00 00 00
00 00 00 00 00 00 00 00  00 00 00 00 00 00 00 00
src regs sR: { EE 00 01 02 }
dst regs dR: { 03 04 }
IS: 1 IP: 0
 === machine state === 
mem M:
12 02 08 A6 00 9C 92 16  00 0C AA 00 A0 96 1A 00
10 AE 00 A4 9A 1E 00 14  B2 00 A8 9E 22 00 18 B6
00 AC A2 26 00 1C BA 00  B0 A6 2A 00 20 BE 00 B4
AA 2E 00 24 C2 00 B8 AE  32 00 28 C6 00 BC B2 36
00 2C CA 00 C0 B6 3A 00  30 CE 00 C4 BA 3E 00 34
D2 00 C8 BE 42 00 38 D6  00 CC C2 46 00 3C DA 00
D0 C6 4A 00 40 DE 00 D4  CA 4E 00 44 E2 00 D8 CE
52 00 48 E6 00 DC D2 56  00 4C EA 00 E0 D6 5A 00
50 EE 00 E4 DA 5E 00 54  F2 00 E8 DE 62 00 58 F6
00 EC E2 66 00 5C FA 00  F0 E6 6A 00 60 FE 00 F4
EA 6E 00 64 18 00 F8 EE  72 00 68 5E 00 FC F2 76
00 6C 10 00 E8 F6 7A 00  70 66 00 00 FA 7E 00 74
6A 00 00 FE 82 00 78 6E  00 00 00 86 00 7C 72 00
00 00 8A 00 80 76 00 00  00 8E 00 84 7A 00 00 00
92 00 88 7E 03 00 00 96  00 8C 82 06 00 00 9A 00
90 86 0A 00 00 9E 00 94  8A 0E 00 04 A2 00 98 8E
src regs sR: { C3 A4 01 B4 }
dst regs dR: { FD B2 }
IS: 3 IP: 5

[balance] Running test 3/5...

 === machine state === 
mem M:
01 02 04 08 10 20 40 80  00 00 00 00 00 00 00 00
00 00 00 00 00 00 00 00  00 00 00 00 00 00 00 00
00 00 00 00 00 00 00 00  00 00 00 00 00 00 00 00
00 00 00 00 00 00 00 00  00 00 00 00 00 00 00 00
00 00 00 00 00 00 00 00  00 00 00 00 00 00 00 00
00 00 00 00 00 00 00 00  00 00 00 00 00 00 00 00
00 00 00 00 00 00 00 00  00 00 00 00 00 00 00 00
00 00 00 00 00 00 00 00  00 00 00 00 00 00 00 00
00 00 00 00 00 00 00 00  00 00 00 00 00 00 00 00
00 00 00 00 00 00 00 00  00 00 00 00 00 00 00 00
00 00 00 00 00 00 00 00  00 00 00 00 00 00 00 00
00 00 00 00 00 00 00 00  00 00 00 00 00 00 00 00
00 00 00 00 00 00 00 00  00 00 00 00 00 00 00 00
00 00 00 00 00 00 00 00  00 00 00 00 00 00 00 00
00 00 00 00 00 00 00 00  00 00 00 00 00 00 00 00
00 00 00 00 00 00 00 00  00 00 00 00 00 00 00 00
src regs sR: { FA 00 01 02 }
dst regs dR: { 03 04 }
IS: 1 IP: 0
.. === machine state === 
mem M:
38 F9 BB 2B 3C 22 14 A0  EB EE 93 A4 98 65 08 DD
E0 FB 0C 0E 57 70 CF 76  63 74 84 49 D8 C1 EC CB
DC FA 3B 40 B3 62 33 F2  70 2D A8 A5 D8 9B E4 E6
1F 10 97 4E 03 D6 5C 11  78 89 C4 6B C8 D2 03 E0
7B 3A D3 BA 48 F5 48 6D  B0 3B AC BE E7 5E 5F 26
A3 9E 34 D9 50 51 9C 0B  90 AA CB 42 43 12 73 82
20 BD 34 35 88 DB 74 96  AF 26 27 FE 43 66 0C A1
18 19 74 AB 58 82 93 0A  0B EA 13 4A F8 85 FC FD
60 7B 3C 6E 77 EE EF D6  E3 2E E4 69 E0 E1 4C 4B
20 5A 5B D2 D3 C2 B3 12  D0 4D C4 C5 38 1B 04 46
3F B6 B7 AE 83 F6 BC 31  A8 A9 24 EB E8 32 23 9A
9B 9A 53 DA A8 15 8C D2  10 BB CC 1E 07 7E 2C 86
23 BE 68 3F 70 94 FC 8B  B0 D0 8B 62 FC 72 D4 A2
38 F1 54 64 E8 3C 94 A0  57 46 CC 5E A4 13 08 BD
38 34 D4 0C 89 70 23 2A  9C 4A 74 FF D8 89 1C 04
C0 DC 68 06 EF 0E 6C 36  44 D0 A8 55 00 D4 AC AC
src regs sR: { D6 C3 01 B7 }
dst regs dR: { CF F3 }
IS: 3 IP: 5

[balance] Running test 4/5...

 === machine state === 
mem M:
01 02 04 08 10 20 40 80  00 00 00 00 00 00 00 00
00 00 00 00 00 00 00 00  00 00 00 00 00 00 00 00
00 00 00 00 00 00 00 00  00 00 00 00 00 00 00 00
00 00 00 00 00 00 00 00  00 00 00 00 00 00 00 00
00 00 00 00 00 00 00 00  00 00 00 00 00 00 00 00
00 00 00 00 00 00 00 00  00 00 00 00 00 00 00 00
00 00 00 00 00 00 00 00  00 00 00 00 00 00 00 00
00 00 00 00 00 00 00 00  00 00 00 00 00 00 00 00
00 00 00 00 00 00 00 00  00 00 00 00 00 00 00 00
00 00 00 00 00 00 00 00  00 00 00 00 00 00 00 00
00 00 00 00 00 00 00 00  00 00 00 00 00 00 00 00
00 00 00 00 00 00 00 00  00 00 00 00 00 00 00 00
00 00 00 00 00 00 00 00  00 00 00 00 00 00 00 00
00 00 00 00 00 00 00 00  00 00 00 00 00 00 00 00
00 00 00 00 00 00 00 00  00 00 00 00 00 00 00 00
00 00 00 00 00 00 00 00  00 00 00 00 00 00 00 00
src regs sR: { CA 00 01 02 }
dst regs dR: { 03 04 }
IS: 1 IP: 0
 === machine state === 
mem M:
01 02 BA FE 00 9C 92 05  00 BE 02 00 A0 96 00 00
C2 06 00 A4 9A 00 00 C6  0A 00 A8 9E 00 00 CA 0E
00 AC A2 00 00 CE 12 00  B0 A6 00 00 D2 16 00 B4
AA 00 00 D6 1A 00 B8 AE  00 00 DA 1E 00 BC B2 00
00 DE 22 00 C0 B6 00 00  E2 26 00 C4 BA 00 00 E6
2A 00 C8 BE 00 00 EA 2E  00 CC C2 00 00 EE 32 00
D0 C6 00 00 F2 36 00 D4  CA 00 00 F6 3A 00 D8 CE
00 00 FA 3E 00 DC D2 00  00 FE 42 00 E0 D6 00 00
07 46 00 E4 DA 00 00 54  4A 00 E8 DE 00 00 58 4E
00 EC E2 00 00 5C 52 00  F0 E6 00 00 60 56 00 F4
EA 00 00 64 5A 00 F8 EE  00 00 68 5E 00 FC F2 00
00 6C 05 00 FB F6 00 00  70 66 00 00 FA 00 00 74
6A 00 00 FE 00 00 78 6E  00 00 9A 00 00 7C 72 00
00 9E 00 00 80 76 00 00  A2 00 00 84 7A 00 00 A6
00 00 88 7E 00 00 AA 00  00 8C 82 00 00 AE 00 00
90 86 00 00 B2 00 00 94  8A 00 00 B6 00 00 98 8E
src regs sR: { C3 80 01 B4 }
dst regs dR: { FD B2 }
IS: 3 IP: 5

[balance] Running test 5/5...

 === machine state === 
mem M:
01 02 04 08 10 20 40 80  00 00 00 00 00 00 00 00
00 00 00 00 00 00 00 00  00 00 00 00 00 00 00 00
00 00 00 00 00 00 00 00  00 00 00 00 00 00 00 00
00 00 00 00 00 00 00 00  00 00 00 00 00 00 00 00
00 00 00 00 00 00 00 00  00 00 00 00 00 00 00 00
00 00 00 00 00 00 00 00  00 00 00 00 00 00 00 00
00 00 00 00 00 00 00 00  00 00 00 00 00 00 00 00
00 00 00 00 00 00 00 00  00 00 00 00 00 00 00 00
00 00 00 00 00 00 00 00  00 00 00 00 00 00 00 00
00 00 00 00 00 00 00 00  00 00 00 00 00 00 00 00
00 00 00 00 00 00 00 00  00 00 00 00 00 00 00 00
00 00 00 00 00 00 00 00  00 00 00 00 00 00 00 00
00 00 00 00 00 00 00 00  00 00 00 00 00 00 00 00
00 00 00 00 00 00 00 00  00 00 00 00 00 00 00 00
00 00 00 00 00 00 00 00  00 00 00 00 00 00 00 00
00 00 00 00 00 00 00 00  00 00 00 00 00 00 00 00
src regs sR: { E0 00 01 02 }
dst regs dR: { 03 04 }
IS: 1 IP: 0
 === machine state === 
mem M:
1A 02 08 AE 00 9C 92 1E  00 0C B2 00 A0 96 22 00    ...... ......". 
10 B6 00 A4 9A 26 00 14  BA 00 A8 9E 2A 00 18 BE    .....&. ....*.. 
00 AC A2 2E 00 1C C2 00  B0 A6 32 00 20 C6 00 B4    ....... ..2. ... 
AA 36 00 24 CA 00 B8 AE  3A 00 28 CE 00 BC B2 3E    .6.$.... :.(....> 
00 2C D2 00 C0 B6 42 00  30 D6 00 C4 BA 46 00 34    .,....B. 0....F.4 
DA 00 C8 BE 4A 00 38 DE  00 CC C2 4E 00 3C E2 00    ....J.8. ...N.<.. 
D0 C6 52 00 40 E6 00 D4  CA 56 00 44 EA 00 D8 CE    ..R.@... .V.D.... 
5A 00 48 EE 00 DC D2 5E  00 4C F2 00 E0 D6 62 00    Z.H....^ .L....b. 
50 F6 00 E4 DA 66 00 54  FA 00 E8 DE 6A 00 58 FE    P....f.T ....j.X. 
00 EC E2 6E 00 5C 20 00  F0 E6 72 00 60 56 00 F4    ...n.\ . ..r.`V.. 
EA 76 00 64 5A 00 F8 EE  7A 00 68 5E 00 FC F2 7E    .v.dZ... z.h^...~ 
00 6C 00 00 E0 F6 82 00  70 66 00 00 FA 86 00 74    .l...... pf.....t 
6A 00 00 FE 8A 00 78 6E  00 00 00 8E 00 7C 72 00    j.....xn .....|r. 
00 00 92 00 80 76 03 00  00 96 00 84 7A 06 00 00    .....v.. ....z... 
9A 00 88 7E 0A 00 00 9E  00 8C 82 0E 00 00 A2 00    ...~.... ........ 
90 86 12 00 00 A6 00 94  8A 16 00 04 AA 00 98 8E    ........ ....... 
src regs sR: { C3 96 01 B4 }
dst regs dR: { FD B2 }
IS: 3 IP: 5
Your code solved puzzle copyreg!
BLNCE.CRE=187@999999|b6a7e82ce7cb07c20a093c16a740925
% 
[balance] Running test 1/5...

 === machine state === 
mem M:
01 02 04 08 10 20 40 80  00 00 00 00 00 00 00 00
00 00 00 00 00 00 00 00  00 00 00 00 00 00 00 00
00 00 00 00 00 00 00 00  00 00 00 00 00 00 00 00
00 00 00 00 00 00 00 00  00 00 00 00 00 00 00 00
00 00 00 00 00 00 00 00  00 00 00 00 00 00 00 00
00 00 00 00 00 00 00 00  00 00 00 00 00 00 00 00
00 00 00 00 00 00 00 00  00 00 00 00 00 00 00 00
00 00 00 00 00 00 00 00  00 00 00 00 00 00 00 00
00 00 00 00 00 00 00 00  00 00 00 00 00 00 00 00
00 00 00 00 00 00 00 00  00 00 00 00 00 00 00 00
00 00 00 00 00 00 00 00  00 00 00 00 00 00 00 00
00 00 00 00 00 00 00 00  00 00 00 00 00 00 00 00
00 00 00 00 00 00 00 00  00 00 00 00 00 00 00 00
00 00 00 00 00 00 00 00  00 00 00 00 00 00 00 00
00 00 00 00 00 00 00 00  00 00 00 00 00 00 00 00
00 00 00 00 00 00 00 00  00 00 00 00 00 00 00 00
src regs sR: { 5A 00 01 02 }
dst regs dR: { 03 04 }
IS: 1 IP: 0
 === machine state === 
mem M:
01 02 FA FE 00 9C 92 05  00 FE 02 00 A0 96 00 00
07 06 00 A4 9A 00 00 14  0A 00 A8 9E 00 00 18 0E
00 AC A2 00 00 1C 12 00  B0 A6 00 00 20 16 00 B4
AA 00 00 24 1A 00 B8 AE  00 00 28 1E 00 BC B2 00
00 2C 22 00 C0 B6 00 00  30 26 00 C4 BA 00 00 34
2A 00 C8 BE 00 00 38 2E  00 CC C2 00 00 3C 32 00
D0 C6 00 00 40 36 00 D4  CA 00 00 44 3A 00 D8 CE
00 00 48 3E 00 DC D2 00  00 4C 42 00 E0 D6 00 00
50 46 00 E4 DA 00 00 54  4A 00 E8 DE 00 00 58 4E
00 EC E2 00 00 5C 52 00  F0 E6 00 00 60 56 00 F4
EA 00 00 64 5A 00 F8 EE  00 00 68 5E 00 FC F2 00
00 6C 05 00 FB F6 00 00  70 66 00 00 FA 00 00 74
6A 00 00 FE 00 00 78 6E  00 00 DA 00 00 7C 72 00
00 DE 00 00 80 76 00 00  E2 00 00 84 7A 00 00 E6
00 00 88 7E 00 00 EA 00  00 8C 82 00 00 EE 00 00
90 86 00 00 F2 00 00 94  8A 00 00 F6 00 00 98 8E
src regs sR: { C3 10 01 B4 }
dst regs dR: { FD B2 }
IS: 3 IP: 5

[balance] Running test 2/5...

 === machine state === 
mem M:
01 02 04 08 10 20 40 80  00 00 00 00 00 00 00 00
00 00 00 00 00 00 00 00  00 00 00 00 00 00 00 00
00 00 00 00 00 00 00 00  00 00 00 00 00 00 00 00
00 00 00 00 00 00 00 00  00 00 00 00 00 00 00 00
00 00 00 00 00 00 00 00  00 00 00 00 00 00 00 00
00 00 00 00 00 00 00 00  00 00 00 00 00 00 00 00
00 00 00 00 00 00 00 00  00 00 00 00 00 00 00 00
00 00 00 00 00 00 00 00  00 00 00 00 00 00 00 00
00 00 00 00 00 00 00 00  00 00 00 00 00 00 00 00
00 00 00 00 00 00 00 00  00 00 00 00 00 00 00 00
00 00 00 00 00 00 00 00  00 00 00 00 00 00 00 00
00 00 00 00 00 00 00 00  00 00 00 00 00 00 00 00
00 00 00 00 00 00 00 00  00 00 00 00 00 00 00 00
00 00 00 00 00 00 00 00  00 00 00 00 00 00 00 00
00 00 00 00 00 00 00 00  00 00 00 00 00 00 00 00
00 00 00 00 00 00 00 00  00 00 00 00 00 00 00 00
src regs sR: { CB 00 01 02 }
dst regs dR: { 03 04 }
IS: 1 IP: 0
Your code halted, but didn't solve puzzle copyreg.
Try again to balance the score
 === machine state === 
mem M:
26 02 08 BA 00 9C 92 2A  00 0C BE 00 A0 96 2E 00
10 C2 00 A4 9A 32 00 14  C6 00 A8 9E 36 00 18 CA
00 AC A2 3A 00 1C CE 00  B0 A6 3E 00 20 D2 00 B4
AA 42 00 24 D6 00 B8 AE  46 00 28 DA 00 BC B2 4A
00 2C DE 00 C0 B6 4E 00  30 E2 00 C4 BA 52 00 34
E6 00 C8 BE 56 00 38 EA  00 CC C2 5A 00 3C EE 00
D0 C6 5E 00 40 F2 00 D4  CA 62 00 44 F6 00 D8 CE
66 00 48 FA 00 DC D2 6A  00 4C FE 00 E0 D6 6E 00
50 2C 00 E4 DA 72 00 54  4A 00 E8 DE 76 00 58 4E
00 EC E2 7A 00 5C 52 00  F0 E6 7E 00 60 56 00 F4
EA 82 00 64 5A 00 F8 EE  86 00 68 5E 00 FC F2 8A
00 6C 28 00 D4 F6 8E 00  70 66 00 00 FA 92 00 74
6A 03 00 FE 96 00 78 6E  06 00 00 9A 00 7C 72 0A
00 00 9E 00 80 76 0E 00  00 A2 00 84 7A 12 00 00
A6 00 88 7E 16 00 00 AA  00 8C 82 1A 00 00 AE 00
90 86 1E 00 00 B2 00 94  8A 22 00 04 B6 00 98 8E
src regs sR: { C3 81 01 B4 }
dst regs dR: { FD B2 }
IS: 3 IP: 5
% 
[balance] Running test 1/5...

 === machine state === 
mem M:
01 02 04 08 10 20 40 80  00 00 00 00 00 00 00 00
00 00 00 00 00 00 00 00  00 00 00 00 00 00 00 00
00 00 00 00 00 00 00 00  00 00 00 00 00 00 00 00
00 00 00 00 00 00 00 00  00 00 00 00 00 00 00 00
00 00 00 00 00 00 00 00  00 00 00 00 00 00 00 00
00 00 00 00 00 00 00 00  00 00 00 00 00 00 00 00
00 00 00 00 00 00 00 00  00 00 00 00 00 00 00 00
00 00 00 00 00 00 00 00  00 00 00 00 00 00 00 00
00 00 00 00 00 00 00 00  00 00 00 00 00 00 00 00
00 00 00 00 00 00 00 00  00 00 00 00 00 00 00 00
00 00 00 00 00 00 00 00  00 00 00 00 00 00 00 00
00 00 00 00 00 00 00 00  00 00 00 00 00 00 00 00
00 00 00 00 00 00 00 00  00 00 00 00 00 00 00 00
00 00 00 00 00 00 00 00  00 00 00 00 00 00 00 00
00 00 00 00 00 00 00 00  00 00 00 00 00 00 00 00
00 00 00 00 00 00 00 00  00 00 00 00 00 00 00 00
src regs sR: { 7B 00 01 02 }
dst regs dR: { 03 04 }
IS: 1 IP: 0
Your code halted, but didn't solve puzzle copyreg.
Try again to balance the score
 === machine state === 
mem M:
E6 02 08 FE 56 9C 92 EA  00 0C 02 5A A0 96 EE 00
10 06 5E A4 9A F2 00 14  0A 62 A8 9E F6 00 18 0E
66 AC A2 FA 00 1C 12 6A  B0 A6 FE 00 20 16 6E B4
AA EC 00 24 1A 72 B8 AE  00 00 28 1E 76 BC B2 00
00 2C 22 7A C0 B6 00 00  30 26 7E C4 BA 00 00 34
2A 82 C8 BE 00 00 38 2E  86 CC C2 00 00 3C 32 8A
D0 C6 00 00 40 36 8E D4  CA 00 00 44 3A 92 D8 CE
00 03 48 3E 96 DC D2 00  06 4C 42 9A E0 D6 00 0A
50 46 9E E4 DA 00 0E 54  4A A2 E8 DE 00 12 58 4E
A6 EC E2 00 16 5C 52 AA  F0 E6 00 1A 60 56 AE F4
EA 00 1E 64 5A B2 F8 EE  00 22 68 5E B6 FC F2 00
26 6C E8 BA 14 F6 00 2A  70 66 BE 00 FA 00 2E 74
6A C2 00 FE 00 32 78 6E  C6 00 00 00 36 7C 72 CA
00 00 00 3A 80 76 CE 00  00 00 3E 84 7A D2 00 00
00 42 88 7E D6 00 00 00  46 8C 82 DA 00 00 00 4A
90 86 DE 00 00 00 4E 94  8A E2 00 04 00 52 98 8E
src regs sR: { C3 31 01 B4 }
dst regs dR: { FD B2 }
IS: 3 IP: 5
% 
[balance] Running test 1/5...

 === machine state === 
mem M:
01 02 04 08 10 20 40 80  00 00 00 00 00 00 00 00
00 00 00 00 00 00 00 00  00 00 00 00 00 00 00 00
00 00 00 00 00 00 00 00  00 00 00 00 00 00 00 00
00 00 00 00 00 00 00 00  00 00 00 00 00 00 00 00
00 00 00 00 00 00 00 00  00 00 00 00 00 00 00 00
00 00 00 00 00 00 00 00  00 00 00 00 00 00 00 00
00 00 00 00 00 00 00 00  00 00 00 00 00 00 00 00
00 00 00 00 00 00 00 00  00 00 00 00 00 00 00 00
00 00 00 00 00 00 00 00  00 00 00 00 00 00 00 00
00 00 00 00 00 00 00 00  00 00 00 00 00 00 00 00
00 00 00 00 00 00 00 00  00 00 00 00 00 00 00 00
00 00 00 00 00 00 00 00  00 00 00 00 00 00 00 00
00 00 00 00 00 00 00 00  00 00 00 00 00 00 00 00
00 00 00 00 00 00 00 00  00 00 00 00 00 00 00 00
00 00 00 00 00 00 00 00  00 00 00 00 00 00 00 00
00 00 00 00 00 00 00 00  00 00 00 00 00 00 00 00
src regs sR: { 54 00 01 02 }
dst regs dR: { 03 04 }
IS: 1 IP: 0
 === machine state === 
mem M:
6A 02 08 FE 00 9C 92 6E  00 0C 70 00 A0 96 72 00
10 06 00 A4 9A 76 00 14  0A 00 A8 9E 7A 00 18 0E
00 AC A2 7E 00 1C 12 00  B0 A6 82 00 20 16 00 B4
AA 86 00 24 1A 00 B8 AE  8A 00 28 1E 00 BC B2 8E
00 2C 22 00 C0 B6 92 00  30 26 03 C4 BA 96 00 34
2A 06 C8 BE 9A 00 38 2E  0A CC C2 9E 00 3C 32 0E
D0 C6 A2 00 40 36 12 D4  CA A6 00 44 3A 16 D8 CE
AA 00 48 3E 1A DC D2 AE  00 4C 42 1E E0 D6 B2 00
50 46 22 E4 DA B6 00 54  4A 26 E8 DE BA 00 58 4E
2A EC E2 BE 00 5C 52 2E  F0 E6 C2 00 60 56 32 F4
EA C6 00 64 5A 36 F8 EE  CA 00 68 5E 3A FC F2 CE
00 6C 60 3E 90 F6 D2 00  70 66 42 00 FA D6 00 74
6A 46 00 FE DA 00 78 6E  4A 00 00 DE 00 7C 72 4E
00 00 E2 00 80 76 52 00  00 E6 00 84 7A 56 00 00
EA 00 88 7E 5A 00 00 EE  00 8C 82 5E 00 00 F2 00
90 86 62 00 00 F6 00 94  8A 66 00 04 FA 00 98 8E
src regs sR: { C3 0A 01 B4 }
dst regs dR: { FD B2 }
IS: 3 IP: 5

[balance] Running test 2/5...

 === machine state === 
mem M:
01 02 04 08 10 20 40 80  00 00 00 00 00 00 00 00
00 00 00 00 00 00 00 00  00 00 00 00 00 00 00 00
00 00 00 00 00 00 00 00  00 00 00 00 00 00 00 00
00 00 00 00 00 00 00 00  00 00 00 00 00 00 00 00
00 00 00 00 00 00 00 00  00 00 00 00 00 00 00 00
00 00 00 00 00 00 00 00  00 00 00 00 00 00 00 00
00 00 00 00 00 00 00 00  00 00 00 00 00 00 00 00
00 00 00 00 00 00 00 00  00 00 00 00 00 00 00 00
00 00 00 00 00 00 00 00  00 00 00 00 00 00 00 00
00 00 00 00 00 00 00 00  00 00 00 00 00 00 00 00
00 00 00 00 00 00 00 00  00 00 00 00 00 00 00 00
00 00 00 00 00 00 00 00  00 00 00 00 00 00 00 00
00 00 00 00 00 00 00 00  00 00 00 00 00 00 00 00
00 00 00 00 00 00 00 00  00 00 00 00 00 00 00 00
00 00 00 00 00 00 00 00  00 00 00 00 00 00 00 00
00 00 00 00 00 00 00 00  00 00 00 00 00 00 00 00
src regs sR: { 4E 00 01 02 }
dst regs dR: { 03 04 }
IS: 1 IP: 0
. === machine state === 
mem M:
7C 20 A3 8A 49 22 4B F2  B1 8E 00 BF 98 F1 68 27
20 06 35 0E 97 DE 9D 76  0A AB 84 3D 54 13 EC 0E
21 FA E3 CA 89 62 12 97  70 89 40 FF D8 16 0D E6
2F B6 75 4E 1A 83 5C D5  2C EB C4 1E F9 D2 7B A2
61 3A 22 6F 48 21 18 D7  B0 26 E5 BE C7 8E 4D 26
2A 5B 34 6D 04 C3 9C 2E  D1 AA 13 7A 39 12 32 47
20 B9 F0 AF 88 36 BD 96  5F 66 25 FE 3A 33 0C 05
DC 9B 74 3E A9 82 AB 52  11 EA 42 1F F8 51 C8 87
60 46 95 6E F7 3E FD D6  4A 0B E4 9D B4 73 4C 4E
81 5A 43 2A E9 C2 52 F7  D0 E9 A0 5F 38 56 6D 46
8F 16 D5 AE 5A E3 BC 35  8C 4B 24 5E 59 32 DB 02
C1 9A 62 CF A8 81 78 37  10 66 45 1E 27 EE AD 86
CF C5 94 CD 64 23 FC 75  2D 0A 73 DA 99 72 1B 42
B7 19 50 0F E8 C1 B8 DE  BF C6 85 5E 67 2E 84 65
3C FB D4 0D A4 2A 0B B2  71 4A B3 1A D0 B1 28 E7
C0 59 90 45 57 9E 5D 36  FF 06 D7 FD 14 D3 AC A5
src regs sR: { BA C8 01 D0 }
dst regs dR: { FD 01 }
IS: 3 IP: 5

[balance] Running test 3/5...

 === machine state === 
mem M:
01 02 04 08 10 20 40 80  00 00 00 00 00 00 00 00
00 00 00 00 00 00 00 00  00 00 00 00 00 00 00 00
00 00 00 00 00 00 00 00  00 00 00 00 00 00 00 00
00 00 00 00 00 00 00 00  00 00 00 00 00 00 00 00
00 00 00 00 00 00 00 00  00 00 00 00 00 00 00 00
00 00 00 00 00 00 00 00  00 00 00 00 00 00 00 00
00 00 00 00 00 00 00 00  00 00 00 00 00 00 00 00
00 00 00 00 00 00 00 00  00 00 00 00 00 00 00 00
00 00 00 00 00 00 00 00  00 00 00 00 00 00 00 00
00 00 00 00 00 00 00 00  00 00 00 00 00 00 00 00
00 00 00 00 00 00 00 00  00 00 00 00 00 00 00 00
00 00 00 00 00 00 00 00  00 00 00 00 00 00 00 00
00 00 00 00 00 00 00 00  00 00 00 00 00 00 00 00
00 00 00 00 00 00 00 00  00 00 00 00 00 00 00 00
00 00 00 00 00 00 00 00  00 00 00 00 00 00 00 00
00 00 00 00 00 00 00 00  00 00 00 00 00 00 00 00
src regs sR: { 85 00 01 02 }
dst regs dR: { 03 04 }
IS: 1 IP: 0
Your code halted, but didn't solve puzzle copyreg.
Try again to balance the score
 === machine state === 
mem M:
4E 02 08 E2 00 9C 92 52  00 0C E6 00 A0 96 56 00
10 EA 00 A4 9A 5A 00 14  EE 00 A8 9E 5E 00 18 F2
00 AC A2 62 00 1C F6 00  B0 A6 66 00 20 FA 00 B4
AA 6A 00 24 FE 00 B8 AE  6E 00 28 54 00 BC B2 72
00 2C 22 00 C0 B6 76 00  30 26 00 C4 BA 7A 00 34
2A 00 C8 BE 7E 00 38 2E  00 CC C2 82 00 3C 32 00
D0 C6 86 00 40 36 00 D4  CA 8A 00 44 3A 00 D8 CE
8E 00 48 3E 00 DC D2 92  00 4C 42 03 E0 D6 96 00
50 46 06 E4 DA 9A 00 54  4A 0A E8 DE 9E 00 58 4E
0E EC E2 A2 00 5C 52 12  F0 E6 A6 00 60 56 16 F4
EA AA 00 64 5A 1A F8 EE  AE 00 68 5E 1E FC F2 B2
00 6C 50 22 AC F6 B6 00  70 66 26 00 FA BA 00 74
6A 2A 00 FE BE 00 78 6E  2E 00 00 C2 00 7C 72 32
00 00 C6 00 80 76 36 00  00 CA 00 84 7A 3A 00 00
CE 00 88 7E 3E 00 00 D2  00 8C 82 42 00 00 D6 00
90 86 46 00 00 DA 00 94  8A 4A 00 04 DE 00 98 8E
src regs sR: { C3 3B 01 B4 }
dst regs dR: { FD B2 }
IS: 3 IP: 5
% 
[balance] Running test 1/5...

 === machine state === 
mem M:
01 02 04 08 10 20 40 80  00 00 00 00 00 00 00 00
00 00 00 00 00 00 00 00  00 00 00 00 00 00 00 00
00 00 00 00 00 00 00 00  00 00 00 00 00 00 00 00
00 00 00 00 00 00 00 00  00 00 00 00 00 00 00 00
00 00 00 00 00 00 00 00  00 00 00 00 00 00 00 00
00 00 00 00 00 00 00 00  00 00 00 00 00 00 00 00
00 00 00 00 00 00 00 00  00 00 00 00 00 00 00 00
00 00 00 00 00 00 00 00  00 00 00 00 00 00 00 00
00 00 00 00 00 00 00 00  00 00 00 00 00 00 00 00
00 00 00 00 00 00 00 00  00 00 00 00 00 00 00 00
00 00 00 00 00 00 00 00  00 00 00 00 00 00 00 00
00 00 00 00 00 00 00 00  00 00 00 00 00 00 00 00
00 00 00 00 00 00 00 00  00 00 00 00 00 00 00 00
00 00 00 00 00 00 00 00  00 00 00 00 00 00 00 00
00 00 00 00 00 00 00 00  00 00 00 00 00 00 00 00
00 00 00 00 00 00 00 00  00 00 00 00 00 00 00 00
src regs sR: { 6F 00 01 02 }
dst regs dR: { 03 04 }
IS: 1 IP: 0
Your code halted, but didn't solve puzzle copyreg.
Try again to balance the score
 === machine state === 
mem M:
01 02 EE FE 00 9C 92 05  00 F2 02 00 A0 96 00 00
F6 06 00 A4 9A 00 00 FA  0A 00 A8 9E 00 00 FE 0E
00 AC A2 00 00 07 12 00  B0 A6 00 00 20 16 00 B4
AA 00 00 24 1A 00 B8 AE  00 00 28 1E 00 BC B2 00
00 2C 22 00 C0 B6 00 00  30 26 00 C4 BA 00 00 34
2A 00 C8 BE 00 00 38 2E  00 CC C2 00 00 3C 32 00
D0 C6 00 00 40 36 00 D4  CA 00 00 44 3A 00 D8 CE
00 00 48 3E 00 DC D2 00  00 4C 42 00 E0 D6 00 00
50 46 00 E4 DA 00 00 54  4A 00 E8 DE 00 00 58 4E
00 EC E2 00 00 5C 52 00  F0 E6 00 00 60 56 00 F4
EA 00 00 64 5A 00 F8 EE  00 00 68 5E 00 FC F2 00
00 6C 05 00 FB F6 00 00  70 66 00 00 FA 00 00 74
6A 00 00 FE 00 00 78 6E  00 00 CE 00 00 7C 72 00
00 D2 00 00 80 76 00 00  D6 00 00 84 7A 00 00 DA
00 00 88 7E 00 00 DE 00  00 8C 82 00 00 E2 00 00
90 86 00 00 E6 00 00 94  8A 00 00 EA 00 00 98 8E
src regs sR: { C3 25 01 B4 }
dst regs dR: { FD B2 }
IS: 3 IP: 5
% 
[balance] Running test 1/5...

 === machine state === 
mem M:
01 02 04 08 10 20 40 80  00 00 00 00 00 00 00 00
00 00 00 00 00 00 00 00  00 00 00 00 00 00 00 00
00 00 00 00 00 00 00 00  00 00 00 00 00 00 00 00
00 00 00 00 00 00 00 00  00 00 00 00 00 00 00 00
00 00 00 00 00 00 00 00  00 00 00 00 00 00 00 00
00 00 00 00 00 00 00 00  00 00 00 00 00 00 00 00
00 00 00 00 00 00 00 00  00 00 00 00 00 00 00 00
00 00 00 00 00 00 00 00  00 00 00 00 00 00 00 00
00 00 00 00 00 00 00 00  00 00 00 00 00 00 00 00
00 00 00 00 00 00 00 00  00 00 00 00 00 00 00 00
00 00 00 00 00 00 00 00  00 00 00 00 00 00 00 00
00 00 00 00 00 00 00 00  00 00 00 00 00 00 00 00
00 00 00 00 00 00 00 00  00 00 00 00 00 00 00 00
00 00 00 00 00 00 00 00  00 00 00 00 00 00 00 00
00 00 00 00 00 00 00 00  00 00 00 00 00 00 00 00
00 00 00 00 00 00 00 00  00 00 00 00 00 00 00 00
src regs sR: { B5 00 01 02 }
dst regs dR: { 03 04 }
IS: 1 IP: 0
Your code halted, but didn't solve puzzle copyreg.
Try again to balance the score
 === machine state === 
mem M:
01 02 C6 FE 00 9C 92 05  00 CA 02 00 A0 96 00 00
CE 06 00 A4 9A 00 00 D2  0A 00 A8 9E 00 00 D6 0E
00 AC A2 00 00 DA 12 00  B0 A6 00 00 DE 16 00 B4
AA 00 00 E2 1A 00 B8 AE  00 00 E6 1E 00 BC B2 00
00 EA 22 00 C0 B6 00 00  EE 26 00 C4 BA 00 00 F2
2A 00 C8 BE 00 00 F6 2E  00 CC C2 00 00 FA 32 00
D0 C6 00 00 FE 36 00 D4  CA 00 00 07 3A 00 D8 CE
00 00 48 3E 00 DC D2 00  00 4C 42 00 E0 D6 00 00
50 46 00 E4 DA 00 00 54  4A 00 E8 DE 00 00 58 4E
00 EC E2 00 00 5C 52 00  F0 E6 00 00 60 56 00 F4
EA 00 00 64 5A 00 F8 EE  00 00 68 5E 00 FC F2 00
00 6C 05 00 FB F6 00 00  70 66 00 00 FA 00 00 74
6A 00 00 FE 00 00 78 6E  00 00 A6 00 00 7C 72 00
00 AA 00 00 80 76 00 00  AE 00 00 84 7A 00 00 B2
00 00 88 7E 00 00 B6 00  00 8C 82 00 00 BA 00 00
90 86 00 00 BE 00 00 94  8A 00 00 C2 00 00 98 8E
src regs sR: { C3 6B 01 B4 }
dst regs dR: { FD B2 }
IS: 3 IP: 5
% 
[balance] Running test 1/5...

 === machine state === 
mem M:
01 02 04 08 10 20 40 80  00 00 00 00 00 00 00 00
00 00 00 00 00 00 00 00  00 00 00 00 00 00 00 00
00 00 00 00 00 00 00 00  00 00 00 00 00 00 00 00
00 00 00 00 00 00 00 00  00 00 00 00 00 00 00 00
00 00 00 00 00 00 00 00  00 00 00 00 00 00 00 00
00 00 00 00 00 00 00 00  00 00 00 00 00 00 00 00
00 00 00 00 00 00 00 00  00 00 00 00 00 00 00 00
00 00 00 00 00 00 00 00  00 00 00 00 00 00 00 00
00 00 00 00 00 00 00 00  00 00 00 00 00 00 00 00
00 00 00 00 00 00 00 00  00 00 00 00 00 00 00 00
00 00 00 00 00 00 00 00  00 00 00 00 00 00 00 00
00 00 00 00 00 00 00 00  00 00 00 00 00 00 00 00
00 00 00 00 00 00 00 00  00 00 00 00 00 00 00 00
00 00 00 00 00 00 00 00  00 00 00 00 00 00 00 00
00 00 00 00 00 00 00 00  00 00 00 00 00 00 00 00
00 00 00 00 00 00 00 00  00 00 00 00 00 00 00 00
src regs sR: { 63 00 01 02 }
dst regs dR: { 03 04 }
IS: 1 IP: 0
...Your code halted, but didn't solve puzzle copyreg.
Try again to balance the score
 === machine state === 
mem M:
8C A2 DF DA FC BA 4F D0  E6 23 1E 40 FE 93 14 2A
67 62 84 42 D7 58 6E B2  A6 C8 86 1B 9C B2 F6 EA
0C CA 5F E0 F6 3A 2E 50  0E A3 24 3A 7E 72 94 52
E7 68 7E C2 B6 D8 96 2B  AC C2 06 FA 1C DA 6F F0
06 4A 3E 60 1E B3 9B 4A  8E 82 A4 62 F7 F2 8E D2
C6 E8 A6 3B 36 D2 16 0A  2C EA 7F 7A 16 5A 4E 70
2E C3 BE 5A 9E 92 B4 72  07 02 9E E2 9C F8 B6 4B
46 E2 26 E0 3C FA 8F 8A  26 6A 24 80 3E D3 CE 6A
AE 68 C4 82 17 12 AE F2  AC 08 C6 5B 56 F2 36 F0
4C 0A 9F 9A 36 7A 34 90  4E E3 DE 7A BE 78 D4 92
27 22 09 02 BC 18 D6 6B  66 88 46 00 5C 1A AF AA
CC 8A C5 A0 5E F3 EE 10  CE 09 E4 AB 37 32 54 12
A7 28 14 7B 76 98 56 EB  6C CA BF BA DC 9A 2F B0
80 03 FE 20 DE 73 F4 36  47 42 64 22 B7 38 EC 8B
86 A8 66 FB 7C A2 CF CA  EC AA 3F C0 58 13 0E 30
EE 83 04 0E 57 52 74 32  C7 48 C4 9B 96 B8 76 0B
src regs sR: { 65 BB 01 46 }
dst regs dR: { AF A2 }
IS: 3 IP: 5
% 
[balance] Running test 1/5...

 === machine state === 
mem M:
01 02 04 08 10 20 40 80  00 00 00 00 00 00 00 00
00 00 00 00 00 00 00 00  00 00 00 00 00 00 00 00
00 00 00 00 00 00 00 00  00 00 00 00 00 00 00 00
00 00 00 00 00 00 00 00  00 00 00 00 00 00 00 00
00 00 00 00 00 00 00 00  00 00 00 00 00 00 00 00
00 00 00 00 00 00 00 00  00 00 00 00 00 00 00 00
00 00 00 00 00 00 00 00  00 00 00 00 00 00 00 00
00 00 00 00 00 00 00 00  00 00 00 00 00 00 00 00
00 00 00 00 00 00 00 00  00 00 00 00 00 00 00 00
00 00 00 00 00 00 00 00  00 00 00 00 00 00 00 00
00 00 00 00 00 00 00 00  00 00 00 00 00 00 00 00
00 00 00 00 00 00 00 00  00 00 00 00 00 00 00 00
00 00 00 00 00 00 00 00  00 00 00 00 00 00 00 00
00 00 00 00 00 00 00 00  00 00 00 00 00 00 00 00
00 00 00 00 00 00 00 00  00 00 00 00 00 00 00 00
00 00 00 00 00 00 00 00  00 00 00 00 00 00 00 00
src regs sR: { 9A 00 01 02 }
dst regs dR: { 03 04 }
IS: 1 IP: 0
 === machine state === 
mem M:
42 02 08 D6 00 9C 92 46  00 0C DA 00 A0 96 4A 00
10 DE 00 A4 9A 4E 00 14  E2 00 A8 9E 52 00 18 E6
00 AC A2 56 00 1C EA 00  B0 A6 5A 00 20 EE 00 B4
AA 5E 00 24 F2 00 B8 AE  62 00 28 F6 00 BC B2 66
00 2C FA 00 C0 B6 6A 00  30 FE 00 C4 BA 6E 00 34
48 00 C8 BE 72 00 38 2E  00 CC C2 76 00 3C 32 00
D0 C6 7A 00 40 36 00 D4  CA 7E 00 44 3A 00 D8 CE
82 00 48 3E 00 DC D2 86  00 4C 42 00 E0 D6 8A 00
50 46 00 E4 DA 8E 00 54  4A 00 E8 DE 92 00 58 4E
03 EC E2 96 00 5C 52 06  F0 E6 9A 00 60 56 0A F4
EA 9E 00 64 5A 0E F8 EE  A2 00 68 5E 12 FC F2 A6
00 6C 40 16 B8 F6 AA 00  70 66 1A 00 FA AE 00 74
6A 1E 00 FE B2 00 78 6E  22 00 00 B6 00 7C 72 26
00 00 BA 00 80 76 2A 00  00 BE 00 84 7A 2E 00 00
C2 00 88 7E 32 00 00 C6  00 8C 82 36 00 00 CA 00
90 86 3A 00 00 CE 00 94  8A 3E 00 04 D2 00 98 8E
src regs sR: { C3 50 01 B4 }
dst regs dR: { FD B2 }
IS: 3 IP: 5

[balance] Running test 2/5...

 === machine state === 
mem M:
01 02 04 08 10 20 40 80  00 00 00 00 00 00 00 00
00 00 00 00 00 00 00 00  00 00 00 00 00 00 00 00
00 00 00 00 00 00 00 00  00 00 00 00 00 00 00 00
00 00 00 00 00 00 00 00  00 00 00 00 00 00 00 00
00 00 00 00 00 00 00 00  00 00 00 00 00 00 00 00
00 00 00 00 00 00 00 00  00 00 00 00 00 00 00 00
00 00 00 00 00 00 00 00  00 00 00 00 00 00 00 00
00 00 00 00 00 00 00 00  00 00 00 00 00 00 00 00
00 00 00 00 00 00 00 00  00 00 00 00 00 00 00 00
00 00 00 00 00 00 00 00  00 00 00 00 00 00 00 00
00 00 00 00 00 00 00 00  00 00 00 00 00 00 00 00
00 00 00 00 00 00 00 00  00 00 00 00 00 00 00 00
00 00 00 00 00 00 00 00  00 00 00 00 00 00 00 00
00 00 00 00 00 00 00 00  00 00 00 00 00 00 00 00
00 00 00 00 00 00 00 00  00 00 00 00 00 00 00 00
00 00 00 00 00 00 00 00  00 00 00 00 00 00 00 00
src regs sR: { 24 00 01 02 }
dst regs dR: { 03 04 }
IS: 1 IP: 0
Your code halted, but didn't solve puzzle copyreg.
Try again to balance the score
 === machine state === 
mem M:
01 FB EF FE E1 26 17 05  F1 BE 02 E7 2C 1D 00 E7
80 06 ED 32 23 00 DD F6  0A F3 38 29 00 05 EC 0E
C2 3E 2F 00 00 E2 12 1E  44 35 00 27 D8 16 14 4A
3B 00 2D 00 1A 0A 50 41  00 33 28 1E 00 56 47 00
39 2C 22 00 5C 4D 00 3F  30 26 00 62 53 00 45 34
2A 00 68 59 00 4B 38 2E  00 6E 5F 00 51 3C 32 00
74 65 00 57 40 36 00 7A  6B 00 5D 44 3A 00 80 71
00 63 48 3E 00 86 77 00  69 4C 42 00 8C 7D 00 6F
50 46 00 92 83 00 75 54  4A 00 98 89 00 7B 58 4E
00 9E 8F 00 81 5C 52 00  A4 95 00 87 60 56 00 AA
9B 00 8D 64 5A 00 B0 A1  00 93 68 5E 00 B6 A7 00
99 6C 62 00 BC AD 00 9F  70 66 00 C2 B3 00 A5 74
6A 00 C8 B9 00 AB 78 6E  00 CE BF 00 B1 7C 72 00
D4 C5 00 B7 80 76 00 DA  CB 00 BD 02 7A 00 E0 D1
00 C3 08 7E 00 E6 D7 00  C9 0E FF 00 EC DD 00 CF
14 05 00 DD E3 00 D5 1A  0B 00 9F E9 00 DB 20 11
src regs sR: { 16 24 01 2C }
dst regs dR: { FD 33 }
IS: 3 IP: 5
% 
[balance] Running test 1/5...

 === machine state === 
mem M:
01 02 04 08 10 20 40 80  00 00 00 00 00 00 00 00
00 00 00 00 00 00 00 00  00 00 00 00 00 00 00 00
00 00 00 00 00 00 00 00  00 00 00 00 00 00 00 00
00 00 00 00 00 00 00 00  00 00 00 00 00 00 00 00
00 00 00 00 00 00 00 00  00 00 00 00 00 00 00 00
00 00 00 00 00 00 00 00  00 00 00 00 00 00 00 00
00 00 00 00 00 00 00 00  00 00 00 00 00 00 00 00
00 00 00 00 00 00 00 00  00 00 00 00 00 00 00 00
00 00 00 00 00 00 00 00  00 00 00 00 00 00 00 00
00 00 00 00 00 00 00 00  00 00 00 00 00 00 00 00
00 00 00 00 00 00 00 00  00 00 00 00 00 00 00 00
00 00 00 00 00 00 00 00  00 00 00 00 00 00 00 00
00 00 00 00 00 00 00 00  00 00 00 00 00 00 00 00
00 00 00 00 00 00 00 00  00 00 00 00 00 00 00 00
00 00 00 00 00 00 00 00  00 00 00 00 00 00 00 00
00 00 00 00 00 00 00 00  00 00 00 00 00 00 00 00
src regs sR: { C9 00 01 02 }
dst regs dR: { 03 04 }
IS: 1 IP: 0
. === machine state === 
mem M:
72 6B AA 1D 5A E7 0B 48  41 80 F3 30 BD E1 1E 17
56 C9 06 93 B7 F4 ED 2C  9F DC 69 8D CA C3 02 75
B2 3F 63 A0 99 D8 4B 88  15 39 76 70 AE 21 5E EB
0F 4C 46 84 F7 34 C1 E5  22 1C 5A CD 0A 97 BB F8
F2 30 A3 E0 6D 91 CE C8  06 79 B6 43 67 A4 9E DC
4F 8C 19 3D 7A 74 B2 25  62 EF 13 50 4A 88 FB 38
C5 E9 26 20 5E D1 0E 9B  BF FC F6 34 A7 E4 71 95
D2 CC 0A 7D BA 47 06 A8  A2 E0 53 90 1D C8 7E 78
B6 29 66 F3 9E 54 4E 8C  FF 3C 02 74 2A 24 62 D5
12 9F 4A 00 FA 38 AB E8  75 20 93 D0 0E 81 BE 4B
F6 69 A6 E4 57 94 21 CC  3F 7C BA 2D 6A F7 A2 15
52 90 03 40 CD 78 EB 28  66 D9 16 A3 4E C1 FE 8B
AF EC 79 24 97 D4 61 85  C2 4F FA 6D AA 37 5B 98
25 D0 43 80 0D 31 6E FB  A6 19 56 E3 07 44 FD 7C
EF 2C B9 DD 1A AA 52 C5  02 8F B3 F0 AE 28 9B D8
65 89 C6 B2 FE 71 AE 3B  5F 9C B6 D4 47 84 11 35
src regs sR: { B8 76 01 DE }
dst regs dR: { 5D 8A }
IS: 3 IP: 5

[balance] Running test 2/5...

 === machine state === 
mem M:
01 02 04 08 10 20 40 80  00 00 00 00 00 00 00 00
00 00 00 00 00 00 00 00  00 00 00 00 00 00 00 00
00 00 00 00 00 00 00 00  00 00 00 00 00 00 00 00
00 00 00 00 00 00 00 00  00 00 00 00 00 00 00 00
00 00 00 00 00 00 00 00  00 00 00 00 00 00 00 00
00 00 00 00 00 00 00 00  00 00 00 00 00 00 00 00
00 00 00 00 00 00 00 00  00 00 00 00 00 00 00 00
00 00 00 00 00 00 00 00  00 00 00 00 00 00 00 00
00 00 00 00 00 00 00 00  00 00 00 00 00 00 00 00
00 00 00 00 00 00 00 00  00 00 00 00 00 00 00 00
00 00 00 00 00 00 00 00  00 00 00 00 00 00 00 00
00 00 00 00 00 00 00 00  00 00 00 00 00 00 00 00
00 00 00 00 00 00 00 00  00 00 00 00 00 00 00 00
00 00 00 00 00 00 00 00  00 00 00 00 00 00 00 00
00 00 00 00 00 00 00 00  00 00 00 00 00 00 00 00
00 00 00 00 00 00 00 00  00 00 00 00 00 00 00 00
src regs sR: { A6 00 01 02 }
dst regs dR: { 03 04 }
IS: 1 IP: 0
.. === machine state === 
mem M:
28 F1 D3 5A F4 22 2B E0  D3 4E 3C AC 98 0D 98 0E
A0 1E 64 0E EF 50 97 76  00 1C 84 D1 08 79 EC BB
D4 FA B3 C0 5B 62 73 E2  70 95 78 3D D8 2B C4 E6
77 30 1F 4E E3 A6 5C 59  E8 01 C4 9B 88 D2 3B A0
E3 3A 53 6A 48 1D 58 C5  B0 0B 4C BE FF 66 A7 26
C3 2E 34 E1 48 89 9C 7B  10 AA C3 2A 6B 12 33 F2
20 A5 0C 4D 88 EB D4 96  87 EE 2F FE A3 B6 0C 69
D0 11 74 5B 98 82 4B B2  F3 EA 3C 7A F8 2D 94 D5
60 F4 5C 6E 0F 76 B7 D6  AC 3E E4 FF 58 99 4C 64
20 5A 73 3A 7B C2 1C 02  D0 99 1C 5D 38 D4 E4 46
BF FE 3F AE 8C C6 BC E5  E0 21 24 44 A8 32 0B C2
03 9A FC 8A A8 31 A4 E5  10 75 6C 1E 57 86 C7 86
57 4E B8 7D 68 A9 FC 39  30 70 A3 4A 8B 72 1B 12
28 C9 2C 72 E8 FD F4 E0  EF 0E A4 5E DF D6 98 15
F0 5C D4 C1 B8 50 3B D2  14 4A A3 9A 08 61 B4 CC
C0 85 7C C0 87 96 84 36  67 70 78 AD 78 3C AC 49
src regs sR: { F2 8B 01 D3 }
dst regs dR: { CF 0F }
IS: 3 IP: 5

[balance] Running test 3/5...

 === machine state === 
mem M:
01 02 04 08 10 20 40 80  00 00 00 00 00 00 00 00
00 00 00 00 00 00 00 00  00 00 00 00 00 00 00 00
00 00 00 00 00 00 00 00  00 00 00 00 00 00 00 00
00 00 00 00 00 00 00 00  00 00 00 00 00 00 00 00
00 00 00 00 00 00 00 00  00 00 00 00 00 00 00 00
00 00 00 00 00 00 00 00  00 00 00 00 00 00 00 00
00 00 00 00 00 00 00 00  00 00 00 00 00 00 00 00
00 00 00 00 00 00 00 00  00 00 00 00 00 00 00 00
00 00 00 00 00 00 00 00  00 00 00 00 00 00 00 00
00 00 00 00 00 00 00 00  00 00 00 00 00 00 00 00
00 00 00 00 00 00 00 00  00 00 00 00 00 00 00 00
00 00 00 00 00 00 00 00  00 00 00 00 00 00 00 00
00 00 00 00 00 00 00 00  00 00 00 00 00 00 00 00
00 00 00 00 00 00 00 00  00 00 00 00 00 00 00 00
00 00 00 00 00 00 00 00  00 00 00 00 00 00 00 00
00 00 00 00 00 00 00 00  00 00 00 00 00 00 00 00
src regs sR: { 3F 00 01 02 }
dst regs dR: { 03 04 }
IS: 1 IP: 0
Your code halted, but didn't solve puzzle copyreg.
Try again to balance the score
 === machine state === 
mem M:
76 02 08 FE 00 9C 92 7A  00 0C 02 00 A0 96 7E 00
10 06 00 A4 9A 82 00 14  0A 00 A8 9E 86 00 18 0E
00 AC A2 8A 00 1C 12 00  B0 A6 8E 00 20 16 00 B4
AA 92 00 24 1A 03 B8 AE  96 00 28 1E 06 BC B2 9A
00 2C 22 0A C0 B6 9E 00  30 26 0E C4 BA A2 00 34
2A 12 C8 BE A6 00 38 2E  16 CC C2 AA 00 3C 32 1A
D0 C6 AE 00 40 36 1E D4  CA B2 00 44 3A 22 D8 CE
B6 00 48 3E 26 DC D2 BA  00 4C 42 2A E0 D6 BE 00
50 46 2E E4 DA C2 00 54  4A 32 E8 DE C6 00 58 4E
36 EC E2 CA 00 5C 52 3A  F0 E6 CE 00 60 56 3E F4
EA D2 00 64 5A 42 F8 EE  D6 00 68 5E 46 FC F2 DA
00 6C 78 4A 84 F6 DE 00  70 66 4E 00 FA E2 00 74
6A 52 00 FE E6 00 78 6E  56 00 00 EA 00 7C 72 5A
00 00 EE 00 80 76 5E 00  00 F2 00 84 7A 62 00 00
F6 00 88 7E 66 00 00 FA  00 8C 82 6A 00 00 FE 00
90 86 6E 00 00 7C 00 94  8A 72 00 04 00 00 98 8E
src regs sR: { C3 F5 01 B4 }
dst regs dR: { FD B2 }
IS: 3 IP: 5
% 
[balance] Running test 1/5...

 === machine state === 
mem M:
01 02 04 08 10 20 40 80  00 00 00 00 00 00 00 00
00 00 00 00 00 00 00 00  00 00 00 00 00 00 00 00
00 00 00 00 00 00 00 00  00 00 00 00 00 00 00 00
00 00 00 00 00 00 00 00  00 00 00 00 00 00 00 00
00 00 00 00 00 00 00 00  00 00 00 00 00 00 00 00
00 00 00 00 00 00 00 00  00 00 00 00 00 00 00 00
00 00 00 00 00 00 00 00  00 00 00 00 00 00 00 00
00 00 00 00 00 00 00 00  00 00 00 00 00 00 00 00
00 00 00 00 00 00 00 00  00 00 00 00 00 00 00 00
00 00 00 00 00 00 00 00  00 00 00 00 00 00 00 00
00 00 00 00 00 00 00 00  00 00 00 00 00 00 00 00
00 00 00 00 00 00 00 00  00 00 00 00 00 00 00 00
00 00 00 00 00 00 00 00  00 00 00 00 00 00 00 00
00 00 00 00 00 00 00 00  00 00 00 00 00 00 00 00
00 00 00 00 00 00 00 00  00 00 00 00 00 00 00 00
00 00 00 00 00 00 00 00  00 00 00 00 00 00 00 00
src regs sR: { 14 00 01 02 }
dst regs dR: { 03 04 }
IS: 1 IP: 0
 === machine state === 
mem M:
01 02 08 FE 00 9C 92 FE  00 0C 02 00 A0 96 00 00
10 06 00 A4 9A 00 00 14  0A 00 A8 9E 00 00 18 0E
00 AC A2 00 00 1C 12 00  B0 A6 00 00 20 16 00 B4
AA 00 00 24 1A 00 B8 AE  00 00 28 1E 00 BC B2 00
00 2C 22 00 C0 B6 00 00  30 26 00 C4 BA 00 00 34
2A 00 C8 BE 00 00 38 2E  00 CC C2 00 00 3C 32 00
D0 C6 00 00 40 36 00 D4  CA 00 00 44 3A 00 D8 CE
00 00 48 3E 00 DC D2 00  00 4C 42 00 E0 D6 00 00
50 46 00 E4 DA 00 00 54  4A 00 E8 DE 00 00 58 4E
00 EC E2 00 00 5C 52 00  F0 E6 00 00 60 56 00 F4
EA 00 00 64 5A 00 F8 EE  00 00 68 5E 00 FC F2 00
00 6C 00 00 00 F6 00 00  70 66 00 00 FA 00 00 74
6A 00 00 FE 00 00 78 6E  00 00 00 00 00 7C 72 00
00 00 00 00 80 76 00 00  00 00 00 84 7A 00 00 00
00 00 88 7E 00 00 00 00  00 8C 82 00 00 00 00 00
90 86 00 00 00 00 00 94  8A 00 00 04 00 00 98 8E
src regs sR: { C3 CA 01 B4 }
dst regs dR: { FD B2 }
IS: 3 IP: 5

[balance] Running test 2/5...

 === machine state === 
mem M:
01 02 04 08 10 20 40 80  00 00 00 00 00 00 00 00
00 00 00 00 00 00 00 00  00 00 00 00 00 00 00 00
00 00 00 00 00 00 00 00  00 00 00 00 00 00 00 00
00 00 00 00 00 00 00 00  00 00 00 00 00 00 00 00
00 00 00 00 00 00 00 00  00 00 00 00 00 00 00 00
00 00 00 00 00 00 00 00  00 00 00 00 00 00 00 00
00 00 00 00 00 00 00 00  00 00 00 00 00 00 00 00
00 00 00 00 00 00 00 00  00 00 00 00 00 00 00 00
00 00 00 00 00 00 00 00  00 00 00 00 00 00 00 00
00 00 00 00 00 00 00 00  00 00 00 00 00 00 00 00
00 00 00 00 00 00 00 00  00 00 00 00 00 00 00 00
00 00 00 00 00 00 00 00  00 00 00 00 00 00 00 00
00 00 00 00 00 00 00 00  00 00 00 00 00 00 00 00
00 00 00 00 00 00 00 00  00 00 00 00 00 00 00 00
00 00 00 00 00 00 00 00  00 00 00 00 00 00 00 00
00 00 00 00 00 00 00 00  00 00 00 00 00 00 00 00
src regs sR: { ED 00 01 02 }
dst regs dR: { 03 04 }
IS: 1 IP: 0
Your code halted, but didn't solve puzzle copyreg.
Try again to balance the score
 === machine state === 
mem M:
01 02 A6 FE 00 9C 92 05  00 AA 02 00 A0 96 00 00
AE 06 00 A4 9A 00 00 B2  0A 00 A8 9E 00 00 B6 0E
00 AC A2 00 00 BA 12 00  B0 A6 00 00 BE 16 00 B4
AA 00 00 C2 1A 00 B8 AE  00 00 C6 1E 00 BC B2 00
00 CA 22 00 C0 B6 00 00  CE 26 00 C4 BA 00 00 D2
2A 00 C8 BE 00 00 D6 2E  00 CC C2 00 00 DA 32 00
D0 C6 00 00 DE 36 00 D4  CA 00 00 E2 3A 00 D8 CE
00 00 E6 3E 00 DC D2 00  00 EA 42 00 E0 D6 00 00
EE 46 00 E4 DA 00 00 F2  4A 00 E8 DE 00 00 F6 4E
00 EC E2 00 00 FA 52 00  F0 E6 00 00 FE 56 00 F4
EA 00 00 07 5A 00 F8 EE  00 00 68 5E 00 FC F2 00
00 6C 05 00 FB F6 00 00  70 66 00 00 FA 00 00 74
6A 00 00 FE 00 00 78 6E  00 00 86 00 00 7C 72 00
00 8A 00 00 80 76 00 00  8E 00 00 84 7A 00 00 92
00 00 88 7E 00 00 96 00  00 8C 82 00 00 9A 00 00
90 86 00 00 9E 00 00 94  8A 00 00 A2 00 00 98 8E
src regs sR: { C3 A3 01 B4 }
dst regs dR: { FD B2 }
IS: 3 IP: 5
% 
[balance] Running test 1/5...

 === machine state === 
mem M:
01 02 04 08 10 20 40 80  00 00 00 00 00 00 00 00
00 00 00 00 00 00 00 00  00 00 00 00 00 00 00 00
00 00 00 00 00 00 00 00  00 00 00 00 00 00 00 00
00 00 00 00 00 00 00 00  00 00 00 00 00 00 00 00
00 00 00 00 00 00 00 00  00 00 00 00 00 00 00 00
00 00 00 00 00 00 00 00  00 00 00 00 00 00 00 00
00 00 00 00 00 00 00 00  00 00 00 00 00 00 00 00
00 00 00 00 00 00 00 00  00 00 00 00 00 00 00 00
00 00 00 00 00 00 00 00  00 00 00 00 00 00 00 00
00 00 00 00 00 00 00 00  00 00 00 00 00 00 00 00
00 00 00 00 00 00 00 00  00 00 00 00 00 00 00 00
00 00 00 00 00 00 00 00  00 00 00 00 00 00 00 00
00 00 00 00 00 00 00 00  00 00 00 00 00 00 00 00
00 00 00 00 00 00 00 00  00 00 00 00 00 00 00 00
00 00 00 00 00 00 00 00  00 00 00 00 00 00 00 00
00 00 00 00 00 00 00 00  00 00 00 00 00 00 00 00
src regs sR: { F2 00 01 02 }
dst regs dR: { 03 04 }
IS: 1 IP: 0
 === machine state === 
mem M:
A2 02 08 FE 12 9C 92 A6  00 0C 02 16 A0 96 AA 00
10 06 1A A4 9A AE 00 14  0A 1E A8 9E B2 00 18 0E
22 AC A2 B6 00 1C 12 26  B0 A6 BA 00 20 16 2A B4
AA BE 00 24 1A 2E B8 AE  C2 00 28 1E 32 BC B2 C6
00 2C 22 36 C0 B6 CA 00  30 26 3A C4 BA CE 00 34
2A 3E C8 BE D2 00 38 2E  42 CC C2 D6 00 3C 32 46
D0 C6 DA 00 40 36 4A D4  CA DE 00 44 3A 4E D8 CE
E2 00 48 3E 52 DC D2 E6  00 4C 42 56 E0 D6 EA 00
50 46 5A E4 DA EE 00 54  4A 5E E8 DE F2 00 58 4E
62 EC E2 F6 00 5C 52 66  F0 E6 FA 00 60 56 6A F4
EA FE 00 64 5A 6E F8 EE  A8 00 68 5E 72 FC F2 00
00 6C A0 76 58 F6 00 00  70 66 7A 00 FA 00 00 74
6A 7E 00 FE 00 00 78 6E  82 00 00 00 00 7C 72 86
00 00 00 00 80 76 8A 00  00 00 00 84 7A 8E 00 00
00 00 88 7E 92 00 00 00  03 8C 82 96 00 00 00 06
90 86 9A 00 00 00 0A 94  8A 9E 00 04 00 0E 98 8E
src regs sR: { C3 A8 01 B4 }
dst regs dR: { FD B2 }
IS: 3 IP: 5

[balance] Running test 2/5...

 === machine state === 
mem M:
01 02 04 08 10 20 40 80  00 00 00 00 00 00 00 00
00 00 00 00 00 00 00 00  00 00 00 00 00 00 00 00
00 00 00 00 00 00 00 00  00 00 00 00 00 00 00 00
00 00 00 00 00 00 00 00  00 00 00 00 00 00 00 00
00 00 00 00 00 00 00 00  00 00 00 00 00 00 00 00
00 00 00 00 00 00 00 00  00 00 00 00 00 00 00 00
00 00 00 00 00 00 00 00  00 00 00 00 00 00 00 00
00 00 00 00 00 00 00 00  00 00 00 00 00 00 00 00
00 00 00 00 00 00 00 00  00 00 00 00 00 00 00 00
00 00 00 00 00 00 00 00  00 00 00 00 00 00 00 00
00 00 00 00 00 00 00 00  00 00 00 00 00 00 00 00
00 00 00 00 00 00 00 00  00 00 00 00 00 00 00 00
00 00 00 00 00 00 00 00  00 00 00 00 00 00 00 00
00 00 00 00 00 00 00 00  00 00 00 00 00 00 00 00
00 00 00 00 00 00 00 00  00 00 00 00 00 00 00 00
00 00 00 00 00 00 00 00  00 00 00 00 00 00 00 00
src regs sR: { CE 00 01 02 }
dst regs dR: { 03 04 }
IS: 1 IP: 0
 === machine state === 
mem M:
01 02 08 26 00 9C BA 05  00 0C 2A 00 A0 BE 00 00
10 2E 00 A4 C2 00 00 14  32 00 A8 C6 00 00 18 36
00 AC CA 00 00 1C 3A 00  B0 CE 00 00 20 3E 00 B4
D2 00 00 24 42 00 B8 D6  00 00 28 46 00 BC DA 00
00 2C 4A 00 C0 DE 00 00  30 4E 00 C4 E2 00 00 34
52 00 C8 E6 00 00 38 56  00 CC EA 00 00 3C 5A 00
D0 EE 00 00 40 5E 00 D4  F2 00 00 44 62 00 D8 F6
00 00 48 66 00 DC FA 00  00 4C 6A 00 E0 FE 00 00
50 6E 00 E4 07 00 00 54  72 00 E8 DE 00 00 58 76
00 EC E2 00 00 5C 7A 00  F0 E6 00 00 60 7E 00 F4
EA 00 00 64 82 00 F8 EE  00 00 68 86 00 FC F2 00
00 6C 05 00 FB F6 00 00  70 8E 00 00 FA 00 00 74
92 00 00 FE 03 00 78 96  00 00 00 06 00 7C 9A 00
00 00 0A 00 80 9E 00 00  00 0E 00 84 A2 00 00 00
12 00 88 A6 00 00 00 16  00 8C AA 00 00 00 1A 00
90 AE 00 00 00 1E 00 94  B2 00 00 04 22 00 98 B6
src regs sR: { C3 84 01 B4 }
dst regs dR: { FD B2 }
IS: 3 IP: 5

[balance] Running test 3/5...

 === machine state === 
mem M:
01 02 04 08 10 20 40 80  00 00 00 00 00 00 00 00
00 00 00 00 00 00 00 00  00 00 00 00 00 00 00 00
00 00 00 00 00 00 00 00  00 00 00 00 00 00 00 00
00 00 00 00 00 00 00 00  00 00 00 00 00 00 00 00
00 00 00 00 00 00 00 00  00 00 00 00 00 00 00 00
00 00 00 00 00 00 00 00  00 00 00 00 00 00 00 00
00 00 00 00 00 00 00 00  00 00 00 00 00 00 00 00
00 00 00 00 00 00 00 00  00 00 00 00 00 00 00 00
00 00 00 00 00 00 00 00  00 00 00 00 00 00 00 00
00 00 00 00 00 00 00 00  00 00 00 00 00 00 00 00
00 00 00 00 00 00 00 00  00 00 00 00 00 00 00 00
00 00 00 00 00 00 00 00  00 00 00 00 00 00 00 00
00 00 00 00 00 00 00 00  00 00 00 00 00 00 00 00
00 00 00 00 00 00 00 00  00 00 00 00 00 00 00 00
00 00 00 00 00 00 00 00  00 00 00 00 00 00 00 00
00 00 00 00 00 00 00 00  00 00 00 00 00 00 00 00
src regs sR: { 81 00 01 02 }
dst regs dR: { 03 04 }
IS: 1 IP: 0
Your code halted, but didn't solve puzzle copyreg.
Try again to balance the score
 === machine state === 
mem M:
01 02 08 52 00 9C E6 05  00 0C 56 00 A0 EA 00 00
10 5A 00 A4 EE 00 00 14  5E 00 A8 F2 00 00 18 62
00 AC F6 00 00 1C 66 00  B0 FA 00 00 20 6A 00 B4
FE 00 00 24 6E 00 B8 07  00 00 28 72 00 BC B2 00
00 2C 76 00 C0 B6 00 00  30 7A 00 C4 BA 00 00 34
7E 00 C8 BE 00 00 38 82  00 CC C2 00 00 3C 86 00
D0 C6 00 00 40 8A 00 D4  CA 00 00 44 8E 00 D8 CE
00 00 48 92 00 DC D2 03  00 4C 96 00 E0 D6 06 00
50 9A 00 E4 DA 0A 00 54  9E 00 E8 DE 0E 00 58 A2
00 EC E2 12 00 5C A6 00  F0 E6 16 00 60 AA 00 F4
EA 1A 00 64 AE 00 F8 EE  1E 00 68 B2 00 FC F2 22
00 6C 05 00 FB F6 26 00  70 BA 00 00 FA 2A 00 74
BE 00 00 FE 2E 00 78 C2  00 00 00 32 00 7C C6 00
00 00 36 00 80 CA 00 00  00 3A 00 84 CE 00 00 00
3E 00 88 D2 00 00 00 42  00 8C D6 00 00 00 46 00
90 DA 00 00 00 4A 00 94  DE 00 00 04 4E 00 98 E2
src regs sR: { C3 37 01 B4 }
dst regs dR: { FD B2 }
IS: 3 IP: 5
% 
[balance] Running test 1/5...

 === machine state === 
mem M:
01 02 04 08 10 20 40 80  00 00 00 00 00 00 00 00
00 00 00 00 00 00 00 00  00 00 00 00 00 00 00 00
00 00 00 00 00 00 00 00  00 00 00 00 00 00 00 00
00 00 00 00 00 00 00 00  00 00 00 00 00 00 00 00
00 00 00 00 00 00 00 00  00 00 00 00 00 00 00 00
00 00 00 00 00 00 00 00  00 00 00 00 00 00 00 00
00 00 00 00 00 00 00 00  00 00 00 00 00 00 00 00
00 00 00 00 00 00 00 00  00 00 00 00 00 00 00 00
00 00 00 00 00 00 00 00  00 00 00 00 00 00 00 00
00 00 00 00 00 00 00 00  00 00 00 00 00 00 00 00
00 00 00 00 00 00 00 00  00 00 00 00 00 00 00 00
00 00 00 00 00 00 00 00  00 00 00 00 00 00 00 00
00 00 00 00 00 00 00 00  00 00 00 00 00 00 00 00
00 00 00 00 00 00 00 00  00 00 00 00 00 00 00 00
00 00 00 00 00 00 00 00  00 00 00 00 00 00 00 00
00 00 00 00 00 00 00 00  00 00 00 00 00 00 00 00
src regs sR: { 01 00 01 02 }
dst regs dR: { 03 04 }
IS: 1 IP: 0
 === machine state === 
mem M:
01 02 04 03 00 20 40 80  00 00 00 00 00 00 00 00
00 00 00 00 00 00 00 00  00 00 00 00 00 00 00 00
00 00 00 00 00 00 00 00  00 00 00 00 00 00 00 00
00 00 00 00 00 00 00 00  00 00 00 00 00 00 00 00
00 00 00 00 00 00 00 00  00 00 00 00 00 00 00 00
00 00 00 00 00 00 00 00  00 00 00 00 00 00 00 00
00 00 00 00 00 00 00 00  00 00 00 00 00 00 00 00
00 00 00 00 00 00 00 00  00 00 00 00 00 00 00 00
00 00 00 00 00 00 00 00  00 00 00 00 00 00 00 00
00 00 00 00 00 00 00 00  00 00 00 00 00 00 00 00
00 00 00 00 00 00 00 00  00 00 00 00 00 00 00 00
00 00 00 00 00 00 00 00  00 00 00 00 00 00 00 00
00 00 00 00 00 00 00 00  00 00 00 00 00 00 00 00
00 00 00 00 00 00 00 00  00 00 00 00 00 00 00 00
00 00 00 00 00 00 00 00  00 00 00 00 00 00 00 00
00 00 00 00 00 00 00 00  00 00 00 00 00 00 00 00
src regs sR: { 01 00 01 02 }
dst regs dR: { 03 04 }
IS: 3 IP: 5

[balance] Running test 2/5...

 === machine state === 
mem M:
01 02 04 08 10 20 40 80  00 00 00 00 00 00 00 00
00 00 00 00 00 00 00 00  00 00 00 00 00 00 00 00
00 00 00 00 00 00 00 00  00 00 00 00 00 00 00 00
00 00 00 00 00 00 00 00  00 00 00 00 00 00 00 00
00 00 00 00 00 00 00 00  00 00 00 00 00 00 00 00
00 00 00 00 00 00 00 00  00 00 00 00 00 00 00 00
00 00 00 00 00 00 00 00  00 00 00 00 00 00 00 00
00 00 00 00 00 00 00 00  00 00 00 00 00 00 00 00
00 00 00 00 00 00 00 00  00 00 00 00 00 00 00 00
00 00 00 00 00 00 00 00  00 00 00 00 00 00 00 00
00 00 00 00 00 00 00 00  00 00 00 00 00 00 00 00
00 00 00 00 00 00 00 00  00 00 00 00 00 00 00 00
00 00 00 00 00 00 00 00  00 00 00 00 00 00 00 00
00 00 00 00 00 00 00 00  00 00 00 00 00 00 00 00
00 00 00 00 00 00 00 00  00 00 00 00 00 00 00 00
00 00 00 00 00 00 00 00  00 00 00 00 00 00 00 00
src regs sR: { 05 00 01 02 }
dst regs dR: { 03 04 }
IS: 1 IP: 0
Your code halted, but didn't solve puzzle copyreg.
Try again to balance the score
 === machine state === 
mem M:
01 02 04 21 00 20 40 80  00 00 00 00 00 00 00 00
00 00 00 00 00 00 00 00  00 00 00 00 00 00 00 00
00 00 00 00 00 00 00 00  00 00 00 00 00 00 00 00
00 00 00 00 00 00 00 00  00 00 00 00 00 00 00 00
00 00 00 00 00 00 00 00  00 00 00 00 00 00 00 00
00 00 00 00 00 00 00 00  00 00 00 00 00 00 00 00
00 00 00 00 00 00 00 00  00 00 00 00 00 00 00 00
00 00 00 00 00 00 00 00  00 00 00 00 00 00 00 00
00 00 00 00 00 00 00 00  00 00 00 00 00 00 00 00
00 00 00 00 00 00 00 00  00 00 00 00 00 00 00 00
00 00 00 00 00 00 00 00  00 00 00 00 00 00 00 00
00 00 00 00 00 00 00 00  00 00 00 00 00 00 00 00
00 00 00 00 00 00 00 00  00 00 00 00 00 00 00 00
00 00 00 00 00 00 00 00  00 00 00 00 00 00 00 00
00 00 00 00 00 00 00 00  00 00 00 00 00 00 00 00
00 00 00 00 00 00 00 00  00 00 00 00 00 00 00 00
src regs sR: { 05 00 01 02 }
dst regs dR: { 03 04 }
IS: 3 IP: 5
% 
[balance] Running test 1/5...

 === machine state === 
mem M:
01 02 04 08 10 20 40 80  00 00 00 00 00 00 00 00
00 00 00 00 00 00 00 00  00 00 00 00 00 00 00 00
00 00 00 00 00 00 00 00  00 00 00 00 00 00 00 00
00 00 00 00 00 00 00 00  00 00 00 00 00 00 00 00
00 00 00 00 00 00 00 00  00 00 00 00 00 00 00 00
00 00 00 00 00 00 00 00  00 00 00 00 00 00 00 00
00 00 00 00 00 00 00 00  00 00 00 00 00 00 00 00
00 00 00 00 00 00 00 00  00 00 00 00 00 00 00 00
00 00 00 00 00 00 00 00  00 00 00 00 00 00 00 00
00 00 00 00 00 00 00 00  00 00 00 00 00 00 00 00
00 00 00 00 00 00 00 00  00 00 00 00 00 00 00 00
00 00 00 00 00 00 00 00  00 00 00 00 00 00 00 00
00 00 00 00 00 00 00 00  00 00 00 00 00 00 00 00
00 00 00 00 00 00 00 00  00 00 00 00 00 00 00 00
00 00 00 00 00 00 00 00  00 00 00 00 00 00 00 00
00 00 00 00 00 00 00 00  00 00 00 00 00 00 00 00
src regs sR: { 30 00 01 02 }
dst regs dR: { 03 04 }
IS: 1 IP: 0
 === machine state === 
mem M:
01 02 08 FE 00 9C 92 05  00 0C 02 00 A0 96 00 00
10 06 00 A4 9A 00 00 14  0A 00 A8 9E 00 00 18 0E
00 AC A2 00 00 1C 12 00  B0 A6 00 00 20 16 00 B4
AA 00 00 24 1A 00 B8 AE  00 00 28 1E 00 BC B2 00
00 2C 22 00 C0 B6 00 00  30 26 00 C4 BA 00 00 34
2A 00 C8 BE 00 00 38 2E  00 CC C2 00 00 3C 32 00
D0 C6 00 00 40 36 00 D4  CA 00 00 44 3A 00 D8 CE
00 00 48 3E 00 DC D2 00  00 4C 42 00 E0 D6 00 00
50 46 00 E4 DA 00 00 54  4A 00 E8 DE 00 00 58 4E
00 EC E2 00 00 5C 52 00  F0 E6 00 00 60 56 00 F4
EA 00 00 64 5A 00 F8 EE  00 00 68 5E 00 FC F2 00
00 6C 05 00 FB F6 00 00  70 66 00 00 FA 00 00 74
6A 00 00 FE 00 00 78 6E  00 00 F2 00 00 7C 72 00
00 F6 00 00 80 76 00 00  FA 00 00 84 7A 00 00 FE
00 00 88 7E 00 00 07 00  00 8C 82 00 00 00 00 00
90 86 00 00 00 00 00 94  8A 00 00 04 00 00 98 8E
src regs sR: { C3 E6 01 B4 }
dst regs dR: { FD B2 }
IS: 3 IP: 5

[balance] Running test 2/5...

 === machine state === 
mem M:
01 02 04 08 10 20 40 80  00 00 00 00 00 00 00 00
00 00 00 00 00 00 00 00  00 00 00 00 00 00 00 00
00 00 00 00 00 00 00 00  00 00 00 00 00 00 00 00
00 00 00 00 00 00 00 00  00 00 00 00 00 00 00 00
00 00 00 00 00 00 00 00  00 00 00 00 00 00 00 00
00 00 00 00 00 00 00 00  00 00 00 00 00 00 00 00
00 00 00 00 00 00 00 00  00 00 00 00 00 00 00 00
00 00 00 00 00 00 00 00  00 00 00 00 00 00 00 00
00 00 00 00 00 00 00 00  00 00 00 00 00 00 00 00
00 00 00 00 00 00 00 00  00 00 00 00 00 00 00 00
00 00 00 00 00 00 00 00  00 00 00 00 00 00 00 00
00 00 00 00 00 00 00 00  00 00 00 00 00 00 00 00
00 00 00 00 00 00 00 00  00 00 00 00 00 00 00 00
00 00 00 00 00 00 00 00  00 00 00 00 00 00 00 00
00 00 00 00 00 00 00 00  00 00 00 00 00 00 00 00
00 00 00 00 00 00 00 00  00 00 00 00 00 00 00 00
src regs sR: { 34 00 01 02 }
dst regs dR: { 03 04 }
IS: 1 IP: 0
 === machine state === 
mem M:
01 02 08 7E 00 9C 92 05  00 0C 82 00 A0 96 00 00
10 86 00 A4 9A 00 00 14  8A 00 A8 9E 00 00 18 8E
00 AC A2 00 00 1C 92 00  B0 A6 03 00 20 96 00 B4
AA 06 00 24 9A 00 B8 AE  0A 00 28 9E 00 BC B2 0E
00 2C A2 00 C0 B6 12 00  30 A6 00 C4 BA 16 00 34
AA 00 C8 BE 1A 00 38 AE  00 CC C2 1E 00 3C B2 00
D0 C6 22 00 40 B6 00 D4  CA 26 00 44 BA 00 D8 CE
2A 00 48 BE 00 DC D2 2E  00 4C C2 00 E0 D6 32 00
50 C6 00 E4 DA 36 00 54  CA 00 E8 DE 3A 00 58 CE
00 EC E2 3E 00 5C D2 00  F0 E6 42 00 60 D6 00 F4
EA 46 00 64 DA 00 F8 EE  4A 00 68 DE 00 FC F2 4E
00 6C 05 00 FB F6 52 00  70 E6 00 00 FA 56 00 74
EA 00 00 FE 5A 00 78 EE  00 00 00 5E 00 7C F2 00
00 00 62 00 80 F6 00 00  00 66 00 84 FA 00 00 00
6A 00 88 FE 00 00 00 6E  00 8C 07 00 00 00 72 00
90 86 00 00 00 76 00 94  8A 00 00 04 7A 00 98 8E
src regs sR: { C3 EA 01 B4 }
dst regs dR: { FD B2 }
IS: 3 IP: 5

[balance] Running test 3/5...

 === machine state === 
mem M:
01 02 04 08 10 20 40 80  00 00 00 00 00 00 00 00
00 00 00 00 00 00 00 00  00 00 00 00 00 00 00 00
00 00 00 00 00 00 00 00  00 00 00 00 00 00 00 00
00 00 00 00 00 00 00 00  00 00 00 00 00 00 00 00
00 00 00 00 00 00 00 00  00 00 00 00 00 00 00 00
00 00 00 00 00 00 00 00  00 00 00 00 00 00 00 00
00 00 00 00 00 00 00 00  00 00 00 00 00 00 00 00
00 00 00 00 00 00 00 00  00 00 00 00 00 00 00 00
00 00 00 00 00 00 00 00  00 00 00 00 00 00 00 00
00 00 00 00 00 00 00 00  00 00 00 00 00 00 00 00
00 00 00 00 00 00 00 00  00 00 00 00 00 00 00 00
00 00 00 00 00 00 00 00  00 00 00 00 00 00 00 00
00 00 00 00 00 00 00 00  00 00 00 00 00 00 00 00
00 00 00 00 00 00 00 00  00 00 00 00 00 00 00 00
00 00 00 00 00 00 00 00  00 00 00 00 00 00 00 00
00 00 00 00 00 00 00 00  00 00 00 00 00 00 00 00
src regs sR: { D0 00 01 02 }
dst regs dR: { 03 04 }
IS: 1 IP: 0
. === machine state === 
mem M:
DA 63 20 DD 02 A5 48 A0  29 E6 A3 C8 6B 0E 66 EF
AC 69 8E 31 D4 2C B5 72  2F 54 F7 9A F2 7B 38 F5
1A BD 60 B8 41 FE BB E0  83 26 7E 07 C4 81 A6 49
EC 44 CD 8A 47 6C 0F B2  0A 93 50 0D 32 D5 78 D0
59 16 D3 F8 9B 3E 96 1F  DC 99 BE 61 04 5C E5 A2
5F 84 27 CA 22 AB 68 25  4A ED 90 E8 71 2E EB 10
B3 56 AE 37 F4 B1 D6 79  1C 74 FD BA 77 9C 04 E2
3A C3 80 3D 62 05 A8 00  89 46 03 28 CB 6E 2B 4F
0C C9 EE 91 34 F1 15 D2  8F B4 57 FA B7 DB 98 55
7A 1D C0 7D A1 5E 1B 40  E3 86 43 68 0B E1 06 A9
4C 09 2E D1 A7 CC 6F 12  CF F4 97 6D 92 35 D8 95
BA 5D 33 58 FB 9E 5B 80  23 F9 1E 5A 64 21 46 E9
BF E4 00 2A E7 0C AF 85  AA 3E F0 AD D2 75 4B 70
04 B6 73 98 3B 11 36 9E  7C 39 5E 01 D7 FC A2 42
FF 24 C7 9D C2 A6 08 C5  EA 8D 67 88 AA CE 8B B0
53 F6 4E AE 94 51 76 19  BC 14 B2 5A 17 3C DF 82
src regs sR: { 95 EA 01 BB }
dst regs dR: { C6 6E }
IS: 3 IP: 5

[balance] Running test 4/5...

 === machine state === 
mem M:
01 02 04 08 10 20 40 80  00 00 00 00 00 00 00 00
00 00 00 00 00 00 00 00  00 00 00 00 00 00 00 00
00 00 00 00 00 00 00 00  00 00 00 00 00 00 00 00
00 00 00 00 00 00 00 00  00 00 00 00 00 00 00 00
00 00 00 00 00 00 00 00  00 00 00 00 00 00 00 00
00 00 00 00 00 00 00 00  00 00 00 00 00 00 00 00
00 00 00 00 00 00 00 00  00 00 00 00 00 00 00 00
00 00 00 00 00 00 00 00  00 00 00 00 00 00 00 00
00 00 00 00 00 00 00 00  00 00 00 00 00 00 00 00
00 00 00 00 00 00 00 00  00 00 00 00 00 00 00 00
00 00 00 00 00 00 00 00  00 00 00 00 00 00 00 00
00 00 00 00 00 00 00 00  00 00 00 00 00 00 00 00
00 00 00 00 00 00 00 00  00 00 00 00 00 00 00 00
00 00 00 00 00 00 00 00  00 00 00 00 00 00 00 00
00 00 00 00 00 00 00 00  00 00 00 00 00 00 00 00
00 00 00 00 00 00 00 00  00 00 00 00 00 00 00 00
src regs sR: { EA 00 01 02 }
dst regs dR: { 03 04 }
IS: 1 IP: 0
 === machine state === 
mem M:
01 02 08 16 00 9C AA 05  00 0C 1A 00 A0 AE 00 00
10 1E 00 A4 B2 00 00 14  22 00 A8 B6 00 00 18 26
00 AC BA 00 00 1C 2A 00  B0 BE 00 00 20 2E 00 B4
C2 00 00 24 32 00 B8 C6  00 00 28 36 00 BC CA 00
00 2C 3A 00 C0 CE 00 00  30 3E 00 C4 D2 00 00 34
42 00 C8 D6 00 00 38 46  00 CC DA 00 00 3C 4A 00
D0 DE 00 00 40 4E 00 D4  E2 00 00 44 52 00 D8 E6
00 00 48 56 00 DC EA 00  00 4C 5A 00 E0 EE 00 00
50 5E 00 E4 F2 00 00 54  62 00 E8 F6 00 00 58 66
00 EC FA 00 00 5C 6A 00  F0 FE 00 00 60 6E 00 F4
07 00 00 64 72 00 F8 EE  00 00 68 76 00 FC F2 00
00 6C 05 00 FB F6 00 00  70 7E 00 00 FA 00 00 74
82 00 00 FE 00 00 78 86  00 00 00 00 00 7C 8A 00
00 00 00 00 80 8E 00 00  00 00 00 84 92 00 00 00
03 00 88 96 00 00 00 06  00 8C 9A 00 00 00 0A 00
90 9E 00 00 00 0E 00 94  A2 00 00 04 12 00 98 A6
src regs sR: { C3 A0 01 B4 }
dst regs dR: { FD B2 }
IS: 3 IP: 5

[balance] Running test 5/5...

 === machine state === 
mem M:
01 02 04 08 10 20 40 80  00 00 00 00 00 00 00 00
00 00 00 00 00 00 00 00  00 00 00 00 00 00 00 00
00 00 00 00 00 00 00 00  00 00 00 00 00 00 00 00
00 00 00 00 00 00 00 00  00 00 00 00 00 00 00 00
00 00 00 00 00 00 00 00  00 00 00 00 00 00 00 00
00 00 00 00 00 00 00 00  00 00 00 00 00 00 00 00
00 00 00 00 00 00 00 00  00 00 00 00 00 00 00 00
00 00 00 00 00 00 00 00  00 00 00 00 00 00 00 00
00 00 00 00 00 00 00 00  00 00 00 00 00 00 00 00
00 00 00 00 00 00 00 00  00 00 00 00 00 00 00 00
00 00 00 00 00 00 00 00  00 00 00 00 00 00 00 00
00 00 00 00 00 00 00 00  00 00 00 00 00 00 00 00
00 00 00 00 00 00 00 00  00 00 00 00 00 00 00 00
00 00 00 00 00 00 00 00  00 00 00 00 00 00 00 00
00 00 00 00 00 00 00 00  00 00 00 00 00 00 00 00
00 00 00 00 00 00 00 00  00 00 00 00 00 00 00 00
src regs sR: { 59 00 01 02 }
dst regs dR: { 03 04 }
IS: 1 IP: 0
.Your code halted, but didn't solve puzzle copyreg.
Try again to balance the score
 === machine state === 
mem M:
01 EB 19 FE 00 9C 32 05  C1 EF 02 00 A0 08 DB 97
C5 06 00 A4 DE B1 6D 9B  0A 00 A8 B4 87 43 71 0E
00 AC 8A 5D 19 47 12 00  B0 60 33 F0 1D 16 00 B4
36 09 C6 F3 1A 00 B8 0C  DF 9C C9 1E 00 BC E2 B5
72 9F 22 00 C0 B8 8B 48  75 26 00 C4 8E 61 1E 4B
2A 00 C8 64 37 F4 21 2E  00 CC 3A 0D CA F7 32 00
D0 10 E3 A0 CD 36 00 D4  E6 B9 76 A3 3A 00 D8 CE
8F 4C 79 3E 00 DC D2 65  22 4F 42 00 E0 D6 3B F8
25 46 00 E4 DA 11 CE FB  4A 00 E8 DE E7 A4 E2 4E
00 EC E2 BD 7A 5C 52 00  F0 E6 93 50 60 56 00 F4
EA 69 26 64 5A 00 D2 EE  3F FC 68 5E 00 A8 F2 15
D2 6C 62 00 7E E7 EF A8  70 66 00 54 BD 00 7E 74
D6 00 2A 93 00 54 78 AC  00 00 04 00 2A 7C 82 00
2E 3F 00 00 80 58 00 04  15 00 00 84 2E 00 E6 EB
00 00 88 04 00 EA C1 00  00 8C DA 00 EE 97 00 00
90 B0 00 F2 6D 00 00 94  86 00 F6 43 00 00 98 5C
src regs sR: { 68 B6 01 8E }
dst regs dR: { CD CA }
IS: 3 IP: 5
% 
[balance] Running test 1/5...

 === machine state === 
mem M:
01 02 04 08 10 20 40 80  00 00 00 00 00 00 00 00
00 00 00 00 00 00 00 00  00 00 00 00 00 00 00 00
00 00 00 00 00 00 00 00  00 00 00 00 00 00 00 00
00 00 00 00 00 00 00 00  00 00 00 00 00 00 00 00
00 00 00 00 00 00 00 00  00 00 00 00 00 00 00 00
00 00 00 00 00 00 00 00  00 00 00 00 00 00 00 00
00 00 00 00 00 00 00 00  00 00 00 00 00 00 00 00
00 00 00 00 00 00 00 00  00 00 00 00 00 00 00 00
00 00 00 00 00 00 00 00  00 00 00 00 00 00 00 00
00 00 00 00 00 00 00 00  00 00 00 00 00 00 00 00
00 00 00 00 00 00 00 00  00 00 00 00 00 00 00 00
00 00 00 00 00 00 00 00  00 00 00 00 00 00 00 00
00 00 00 00 00 00 00 00  00 00 00 00 00 00 00 00
00 00 00 00 00 00 00 00  00 00 00 00 00 00 00 00
00 00 00 00 00 00 00 00  00 00 00 00 00 00 00 00
00 00 00 00 00 00 00 00  00 00 00 00 00 00 00 00
src regs sR: { 48 00 01 02 }
dst regs dR: { 03 04 }
IS: 1 IP: 0
Your code halted, but didn't solve puzzle copyreg.
Try again to balance the score
 === machine state === 
mem M:
01 02 72 FE 00 9C 92 05  00 76 02 00 A0 96 00 00
7A 06 00 A4 9A 00 00 7E  0A 00 A8 9E 00 00 82 0E
00 AC A2 00 00 86 12 00  B0 A6 00 00 8A 16 00 B4
AA 00 00 8E 1A 00 B8 AE  00 00 92 1E 00 BC B2 00
00 96 22 00 C0 B6 00 00  9A 26 00 C4 BA 00 00 9E
2A 00 C8 BE 00 00 A2 2E  00 CC C2 00 00 A6 32 00
D0 C6 00 00 AA 36 00 D4  CA 00 00 AE 3A 00 D8 CE
00 00 B2 3E 00 DC D2 00  00 B6 42 00 E0 D6 00 00
BA 46 00 E4 DA 00 00 BE  4A 00 E8 DE 00 00 C2 4E
00 EC E2 00 00 C6 52 00  F0 E6 00 00 CA 56 00 F4
EA 00 00 CE 5A 00 F8 EE  00 00 D2 5E 00 FC F2 00
00 D6 05 00 FB F6 00 00  DA 66 00 00 FA 00 00 DE
6A 00 00 FE 00 00 E2 6E  00 00 52 00 00 E6 72 00
00 56 00 00 EA 76 00 00  5A 00 00 EE 7A 00 00 5E
00 00 F2 7E 00 00 62 00  00 F6 82 00 00 66 00 00
FA 86 00 00 6A 00 00 FE  8A 00 00 6E 00 00 07 8E
src regs sR: { C3 FE 01 B4 }
dst regs dR: { FD B2 }
IS: 3 IP: 5
% 
[balance] Running test 1/5...

 === machine state === 
mem M:
01 02 04 08 10 20 40 80  00 00 00 00 00 00 00 00
00 00 00 00 00 00 00 00  00 00 00 00 00 00 00 00
00 00 00 00 00 00 00 00  00 00 00 00 00 00 00 00
00 00 00 00 00 00 00 00  00 00 00 00 00 00 00 00
00 00 00 00 00 00 00 00  00 00 00 00 00 00 00 00
00 00 00 00 00 00 00 00  00 00 00 00 00 00 00 00
00 00 00 00 00 00 00 00  00 00 00 00 00 00 00 00
00 00 00 00 00 00 00 00  00 00 00 00 00 00 00 00
00 00 00 00 00 00 00 00  00 00 00 00 00 00 00 00
00 00 00 00 00 00 00 00  00 00 00 00 00 00 00 00
00 00 00 00 00 00 00 00  00 00 00 00 00 00 00 00
00 00 00 00 00 00 00 00  00 00 00 00 00 00 00 00
00 00 00 00 00 00 00 00  00 00 00 00 00 00 00 00
00 00 00 00 00 00 00 00  00 00 00 00 00 00 00 00
00 00 00 00 00 00 00 00  00 00 00 00 00 00 00 00
00 00 00 00 00 00 00 00  00 00 00 00 00 00 00 00
src regs sR: { 2F 00 01 02 }
dst regs dR: { 03 04 }
IS: 1 IP: 0
Your code halted, but didn't solve puzzle copyreg.
Try again to balance the score
 === machine state === 
mem M:
01 02 08 FE 00 9C 92 05  00 0C 02 00 A0 96 00 00
10 06 00 A4 9A 00 00 14  0A 00 A8 9E 00 00 18 0E
00 AC A2 00 00 1C 12 00  B0 A6 00 00 20 16 00 B4
AA 00 00 24 1A 00 B8 AE  00 00 28 1E 00 BC B2 00
00 2C 22 00 C0 B6 00 00  30 26 00 C4 BA 00 00 34
2A 00 C8 BE 00 00 38 2E  00 CC C2 00 00 3C 32 00
D0 C6 00 00 40 36 00 D4  CA 00 00 44 3A 00 D8 CE
00 00 48 3E 00 DC D2 00  00 4C 42 00 E0 D6 00 00
50 46 00 E4 DA 00 00 54  4A 00 E8 DE 00 00 58 4E
00 EC E2 00 00 5C 52 00  F0 E6 00 00 60 56 00 F4
EA 00 00 64 5A 00 F8 EE  00 00 68 5E 00 FC F2 00
00 6C 05 00 FB F6 00 00  70 66 00 00 FA 00 00 74
6A 00 EE FE 00 00 78 6E  00 F2 00 00 00 7C 72 00
F6 00 00 00 80 76 00 FA  00 00 00 84 7A 00 FE 00
00 00 88 7E 00 07 00 00  00 8C 82 00 00 00 00 00
90 86 00 00 00 00 00 94  8A 00 00 04 00 00 98 8E
src regs sR: { C3 E5 01 B4 }
dst regs dR: { FD B2 }
IS: 3 IP: 5
% 
[balance] Running test 1/5...

 === machine state === 
mem M:
01 02 04 08 10 20 40 80  00 00 00 00 00 00 00 00
00 00 00 00 00 00 00 00  00 00 00 00 00 00 00 00
00 00 00 00 00 00 00 00  00 00 00 00 00 00 00 00
00 00 00 00 00 00 00 00  00 00 00 00 00 00 00 00
00 00 00 00 00 00 00 00  00 00 00 00 00 00 00 00
00 00 00 00 00 00 00 00  00 00 00 00 00 00 00 00
00 00 00 00 00 00 00 00  00 00 00 00 00 00 00 00
00 00 00 00 00 00 00 00  00 00 00 00 00 00 00 00
00 00 00 00 00 00 00 00  00 00 00 00 00 00 00 00
00 00 00 00 00 00 00 00  00 00 00 00 00 00 00 00
00 00 00 00 00 00 00 00  00 00 00 00 00 00 00 00
00 00 00 00 00 00 00 00  00 00 00 00 00 00 00 00
00 00 00 00 00 00 00 00  00 00 00 00 00 00 00 00
00 00 00 00 00 00 00 00  00 00 00 00 00 00 00 00
00 00 00 00 00 00 00 00  00 00 00 00 00 00 00 00
00 00 00 00 00 00 00 00  00 00 00 00 00 00 00 00
src regs sR: { B0 00 01 02 }
dst regs dR: { 03 04 }
IS: 1 IP: 0
. === machine state === 
mem M:
DA 63 C7 DD 02 20 08 A0  29 8D A3 C8 00 CE 66 EF
53 69 8E 00 94 2C B5 19  2F 54 00 5A F2 7B DF F5
1A 00 20 B8 41 A5 BB E0  00 E6 7E 07 6B 81 A6 00
AC 44 CD 31 47 6C 00 72  0A 93 F7 0D 32 00 38 D0
59 BD D3 F8 00 FE 96 1F  83 99 BE 00 C4 5C E5 49
5F 84 00 8A 22 AB 0F 25  4A 00 50 E8 71 D5 EB 10
00 16 AE 37 9B B1 D6 00  DC 74 FD 61 77 9C 04 A2
3A C3 27 3D 62 00 68 00  89 ED 03 28 00 2E 2B 4F
B3 C9 EE 00 F4 F1 15 79  8F B4 00 BA B7 DB 3F 55
7A 00 80 7D A1 05 1B 40  00 46 43 68 CB E1 06 00
0C 09 2E 91 A7 CC 03 D2  CF F4 57 6D 92 06 98 95
BA 1D 33 58 0A 5E 5B 80  E3 F9 1E 0E 0B 21 46 A9
BF E4 12 D1 E7 0C 6F 85  AA 16 97 AD D2 35 4B 70
1A 5D 73 98 FB 11 36 1E  23 39 5E 5A D7 FC 22 E9
FF 24 00 9D C2 26 AF C5  EA 3E 67 88 2A 75 8B B0
04 B6 4E 2E 3B 51 76 00  7C 14 32 01 17 3C 00 42
src regs sR: { B5 EA 01 DB }
dst regs dR: { E6 6E }
IS: 3 IP: 5

[balance] Running test 2/5...

 === machine state === 
mem M:
01 02 04 08 10 20 40 80  00 00 00 00 00 00 00 00
00 00 00 00 00 00 00 00  00 00 00 00 00 00 00 00
00 00 00 00 00 00 00 00  00 00 00 00 00 00 00 00
00 00 00 00 00 00 00 00  00 00 00 00 00 00 00 00
00 00 00 00 00 00 00 00  00 00 00 00 00 00 00 00
00 00 00 00 00 00 00 00  00 00 00 00 00 00 00 00
00 00 00 00 00 00 00 00  00 00 00 00 00 00 00 00
00 00 00 00 00 00 00 00  00 00 00 00 00 00 00 00
00 00 00 00 00 00 00 00  00 00 00 00 00 00 00 00
00 00 00 00 00 00 00 00  00 00 00 00 00 00 00 00
00 00 00 00 00 00 00 00  00 00 00 00 00 00 00 00
00 00 00 00 00 00 00 00  00 00 00 00 00 00 00 00
00 00 00 00 00 00 00 00  00 00 00 00 00 00 00 00
00 00 00 00 00 00 00 00  00 00 00 00 00 00 00 00
00 00 00 00 00 00 00 00  00 00 00 00 00 00 00 00
00 00 00 00 00 00 00 00  00 00 00 00 00 00 00 00
src regs sR: { F6 00 01 02 }
dst regs dR: { 03 04 }
IS: 1 IP: 0
. === machine state === 
mem M:
EA 13 9C 68 91 F1 44 10  39 C2 8E B7 17 6A 36 5F
E8 B4 DD 3D 90 5C 04 0E  DA 03 63 B6 82 AB 0B 00
29 89 DC A8 D1 31 1B 4F  AF 02 CE F7 57 41 75 D5
28 F4 1D 7D 67 9B FB 4E  1A 43 A3 8D C1 0A 74 40
69 C9 B3 E7 D0 9A 66 8F  EF D9 0D F6 C0 8C B5 15
FF 33 1C E6 B2 DB 3B 25  59 42 0C D8 01 61 4B 7F
68 32 FE 27 87 71 A5 8E  58 24 4D AD 97 CB B4 7E
4A 73 D3 BD F1 DA A4 70  99 F9 E3 18 00 CA 96 BF
1F 09 3E DE F0 BC E5 45  2F 64 04 16 E2 0B 6B 55
8A 00 3C 08 31 91 7B B0  00 62 2E 57 B7 A1 D6 00
88 54 7D DD C7 FC 00 AE  7A A3 03 ED 22 00 D4 A0
C9 29 17 48 00 FA C6 EF  4F A2 6E 00 20 EC 15 75
C8 94 00 46 12 3B 9B EE  BA 00 6C 38 61 C1 14 E0
00 92 5E 87 E7 3A 06 00  B8 84 AD 0D 60 2C 00 DE
AA D3 33 86 52 00 04 D0  F9 59 AC 78 03 2A F6 1F
7F D2 9E 06 50 1C 45 A5  F8 C4 0A 76 42 6B CB 1E
src regs sR: { 17 B2 01 3D }
dst regs dR: { 80 16 }
IS: 3 IP: 5

[balance] Running test 3/5...

 === machine state === 
mem M:
01 02 04 08 10 20 40 80  00 00 00 00 00 00 00 00
00 00 00 00 00 00 00 00  00 00 00 00 00 00 00 00
00 00 00 00 00 00 00 00  00 00 00 00 00 00 00 00
00 00 00 00 00 00 00 00  00 00 00 00 00 00 00 00
00 00 00 00 00 00 00 00  00 00 00 00 00 00 00 00
00 00 00 00 00 00 00 00  00 00 00 00 00 00 00 00
00 00 00 00 00 00 00 00  00 00 00 00 00 00 00 00
00 00 00 00 00 00 00 00  00 00 00 00 00 00 00 00
00 00 00 00 00 00 00 00  00 00 00 00 00 00 00 00
00 00 00 00 00 00 00 00  00 00 00 00 00 00 00 00
00 00 00 00 00 00 00 00  00 00 00 00 00 00 00 00
00 00 00 00 00 00 00 00  00 00 00 00 00 00 00 00
00 00 00 00 00 00 00 00  00 00 00 00 00 00 00 00
00 00 00 00 00 00 00 00  00 00 00 00 00 00 00 00
00 00 00 00 00 00 00 00  00 00 00 00 00 00 00 00
00 00 00 00 00 00 00 00  00 00 00 00 00 00 00 00
src regs sR: { AA 00 01 02 }
dst regs dR: { 03 04 }
IS: 1 IP: 0
 === machine state === 
mem M:
01 02 3A FE 00 CE 92 05  00 3E 02 00 D2 96 00 00
42 06 00 D6 9A 00 00 46  0A 00 DA 9E 00 00 4A 0E
00 DE A2 00 00 4E 12 00  E2 A6 00 00 52 16 00 E6
AA 00 00 56 1A 00 EA AE  00 00 5A 1E 00 EE B2 00
00 5E 22 00 F2 B6 00 00  62 26 00 F6 BA 00 00 66
2A 00 FA BE 00 00 6A 2E  00 FE C2 00 00 6E 32 00
07 C6 00 00 72 36 00 D4  CA 00 00 76 3A 00 D8 CE
00 00 7A 3E 00 DC D2 00  00 7E 42 00 E0 D6 00 00
82 46 00 E4 DA 00 00 86  4A 00 E8 DE 00 00 8A 4E
00 EC E2 00 00 8E 52 00  F0 E6 00 00 92 56 00 F4
EA 00 00 96 5A 00 F8 EE  00 00 9A 5E 00 FC F2 00
00 9E 05 00 FB F6 00 00  A2 66 00 00 FA 00 00 A6
6A 00 00 FE 00 00 AA 6E  00 00 1A 00 00 AE 72 00
00 1E 00 00 B2 76 00 00  22 00 00 B6 7A 00 00 26
00 00 BA 7E 00 00 2A 00  00 BE 82 00 00 2E 00 00
C2 86 00 00 32 00 00 C6  8A 00 00 36 00 00 CA 8E
src regs sR: { C3 60 01 B4 }
dst regs dR: { FD B2 }
IS: 3 IP: 5

[balance] Running test 4/5...

 === machine state === 
mem M:
01 02 04 08 10 20 40 80  00 00 00 00 00 00 00 00
00 00 00 00 00 00 00 00  00 00 00 00 00 00 00 00
00 00 00 00 00 00 00 00  00 00 00 00 00 00 00 00
00 00 00 00 00 00 00 00  00 00 00 00 00 00 00 00
00 00 00 00 00 00 00 00  00 00 00 00 00 00 00 00
00 00 00 00 00 00 00 00  00 00 00 00 00 00 00 00
00 00 00 00 00 00 00 00  00 00 00 00 00 00 00 00
00 00 00 00 00 00 00 00  00 00 00 00 00 00 00 00
00 00 00 00 00 00 00 00  00 00 00 00 00 00 00 00
00 00 00 00 00 00 00 00  00 00 00 00 00 00 00 00
00 00 00 00 00 00 00 00  00 00 00 00 00 00 00 00
00 00 00 00 00 00 00 00  00 00 00 00 00 00 00 00
00 00 00 00 00 00 00 00  00 00 00 00 00 00 00 00
00 00 00 00 00 00 00 00  00 00 00 00 00 00 00 00
00 00 00 00 00 00 00 00  00 00 00 00 00 00 00 00
00 00 00 00 00 00 00 00  00 00 00 00 00 00 00 00
src regs sR: { E0 00 01 02 }
dst regs dR: { 03 04 }
IS: 1 IP: 0
 === machine state === 
mem M:
1A 02 08 AE 00 9C 92 1E  00 0C B2 00 A0 96 22 00
10 B6 00 A4 9A 26 00 14  BA 00 A8 9E 2A 00 18 BE
00 AC A2 2E 00 1C C2 00  B0 A6 32 00 20 C6 00 B4
AA 36 00 24 CA 00 B8 AE  3A 00 28 CE 00 BC B2 3E
00 2C D2 00 C0 B6 42 00  30 D6 00 C4 BA 46 00 34
DA 00 C8 BE 4A 00 38 DE  00 CC C2 4E 00 3C E2 00
D0 C6 52 00 40 E6 00 D4  CA 56 00 44 EA 00 D8 CE
5A 00 48 EE 00 DC D2 5E  00 4C F2 00 E0 D6 62 00
50 F6 00 E4 DA 66 00 54  FA 00 E8 DE 6A 00 58 FE
00 EC E2 6E 00 5C 20 00  F0 E6 72 00 60 56 00 F4
EA 76 00 64 5A 00 F8 EE  7A 00 68 5E 00 FC F2 7E
00 6C 00 00 E0 F6 82 00  70 66 00 00 FA 86 00 74
6A 00 00 FE 8A 00 78 6E  00 00 00 8E 00 7C 72 00
00 00 92 00 80 76 03 00  00 96 00 84 7A 06 00 00
9A 00 88 7E 0A 00 00 9E  00 8C 82 0E 00 00 A2 00
90 86 12 00 00 A6 00 94  8A 16 00 04 AA 00 98 8E
src regs sR: { C3 96 01 B4 }
dst regs dR: { FD B2 }
IS: 3 IP: 5

[balance] Running test 5/5...

 === machine state === 
mem M:
01 02 04 08 10 20 40 80  00 00 00 00 00 00 00 00
00 00 00 00 00 00 00 00  00 00 00 00 00 00 00 00
00 00 00 00 00 00 00 00  00 00 00 00 00 00 00 00
00 00 00 00 00 00 00 00  00 00 00 00 00 00 00 00
00 00 00 00 00 00 00 00  00 00 00 00 00 00 00 00
00 00 00 00 00 00 00 00  00 00 00 00 00 00 00 00
00 00 00 00 00 00 00 00  00 00 00 00 00 00 00 00
00 00 00 00 00 00 00 00  00 00 00 00 00 00 00 00
00 00 00 00 00 00 00 00  00 00 00 00 00 00 00 00
00 00 00 00 00 00 00 00  00 00 00 00 00 00 00 00
00 00 00 00 00 00 00 00  00 00 00 00 00 00 00 00
00 00 00 00 00 00 00 00  00 00 00 00 00 00 00 00
00 00 00 00 00 00 00 00  00 00 00 00 00 00 00 00
00 00 00 00 00 00 00 00  00 00 00 00 00 00 00 00
00 00 00 00 00 00 00 00  00 00 00 00 00 00 00 00
00 00 00 00 00 00 00 00  00 00 00 00 00 00 00 00
src regs sR: { 33 00 01 02 }
dst regs dR: { 03 04 }
IS: 1 IP: 0
Your code halted, but didn't solve puzzle copyreg.
Try again to balance the score
 === machine state === 
mem M:
01 02 7E FE 00 9C 92 05  00 82 02 00 A0 96 00 00
86 06 00 A4 9A 00 00 8A  0A 00 A8 9E 00 00 8E 0E
00 AC A2 00 00 92 12 00  B0 A6 00 00 96 16 00 B4
AA 00 00 9A 1A 00 B8 AE  00 00 9E 1E 00 BC B2 00
00 A2 22 00 C0 B6 00 00  A6 26 00 C4 BA 00 00 AA
2A 00 C8 BE 00 00 AE 2E  00 CC C2 00 00 B2 32 00
D0 C6 00 00 B6 36 00 D4  CA 00 00 BA 3A 00 D8 CE
00 00 BE 3E 00 DC D2 00  00 C2 42 00 E0 D6 00 00
C6 46 00 E4 DA 00 00 CA  4A 00 E8 DE 00 00 CE 4E
00 EC E2 00 00 D2 52 00  F0 E6 00 00 D6 56 00 F4
EA 00 00 DA 5A 00 F8 EE  00 00 DE 5E 00 FC F2 00
00 E2 05 00 FB F6 00 00  E6 66 00 00 FA 00 00 EA
6A 00 00 FE 00 00 EE 6E  00 00 5E 00 00 F2 72 00
00 62 00 00 F6 76 00 00  66 00 00 FA 7A 00 00 6A
00 00 FE 7E 00 00 6E 00  00 07 82 00 00 72 00 00
90 86 00 00 76 00 00 94  8A 00 00 7A 00 00 98 8E
src regs sR: { C3 E9 01 B4 }
dst regs dR: { FD B2 }
IS: 3 IP: 5
% 
[balance] Running test 1/5...

 === machine state === 
mem M:
01 02 04 08 10 20 40 80  00 00 00 00 00 00 00 00
00 00 00 00 00 00 00 00  00 00 00 00 00 00 00 00
00 00 00 00 00 00 00 00  00 00 00 00 00 00 00 00
00 00 00 00 00 00 00 00  00 00 00 00 00 00 00 00
00 00 00 00 00 00 00 00  00 00 00 00 00 00 00 00
00 00 00 00 00 00 00 00  00 00 00 00 00 00 00 00
00 00 00 00 00 00 00 00  00 00 00 00 00 00 00 00
00 00 00 00 00 00 00 00  00 00 00 00 00 00 00 00
00 00 00 00 00 00 00 00  00 00 00 00 00 00 00 00
00 00 00 00 00 00 00 00  00 00 00 00 00 00 00 00
00 00 00 00 00 00 00 00  00 00 00 00 00 00 00 00
00 00 00 00 00 00 00 00  00 00 00 00 00 00 00 00
00 00 00 00 00 00 00 00  00 00 00 00 00 00 00 00
00 00 00 00 00 00 00 00  00 00 00 00 00 00 00 00
00 00 00 00 00 00 00 00  00 00 00 00 00 00 00 00
00 00 00 00 00 00 00 00  00 00 00 00 00 00 00 00
src regs sR: { 9D 00 01 02 }
dst regs dR: { 03 04 }
IS: 1 IP: 0
Your code halted, but didn't solve puzzle copyreg.
Try again to balance the score
 === machine state === 
mem M:
01 02 08 42 00 9C D6 05  00 0C 46 00 A0 DA 00 00
10 4A 00 A4 DE 00 00 14  4E 00 A8 E2 00 00 18 52
00 AC E6 00 00 1C 56 00  B0 EA 00 00 20 5A 00 B4
EE 00 00 24 5E 00 B8 F2  00 00 28 62 00 BC F6 00
00 2C 66 00 C0 FA 00 00  30 6A 00 C4 FE 00 00 34
6E 00 C8 07 00 00 38 72  00 CC C2 00 00 3C 76 00
D0 C6 00 00 40 7A 00 D4  CA 00 00 44 7E 00 D8 CE
00 00 48 82 00 DC D2 00  00 4C 86 00 E0 D6 00 00
50 8A 00 E4 DA 00 00 54  8E 00 E8 DE 00 00 58 92
00 EC E2 03 00 5C 96 00  F0 E6 06 00 60 9A 00 F4
EA 0A 00 64 9E 00 F8 EE  0E 00 68 A2 00 FC F2 12
00 6C 05 00 FB F6 16 00  70 AA 00 00 FA 1A 00 74
AE 00 00 FE 1E 00 78 B2  00 00 00 22 00 7C B6 00
00 00 26 00 80 BA 00 00  00 2A 00 84 BE 00 00 00
2E 00 88 C2 00 00 00 32  00 8C C6 00 00 00 36 00
90 CA 00 00 00 3A 00 94  CE 00 00 04 3E 00 98 D2
src regs sR: { C3 53 01 B4 }
dst regs dR: { FD B2 }
IS: 3 IP: 5
% 
[balance] Running test 1/5...

 === machine state === 
mem M:
01 02 04 08 10 20 40 80  00 00 00 00 00 00 00 00
00 00 00 00 00 00 00 00  00 00 00 00 00 00 00 00
00 00 00 00 00 00 00 00  00 00 00 00 00 00 00 00
00 00 00 00 00 00 00 00  00 00 00 00 00 00 00 00
00 00 00 00 00 00 00 00  00 00 00 00 00 00 00 00
00 00 00 00 00 00 00 00  00 00 00 00 00 00 00 00
00 00 00 00 00 00 00 00  00 00 00 00 00 00 00 00
00 00 00 00 00 00 00 00  00 00 00 00 00 00 00 00
00 00 00 00 00 00 00 00  00 00 00 00 00 00 00 00
00 00 00 00 00 00 00 00  00 00 00 00 00 00 00 00
00 00 00 00 00 00 00 00  00 00 00 00 00 00 00 00
00 00 00 00 00 00 00 00  00 00 00 00 00 00 00 00
00 00 00 00 00 00 00 00  00 00 00 00 00 00 00 00
00 00 00 00 00 00 00 00  00 00 00 00 00 00 00 00
00 00 00 00 00 00 00 00  00 00 00 00 00 00 00 00
00 00 00 00 00 00 00 00  00 00 00 00 00 00 00 00
src regs sR: { 79 00 01 02 }
dst regs dR: { 03 04 }
IS: 1 IP: 0
Your code halted, but didn't solve puzzle copyreg.
Try again to balance the score
 === machine state === 
mem M:
01 02 56 FE 00 EA 92 05  00 5A 02 00 EE 96 00 00
5E 06 00 F2 9A 00 00 62  0A 00 F6 9E 00 00 66 0E
00 FA A2 00 00 6A 12 00  FE A6 00 00 6E 16 00 07
AA 00 00 72 1A 00 B8 AE  00 00 76 1E 00 BC B2 00
00 7A 22 00 C0 B6 00 00  7E 26 00 C4 BA 00 00 82
2A 00 C8 BE 00 00 86 2E  00 CC C2 00 00 8A 32 00
D0 C6 00 00 8E 36 00 D4  CA 00 00 92 3A 00 D8 CE
00 00 96 3E 00 DC D2 00  00 9A 42 00 E0 D6 00 00
9E 46 00 E4 DA 00 00 A2  4A 00 E8 DE 00 00 A6 4E
00 EC E2 00 00 AA 52 00  F0 E6 00 00 AE 56 00 F4
EA 00 00 B2 5A 00 F8 EE  00 00 B6 5E 00 FC F2 00
00 BA 05 00 FB F6 00 00  BE 66 00 00 FA 00 00 C2
6A 00 00 FE 00 00 C6 6E  00 00 36 00 00 CA 72 00
00 3A 00 00 CE 76 00 00  3E 00 00 D2 7A 00 00 42
00 00 D6 7E 00 00 46 00  00 DA 82 00 00 4A 00 00
DE 86 00 00 4E 00 00 E2  8A 00 00 52 00 00 E6 8E
src regs sR: { C3 2F 01 B4 }
dst regs dR: { FD B2 }
IS: 3 IP: 5
% 
[balance] Running test 1/5...

 === machine state === 
mem M:
01 02 04 08 10 20 40 80  00 00 00 00 00 00 00 00
00 00 00 00 00 00 00 00  00 00 00 00 00 00 00 00
00 00 00 00 00 00 00 00  00 00 00 00 00 00 00 00
00 00 00 00 00 00 00 00  00 00 00 00 00 00 00 00
00 00 00 00 00 00 00 00  00 00 00 00 00 00 00 00
00 00 00 00 00 00 00 00  00 00 00 00 00 00 00 00
00 00 00 00 00 00 00 00  00 00 00 00 00 00 00 00
00 00 00 00 00 00 00 00  00 00 00 00 00 00 00 00
00 00 00 00 00 00 00 00  00 00 00 00 00 00 00 00
00 00 00 00 00 00 00 00  00 00 00 00 00 00 00 00
00 00 00 00 00 00 00 00  00 00 00 00 00 00 00 00
00 00 00 00 00 00 00 00  00 00 00 00 00 00 00 00
00 00 00 00 00 00 00 00  00 00 00 00 00 00 00 00
00 00 00 00 00 00 00 00  00 00 00 00 00 00 00 00
00 00 00 00 00 00 00 00  00 00 00 00 00 00 00 00
00 00 00 00 00 00 00 00  00 00 00 00 00 00 00 00
src regs sR: { 12 00 01 02 }
dst regs dR: { 03 04 }
IS: 1 IP: 0
 === machine state === 
mem M:
01 02 08 FE 92 9C 92 05  03 0C 02 96 A0 96 00 06
10 06 9A A4 9A 00 0A 14  0A 9E A8 9E 00 0E 18 0E
A2 AC A2 00 12 1C 12 A6  B0 A6 00 16 20 16 AA B4
AA 00 1A 24 1A AE B8 AE  00 1E 28 1E B2 BC B2 00
22 2C 22 B6 C0 B6 00 26  30 26 BA C4 BA 00 2A 34
2A BE C8 BE 00 2E 38 2E  C2 CC C2 00 32 3C 32 C6
D0 C6 00 36 40 36 CA D4  CA 00 3A 44 3A CE D8 CE
00 3E 48 3E D2 DC D2 00  42 4C 42 D6 E0 D6 00 46
50 46 DA E4 DA 00 4A 54  4A DE E8 DE 00 4E 58 4E
E2 EC E2 00 52 5C 52 E6  F0 E6 00 56 60 56 EA F4
EA 00 5A 64 5A EE F8 EE  00 5E 68 5E F2 FC F2 00
62 6C 05 F6 FB F6 00 66  70 66 FA 00 FA 00 6A 74
6A FE 00 FE 00 6E 78 6E  07 00 00 00 72 7C 72 00
00 00 00 76 80 76 00 00  00 00 7A 84 7A 00 00 00
00 7E 88 7E 00 00 00 00  82 8C 82 00 00 00 00 86
90 86 00 00 00 00 8A 94  8A 00 00 04 00 8E 98 8E
src regs sR: { C3 C8 01 B4 }
dst regs dR: { FD B2 }
IS: 3 IP: 5

[balance] Running test 2/5...

 === machine state === 
mem M:
01 02 04 08 10 20 40 80  00 00 00 00 00 00 00 00
00 00 00 00 00 00 00 00  00 00 00 00 00 00 00 00
00 00 00 00 00 00 00 00  00 00 00 00 00 00 00 00
00 00 00 00 00 00 00 00  00 00 00 00 00 00 00 00
00 00 00 00 00 00 00 00  00 00 00 00 00 00 00 00
00 00 00 00 00 00 00 00  00 00 00 00 00 00 00 00
00 00 00 00 00 00 00 00  00 00 00 00 00 00 00 00
00 00 00 00 00 00 00 00  00 00 00 00 00 00 00 00
00 00 00 00 00 00 00 00  00 00 00 00 00 00 00 00
00 00 00 00 00 00 00 00  00 00 00 00 00 00 00 00
00 00 00 00 00 00 00 00  00 00 00 00 00 00 00 00
00 00 00 00 00 00 00 00  00 00 00 00 00 00 00 00
00 00 00 00 00 00 00 00  00 00 00 00 00 00 00 00
00 00 00 00 00 00 00 00  00 00 00 00 00 00 00 00
00 00 00 00 00 00 00 00  00 00 00 00 00 00 00 00
00 00 00 00 00 00 00 00  00 00 00 00 00 00 00 00
src regs sR: { 5A 00 01 02 }
dst regs dR: { 03 04 }
IS: 1 IP: 0
 === machine state === 
mem M:
01 02 FA FE 00 9C 92 05  00 FE 02 00 A0 96 00 00
07 06 00 A4 9A 00 00 14  0A 00 A8 9E 00 00 18 0E
00 AC A2 00 00 1C 12 00  B0 A6 00 00 20 16 00 B4
AA 00 00 24 1A 00 B8 AE  00 00 28 1E 00 BC B2 00
00 2C 22 00 C0 B6 00 00  30 26 00 C4 BA 00 00 34
2A 00 C8 BE 00 00 38 2E  00 CC C2 00 00 3C 32 00
D0 C6 00 00 40 36 00 D4  CA 00 00 44 3A 00 D8 CE
00 00 48 3E 00 DC D2 00  00 4C 42 00 E0 D6 00 00
50 46 00 E4 DA 00 00 54  4A 00 E8 DE 00 00 58 4E
00 EC E2 00 00 5C 52 00  F0 E6 00 00 60 56 00 F4
EA 00 00 64 5A 00 F8 EE  00 00 68 5E 00 FC F2 00
00 6C 05 00 FB F6 00 00  70 66 00 00 FA 00 00 74
6A 00 00 FE 00 00 78 6E  00 00 DA 00 00 7C 72 00
00 DE 00 00 80 76 00 00  E2 00 00 84 7A 00 00 E6
00 00 88 7E 00 00 EA 00  00 8C 82 00 00 EE 00 00
90 86 00 00 F2 00 00 94  8A 00 00 F6 00 00 98 8E
src regs sR: { C3 10 01 B4 }
dst regs dR: { FD B2 }
IS: 3 IP: 5

[balance] Running test 3/5...

 === machine state === 
mem M:
01 02 04 08 10 20 40 80  00 00 00 00 00 00 00 00
00 00 00 00 00 00 00 00  00 00 00 00 00 00 00 00
00 00 00 00 00 00 00 00  00 00 00 00 00 00 00 00
00 00 00 00 00 00 00 00  00 00 00 00 00 00 00 00
00 00 00 00 00 00 00 00  00 00 00 00 00 00 00 00
00 00 00 00 00 00 00 00  00 00 00 00 00 00 00 00
00 00 00 00 00 00 00 00  00 00 00 00 00 00 00 00
00 00 00 00 00 00 00 00  00 00 00 00 00 00 00 00
00 00 00 00 00 00 00 00  00 00 00 00 00 00 00 00
00 00 00 00 00 00 00 00  00 00 00 00 00 00 00 00
00 00 00 00 00 00 00 00  00 00 00 00 00 00 00 00
00 00 00 00 00 00 00 00  00 00 00 00 00 00 00 00
00 00 00 00 00 00 00 00  00 00 00 00 00 00 00 00
00 00 00 00 00 00 00 00  00 00 00 00 00 00 00 00
00 00 00 00 00 00 00 00  00 00 00 00 00 00 00 00
00 00 00 00 00 00 00 00  00 00 00 00 00 00 00 00
src regs sR: { 5C 00 01 02 }
dst regs dR: { 03 04 }
IS: 1 IP: 0
..........................................................................................................................................................................................................................................................................................................................................................................................................................................................................................................................................................................................................................................................................................................................................................................................................................................................................................................................................................................................................................................................................................................................................................................................................................................................................................................................................................................................................................................................................................................................................................................................................................................................................................................................................................................................................................................................................................................................................................................................................................................................................................................................................................................................................................................................................................................................................................................................................................................................................................................................................................................................................................................................................................................................................................................................................................................................................................................................................................................................................................................................................................................................................................................................................................................................................................................................................................................................................................................................................................................................................................................................................................................................................................................................................................................................................................................................................................................................................................................................................................................................................................................................................................................................................................................................................................................................................................................................................................................................................................................................................................................................................................................................................................................................................................................................................................................................................................................................................................................................................................................................................................................................................................................................................................................................................................................................................................................................................................................................................................................................................................................................................................................................................................................................................................................................................................................................................................................................................................................................................................................................................................................................................................................................................................................................................................................................................................................................................................................................................................................................................................................................................................................................................................................................................................................................................................................................................................................................................................................................................................................................................................................................................................................................................................................................................................................................................................................................................................................................................................................................................................................................................................................................................................................................................................................................................................................................................................................................................................................................................................................................................................................................................................................................................................................................................................................................................................................................................................................................................................................................................................................................................................................................................................................................................................................................................................................................................................................................................................................................................................................................................................................................................................................................................................................................................................................................................................................................................................................................................................................................................................................................................................................................................................................................................................................................................................................................................................................................................................................................................................................................................................................................................................................................................................................................................................................................................................................................................................................................................................................................................................................................................................................................................................................................................................................................................................................................................................................................................................................................................................................................................................................................................................................................................................................................................................................................................................................................................................................................................................................................................................................................................................................................................................................................................................................................................................................................................................................................................................................................................................................................................................................................................................................................................................................................................................................................................................................................................................................................................................................................................................................................................................................................................................................................................................................................................................................................................................................................................................................................................................................................................................................................................................................................................................................................................................................................................................................................................................................................................................................................................................................................................................................................................................................................................................................................................................................................................................................................................................................................................................................................................................................................................................................................................................................................................................................................................................................................................................................................................................................................................................................................................................................................................................................................................................................................................................................................................................................................................................................................................................................................................................................................................................................................................................................................................................................................................................................................................................................................................................................................................................................................................................................................................................................................................................................................................................................................................................................................................................................................................................................................................................................................................................................................................................................................................................................................................................................................................................................................................................................................................................................................................................................................................................................................................................................................................................................................................................................................................................................................................................................................................................................................................................................................................................................................................................................................................................................................................................................................................................................................................................................................................................................................................................................................................................................................................................................................................................................................................................................................................................................................................................................................................................................................................................................................................................................................................................................................................................................................................................................................................................................................................................................................................................................................................................................................................................................................................................................................................................................................................................................................................................................................................................................................................................................................................................................................................................................................................................................................................................................................................................................................................................................................................................................................................................................................................................................................................................................................................................................................................................................................................................................................................................................................................................................................................................................................................................................................................................................................................................................................................................................................................................................................................................................................................................................................................................................................................................................................................................................................................................................................................................................................................................................................................................................................................................................................................................................................................................................................................................................................................................................................................................................................................................................................................................................................................................................................................................................................................................................................................................................................................................................................................................................................................................................................................................................................................................................................................................................................................................................................................................................................................................................................................................................................................................................................................................................................................................................................................................................................................................................................................................................................................................................................................................................................................................................................................................................................................................................................................................................................................................................................................................................................................................................................................................................................................................................................................................................................................................................................................................................................................................................................................................................................................................................................................................................................................................................................................................................................................................................................................................................................................................................................................................................................................................................................................................................................................................................................................................................................................................................................................................................................................................................................................................................................................................................................................................................................................................................................................................