

















































12:00:00 1/1/19100
Welcome to Universal Machine IX (UMIX).

This machine is a shared resource. Please do not log
in to multiple simultaneous UMIX servers. No game playing
is allowed.

Please log in (use 'guest' for visitor access).
;login: password: logged in as yang


% Begin sending characters. Terminate with STOP...
writing 61 characters
% % 
[balance] Running test 1/5...

 === machine state === 
mem M:
01 02 04 08 10 20 40 80  00 00 00 00 00 00 00 00
00 00 00 00 00 00 00 00  00 00 00 00 00 00 00 00
00 00 00 00 00 00 00 00  00 00 00 00 00 00 00 00
00 00 00 00 00 00 00 00  00 00 00 00 00 00 00 00
00 00 00 00 00 00 00 00  00 00 00 00 00 00 00 00
00 00 00 00 00 00 00 00  00 00 00 00 00 00 00 00
00 00 00 00 00 00 00 00  00 00 00 00 00 00 00 00
00 00 00 00 00 00 00 00  00 00 00 00 00 00 00 00
00 00 00 00 00 00 00 00  00 00 00 00 00 00 00 00
00 00 00 00 00 00 00 00  00 00 00 00 00 00 00 00
00 00 00 00 00 00 00 00  00 00 00 00 00 00 00 00
00 00 00 00 00 00 00 00  00 00 00 00 00 00 00 00
00 00 00 00 00 00 00 00  00 00 00 00 00 00 00 00
00 00 00 00 00 00 00 00  00 00 00 00 00 00 00 00
00 00 00 00 00 00 00 00  00 00 00 00 00 00 00 00
00 00 00 00 00 00 00 00  00 00 00 00 00 00 00 00
src regs sR: { 4D 00 01 02 }
dst regs dR: { 03 04 }
IS: 1 IP: 0
. === machine state === 
mem M:
6C 0C 04 00 93 20 46 80  7A 2B 6D 00 EB 62 00 05
00 A4 00 3C 00 70 3C 7E  00 6F 63 00 16 00 9A 00
3D 00 71 32 74 00 80 74  00 0C 00 9B 00 4E 00 82
33 75 00 76 6A 00 0D 00  AC 00 44 00 78 44 86 00
77 6B 00 1E 00 AC 03 45  00 79 3A 7C 00 88 7C 00
14 00 48 14 56 00 8A 3B  7D 00 7E 72 00 15 00 49
0A 4C 00 80 4C 8E 00 7F  73 00 26 00 5A 0B 4D 00
81 42 84 00 90 84 00 1C  00 50 1C 5E 00 92 43 85
00 86 7A 00 1D 00 51 12  54 00 88 54 96 00 87 7B
00 2E 00 62 13 55 00 89  4A 8C 00 98 8C 00 24 00
58 24 66 00 9A 4B 8D 00  8E 82 00 25 00 59 1A 5C
00 90 5C 9E 00 8F 83 00  36 00 6A 1B 5D 00 91 52
94 00 A0 94 00 2C 00 60  2C 6E 00 A2 53 95 00 96
8A 00 2D 00 61 22 64 00  98 64 A6 00 97 8B 00 3E
00 72 23 65 00 99 5A 9C  00 A8 9C 00 34 00 68 34
76 00 AA 5B 9D 00 9E 92  00 35 00 69 2A 6C 00 A0
src regs sR: { 01 01 07 41 }
dst regs dR: { 03 0C }
IS: 3 IP: 13

[balance] Running test 2/5...

 === machine state === 
mem M:
01 02 04 08 10 20 40 80  00 00 00 00 00 00 00 00
00 00 00 00 00 00 00 00  00 00 00 00 00 00 00 00
00 00 00 00 00 00 00 00  00 00 00 00 00 00 00 00
00 00 00 00 00 00 00 00  00 00 00 00 00 00 00 00
00 00 00 00 00 00 00 00  00 00 00 00 00 00 00 00
00 00 00 00 00 00 00 00  00 00 00 00 00 00 00 00
00 00 00 00 00 00 00 00  00 00 00 00 00 00 00 00
00 00 00 00 00 00 00 00  00 00 00 00 00 00 00 00
00 00 00 00 00 00 00 00  00 00 00 00 00 00 00 00
00 00 00 00 00 00 00 00  00 00 00 00 00 00 00 00
00 00 00 00 00 00 00 00  00 00 00 00 00 00 00 00
00 00 00 00 00 00 00 00  00 00 00 00 00 00 00 00
00 00 00 00 00 00 00 00  00 00 00 00 00 00 00 00
00 00 00 00 00 00 00 00  00 00 00 00 00 00 00 00
00 00 00 00 00 00 00 00  00 00 00 00 00 00 00 00
00 00 00 00 00 00 00 00  00 00 00 00 00 00 00 00
src regs sR: { 03 00 01 02 }
dst regs dR: { 03 04 }
IS: 1 IP: 0
. === machine state === 
mem M:
3A 0C 04 00 7C 20 46 80  7A 14 6D 00 EB 3B 00 05
00 72 00 3C 00 70 0A 7E  00 6F 4C 00 16 00 73 00
3D 00 71 0B 74 00 80 42  00 0C 00 84 00 4E 00 82
1C 75 00 76 43 00 0D 00  7A 00 44 00 78 12 86 00
77 54 00 1E 00 7B 00 45  00 79 13 7C 00 88 4A 00
14 00 8C 00 56 00 8A 24  7D 00 7E 4B 00 15 00 82
00 4C 00 80 1A 8E 00 7F  5C 00 26 00 83 00 4D 00
81 1B 84 00 90 52 00 1C  00 94 00 5E 00 92 2C 85
00 86 53 00 1D 00 8A 00  54 00 88 22 96 00 87 64
00 2E 00 8B 00 55 00 89  23 8C 00 98 5A 00 24 00
9C 00 66 00 9A 34 8D 00  8E 5B 00 25 00 92 00 5C
00 90 2A 9E 00 8F 6C 00  36 00 93 00 5D 00 91 2B
94 00 A0 62 00 2C 00 A4  00 6E 00 A2 3C 95 00 96
63 00 2D 00 9A 00 64 00  98 32 A6 00 97 74 00 3E
00 9B 00 65 00 99 33 9C  00 A8 6A 00 34 00 AC 00
76 00 AA 44 9D 00 9E 6B  00 35 00 AC 03 6C 00 A0
src regs sR: { 01 01 07 F7 }
dst regs dR: { 03 0C }
IS: 3 IP: 13

[balance] Running test 3/5...

 === machine state === 
mem M:
01 02 04 08 10 20 40 80  00 00 00 00 00 00 00 00
00 00 00 00 00 00 00 00  00 00 00 00 00 00 00 00
00 00 00 00 00 00 00 00  00 00 00 00 00 00 00 00
00 00 00 00 00 00 00 00  00 00 00 00 00 00 00 00
00 00 00 00 00 00 00 00  00 00 00 00 00 00 00 00
00 00 00 00 00 00 00 00  00 00 00 00 00 00 00 00
00 00 00 00 00 00 00 00  00 00 00 00 00 00 00 00
00 00 00 00 00 00 00 00  00 00 00 00 00 00 00 00
00 00 00 00 00 00 00 00  00 00 00 00 00 00 00 00
00 00 00 00 00 00 00 00  00 00 00 00 00 00 00 00
00 00 00 00 00 00 00 00  00 00 00 00 00 00 00 00
00 00 00 00 00 00 00 00  00 00 00 00 00 00 00 00
00 00 00 00 00 00 00 00  00 00 00 00 00 00 00 00
00 00 00 00 00 00 00 00  00 00 00 00 00 00 00 00
00 00 00 00 00 00 00 00  00 00 00 00 00 00 00 00
00 00 00 00 00 00 00 00  00 00 00 00 00 00 00 00
src regs sR: { 98 00 01 02 }
dst regs dR: { 03 04 }
IS: 1 IP: 0
.Your code halted, but didn't solve puzzle copyreg.
Try again to balance the score
 === machine state === 
mem M:
01 75 04 00 38 20 46 80  7A 00 6D 00 6E 12 7A 05
00 39 00 3C 00 70 00 7E  00 6F 08 E3 16 00 4A 00
3D 00 71 00 74 00 80 09  49 0C 00 40 00 4E 00 82
00 75 00 76 1A 4E 0D 00  41 00 44 00 78 00 86 00
77 10 B7 1E 00 52 00 45  00 79 00 7C 00 88 11 1D
14 00 48 00 56 00 8A 00  7D 00 7E 22 22 15 00 49
00 4C 00 80 00 8E 00 7F  18 8B 26 00 5A 00 4D 00
81 00 84 00 90 19 F1 1C  00 50 00 5E 00 05 00 EA
00 F9 2A 00 1D 00 51 00  54 00 6E 00 EF 00 5F 20
00 2E 00 62 00 55 00 D4  00 58 00 64 21 00 24 00
58 00 66 00 D9 00 BE 00  CD 32 00 25 00 59 00 5C
00 42 00 C3 00 33 28 00  36 00 6A 00 5D 00 A8 00
2C 00 38 29 00 2C 00 60  00 6E 00 AD 00 92 00 A1
3A 00 2D 00 61 00 64 00  16 00 97 00 07 30 00 3E
00 72 00 65 00 7C 00 00  00 0C 31 00 34 00 68 00
76 00 81 00 82 00 68 42  00 35 00 69 00 6C 00 78
src regs sR: { 01 76 EB EE }
dst regs dR: { 03 F6 }
IS: 3 IP: 13
% 
[balance] Running test 1/5...

 === machine state === 
mem M:
01 02 04 08 10 20 40 80  00 00 00 00 00 00 00 00
00 00 00 00 00 00 00 00  00 00 00 00 00 00 00 00
00 00 00 00 00 00 00 00  00 00 00 00 00 00 00 00
00 00 00 00 00 00 00 00  00 00 00 00 00 00 00 00
00 00 00 00 00 00 00 00  00 00 00 00 00 00 00 00
00 00 00 00 00 00 00 00  00 00 00 00 00 00 00 00
00 00 00 00 00 00 00 00  00 00 00 00 00 00 00 00
00 00 00 00 00 00 00 00  00 00 00 00 00 00 00 00
00 00 00 00 00 00 00 00  00 00 00 00 00 00 00 00
00 00 00 00 00 00 00 00  00 00 00 00 00 00 00 00
00 00 00 00 00 00 00 00  00 00 00 00 00 00 00 00
00 00 00 00 00 00 00 00  00 00 00 00 00 00 00 00
00 00 00 00 00 00 00 00  00 00 00 00 00 00 00 00
00 00 00 00 00 00 00 00  00 00 00 00 00 00 00 00
00 00 00 00 00 00 00 00  00 00 00 00 00 00 00 00
00 00 00 00 00 00 00 00  00 00 00 00 00 00 00 00
src regs sR: { BF 00 01 02 }
dst regs dR: { 03 04 }
IS: 1 IP: 0
.Your code halted, but didn't solve puzzle copyreg.
Try again to balance the score
 === machine state === 
mem M:
01 0C 04 00 38 20 46 80  7A 00 6D 00 B7 12 62 05
00 39 00 3C 00 70 00 7E  00 6F 08 C3 16 00 4A 00
3D 00 71 00 74 00 80 09  21 0C 00 40 00 4E 00 82
00 75 00 76 1A 16 0D 00  41 00 44 00 78 00 86 00
77 10 77 1E 00 52 00 45  00 79 00 7C 00 88 11 D5
14 00 48 00 56 00 F5 00  DA 00 E9 22 CA 15 00 49
00 4C 00 56 00 CF 00 47  18 2B 26 00 5A 00 4D 00
B4 00 30 00 3C 19 89 1C  00 50 00 5E 00 A9 00 8E
00 9D 2A 7E 1D 00 51 00  54 00 0A 00 83 00 FB 20
DF 2E 00 62 00 55 00 68  00 E4 00 F0 21 3D 24 00
58 00 66 00 5D 00 42 00  51 32 32 25 00 59 00 5C
00 BE 00 37 00 AF 28 32  36 00 6A 00 5D 00 1C 00
98 00 A4 29 00 2C 00 60  00 6E 00 11 00 F6 00 05
3A 00 2D 00 61 00 64 00  72 00 EB 00 63 30 00 3E
00 72 00 65 00 D0 00 4C  00 58 31 00 34 00 68 00
76 00 C5 00 AA 00 B9 42  00 35 00 69 00 6C 00 26
src regs sR: { 01 01 07 B3 }
dst regs dR: { 03 0C }
IS: 3 IP: 13
% 
[balance] Running test 1/5...

 === machine state === 
mem M:
01 02 04 08 10 20 40 80  00 00 00 00 00 00 00 00
00 00 00 00 00 00 00 00  00 00 00 00 00 00 00 00
00 00 00 00 00 00 00 00  00 00 00 00 00 00 00 00
00 00 00 00 00 00 00 00  00 00 00 00 00 00 00 00
00 00 00 00 00 00 00 00  00 00 00 00 00 00 00 00
00 00 00 00 00 00 00 00  00 00 00 00 00 00 00 00
00 00 00 00 00 00 00 00  00 00 00 00 00 00 00 00
00 00 00 00 00 00 00 00  00 00 00 00 00 00 00 00
00 00 00 00 00 00 00 00  00 00 00 00 00 00 00 00
00 00 00 00 00 00 00 00  00 00 00 00 00 00 00 00
00 00 00 00 00 00 00 00  00 00 00 00 00 00 00 00
00 00 00 00 00 00 00 00  00 00 00 00 00 00 00 00
00 00 00 00 00 00 00 00  00 00 00 00 00 00 00 00
00 00 00 00 00 00 00 00  00 00 00 00 00 00 00 00
00 00 00 00 00 00 00 00  00 00 00 00 00 00 00 00
00 00 00 00 00 00 00 00  00 00 00 00 00 00 00 00
src regs sR: { 55 00 01 02 }
dst regs dR: { 03 04 }
IS: 1 IP: 0
. === machine state === 
mem M:
01 0C 04 00 38 20 46 80  7A 00 6D 00 F9 12 00 05
00 39 00 3C 00 70 00 7E  00 A4 08 00 16 00 4A 00
3D 00 71 00 74 00 9A 09  00 0C 00 40 00 4E 00 82
00 75 00 9B 1A 00 0D 00  41 00 44 00 78 00 86 00
AC 10 00 1E 00 52 00 45  00 79 00 7C 00 AC 11 00
14 00 48 00 56 00 8A 00  7D 00 7E 22 00 15 00 49
00 4C 00 80 00 8E 00 7F  18 00 26 00 5A 00 4D 00
81 00 84 00 90 19 00 1C  00 50 00 5E 00 92 00 85
00 86 2A 00 1D 00 51 00  54 00 88 00 96 00 87 20
00 2E 00 62 00 55 00 89  00 8C 00 98 21 00 24 00
58 00 66 00 9A 00 8D 00  8E 32 00 25 00 59 00 5C
00 90 00 9E 00 8F 28 00  36 00 6A 00 5D 00 91 00
94 00 A0 29 00 2C 00 60  00 6E 00 A2 00 95 00 96
3A 00 2D 00 61 00 64 00  98 00 A6 00 97 30 00 3E
00 72 00 65 00 99 00 9C  00 A8 31 00 34 00 68 00
76 00 AA 00 9D 00 9E 42  00 35 00 69 00 6C 00 A0
src regs sR: { 01 01 07 49 }
dst regs dR: { 03 0C }
IS: 3 IP: 13

[balance] Running test 2/5...

 === machine state === 
mem M:
01 02 04 08 10 20 40 80  00 00 00 00 00 00 00 00
00 00 00 00 00 00 00 00  00 00 00 00 00 00 00 00
00 00 00 00 00 00 00 00  00 00 00 00 00 00 00 00
00 00 00 00 00 00 00 00  00 00 00 00 00 00 00 00
00 00 00 00 00 00 00 00  00 00 00 00 00 00 00 00
00 00 00 00 00 00 00 00  00 00 00 00 00 00 00 00
00 00 00 00 00 00 00 00  00 00 00 00 00 00 00 00
00 00 00 00 00 00 00 00  00 00 00 00 00 00 00 00
00 00 00 00 00 00 00 00  00 00 00 00 00 00 00 00
00 00 00 00 00 00 00 00  00 00 00 00 00 00 00 00
00 00 00 00 00 00 00 00  00 00 00 00 00 00 00 00
00 00 00 00 00 00 00 00  00 00 00 00 00 00 00 00
00 00 00 00 00 00 00 00  00 00 00 00 00 00 00 00
00 00 00 00 00 00 00 00  00 00 00 00 00 00 00 00
00 00 00 00 00 00 00 00  00 00 00 00 00 00 00 00
00 00 00 00 00 00 00 00  00 00 00 00 00 00 00 00
src regs sR: { 51 00 01 02 }
dst regs dR: { 03 04 }
IS: 1 IP: 0
.Your code halted, but didn't solve puzzle copyreg.
Try again to balance the score
 === machine state === 
mem M:
2A 0C 04 00 6C 20 46 80  93 00 6D 00 EB 2B 00 05
00 62 00 3C 00 A4 00 7E  00 6F 3C 00 16 00 63 00
3D 00 9A 00 74 00 80 32  00 0C 00 74 00 4E 00 9B
00 75 00 76 33 00 0D 00  6A 00 44 00 AC 00 86 00
77 44 00 1E 00 6B 00 45  00 AC 03 7C 00 88 3A 00
14 00 7C 00 56 00 8A 14  7D 00 7E 3B 00 15 00 72
00 4C 00 80 0A 8E 00 7F  4C 00 26 00 73 00 4D 00
81 0B 84 00 90 42 00 1C  00 84 00 5E 00 92 1C 85
00 86 43 00 1D 00 7A 00  54 00 88 12 96 00 87 54
00 2E 00 7B 00 55 00 89  13 8C 00 98 4A 00 24 00
8C 00 66 00 9A 24 8D 00  8E 4B 00 25 00 82 00 5C
00 90 1A 9E 00 8F 5C 00  36 00 83 00 5D 00 91 1B
94 00 A0 52 00 2C 00 94  00 6E 00 A2 2C 95 00 96
53 00 2D 00 8A 00 64 00  98 22 A6 00 97 64 00 3E
00 8B 00 65 00 99 23 9C  00 A8 5A 00 34 00 9C 00
76 00 AA 34 9D 00 9E 5B  00 35 00 92 00 6C 00 A0
src regs sR: { 01 01 07 45 }
dst regs dR: { 03 0C }
IS: 3 IP: 13
% 
[balance] Running test 1/5...

 === machine state === 
mem M:
01 02 04 08 10 20 40 80  00 00 00 00 00 00 00 00
00 00 00 00 00 00 00 00  00 00 00 00 00 00 00 00
00 00 00 00 00 00 00 00  00 00 00 00 00 00 00 00
00 00 00 00 00 00 00 00  00 00 00 00 00 00 00 00
00 00 00 00 00 00 00 00  00 00 00 00 00 00 00 00
00 00 00 00 00 00 00 00  00 00 00 00 00 00 00 00
00 00 00 00 00 00 00 00  00 00 00 00 00 00 00 00
00 00 00 00 00 00 00 00  00 00 00 00 00 00 00 00
00 00 00 00 00 00 00 00  00 00 00 00 00 00 00 00
00 00 00 00 00 00 00 00  00 00 00 00 00 00 00 00
00 00 00 00 00 00 00 00  00 00 00 00 00 00 00 00
00 00 00 00 00 00 00 00  00 00 00 00 00 00 00 00
00 00 00 00 00 00 00 00  00 00 00 00 00 00 00 00
00 00 00 00 00 00 00 00  00 00 00 00 00 00 00 00
00 00 00 00 00 00 00 00  00 00 00 00 00 00 00 00
00 00 00 00 00 00 00 00  00 00 00 00 00 00 00 00
src regs sR: { C0 00 01 02 }
dst regs dR: { 03 04 }
IS: 1 IP: 0
.Your code halted, but didn't solve puzzle copyreg.
Try again to balance the score
 === machine state === 
mem M:
01 0C 7B 00 38 20 46 13  7A 00 6D 4A 78 12 00 8C
00 39 00 3C 24 70 00 7E  4B 6F 08 00 82 00 4A 00
3D 1A 71 00 74 5C 80 09  00 83 00 40 00 4E 1B 82
00 75 52 76 1A 00 94 00  41 00 44 2C 78 00 86 53
77 10 00 8A 00 52 00 45  22 79 00 7C 64 88 11 00
8B 00 48 00 56 23 8A 00  7D 5A 7E 22 00 9C 00 49
00 4C 34 80 00 8E 5B 7F  18 00 92 00 5A 00 4D 2A
81 00 84 6C 90 19 00 93  00 50 00 5E 2B 92 00 85
62 86 2A 00 A4 00 51 00  54 3C 88 00 96 63 87 20
00 9A 00 62 00 55 32 89  00 8C 74 98 21 00 9B 00
58 00 66 33 9A 00 8D 6A  8E 32 00 AC 00 59 00 5C
44 90 00 9E 6B 8F 28 00  AC 03 6A 00 5D 3A 91 00
94 7C A0 29 00 2C 14 60  00 6E 3B A2 00 95 72 96
3A 00 2D 0A 61 00 64 4C  98 00 A6 73 97 30 00 3E
0B 72 00 65 42 99 00 9C  84 A8 31 00 34 1C 68 00
76 43 AA 00 9D 7A 9E 42  00 35 12 69 00 6C 54 A0
src regs sR: { 01 01 07 B4 }
dst regs dR: { 03 0C }
IS: 3 IP: 13
% 
[balance] Running test 1/5...

 === machine state === 
mem M:
01 02 04 08 10 20 40 80  00 00 00 00 00 00 00 00
00 00 00 00 00 00 00 00  00 00 00 00 00 00 00 00
00 00 00 00 00 00 00 00  00 00 00 00 00 00 00 00
00 00 00 00 00 00 00 00  00 00 00 00 00 00 00 00
00 00 00 00 00 00 00 00  00 00 00 00 00 00 00 00
00 00 00 00 00 00 00 00  00 00 00 00 00 00 00 00
00 00 00 00 00 00 00 00  00 00 00 00 00 00 00 00
00 00 00 00 00 00 00 00  00 00 00 00 00 00 00 00
00 00 00 00 00 00 00 00  00 00 00 00 00 00 00 00
00 00 00 00 00 00 00 00  00 00 00 00 00 00 00 00
00 00 00 00 00 00 00 00  00 00 00 00 00 00 00 00
00 00 00 00 00 00 00 00  00 00 00 00 00 00 00 00
00 00 00 00 00 00 00 00  00 00 00 00 00 00 00 00
00 00 00 00 00 00 00 00  00 00 00 00 00 00 00 00
00 00 00 00 00 00 00 00  00 00 00 00 00 00 00 00
00 00 00 00 00 00 00 00  00 00 00 00 00 00 00 00
src regs sR: { EE 00 01 02 }
dst regs dR: { 03 04 }
IS: 1 IP: 0
. === machine state === 
mem M:
01 FF 04 80 28 83 3E 80  94 E1 9C 00 05 12 35 05
00 46 9B 56 00 AC 07 C2  00 B3 08 5B 16 00 6C B9
74 00 CA 1F DA 00 D9 1E  73 2E 00 84 DF 9A 00 F0
3D F8 00 F1 44 91 4C 00  A2 F7 B2 00 08 63 1E 00
0F 5C B7 72 00 C8 15 D0  00 26 7B 36 00 35 7A CF
8A 00 E0 3B F6 00 4C 99  54 00 4D A0 ED A8 00 FE
53 0E 00 64 BF 7A 00 6B  B8 13 CE 00 24 71 2C 00
82 D7 92 00 91 D6 2B E6  00 3C 97 52 00 A8 F5 B0
00 A9 FC 49 04 00 5A AF  6A 00 C0 1B D6 00 C7 14
6F 2A 00 80 CD 88 00 DE  33 EE 00 ED 32 87 42 00
98 F3 AE 00 04 51 0C 00  05 58 A5 60 00 B6 0B C6
00 1C 77 32 00 23 70 CB  86 00 DC 29 E4 00 3A 8F
4A 00 49 8E E3 9E 00 F4  4F 0A 00 60 AD 68 00 61
B4 01 BC 00 12 67 22 00  78 D3 8E 00 7F CC 27 E2
00 38 85 40 00 96 D3 A6  00 A5 EA 3F FA 00 50 AB
66 00 BC 00 C4 00 BD 10  5D 18 00 6E C3 7E 00 D4
src regs sR: { 01 01 07 E2 }
dst regs dR: { 03 0C }
IS: 3 IP: 13

[balance] Running test 2/5...

 === machine state === 
mem M:
01 02 04 08 10 20 40 80  00 00 00 00 00 00 00 00
00 00 00 00 00 00 00 00  00 00 00 00 00 00 00 00
00 00 00 00 00 00 00 00  00 00 00 00 00 00 00 00
00 00 00 00 00 00 00 00  00 00 00 00 00 00 00 00
00 00 00 00 00 00 00 00  00 00 00 00 00 00 00 00
00 00 00 00 00 00 00 00  00 00 00 00 00 00 00 00
00 00 00 00 00 00 00 00  00 00 00 00 00 00 00 00
00 00 00 00 00 00 00 00  00 00 00 00 00 00 00 00
00 00 00 00 00 00 00 00  00 00 00 00 00 00 00 00
00 00 00 00 00 00 00 00  00 00 00 00 00 00 00 00
00 00 00 00 00 00 00 00  00 00 00 00 00 00 00 00
00 00 00 00 00 00 00 00  00 00 00 00 00 00 00 00
00 00 00 00 00 00 00 00  00 00 00 00 00 00 00 00
00 00 00 00 00 00 00 00  00 00 00 00 00 00 00 00
00 00 00 00 00 00 00 00  00 00 00 00 00 00 00 00
00 00 00 00 00 00 00 00  00 00 00 00 00 00 00 00
src regs sR: { 72 00 01 02 }
dst regs dR: { 03 04 }
IS: 1 IP: 0
. === machine state === 
mem M:
01 0C 8B 00 38 20 46 23  7A 00 6D 5A 48 12 00 9C
00 39 00 3C 34 70 00 7E  5B 6F 08 00 92 00 4A 00
3D 2A 71 00 74 6C 80 09  00 93 00 40 00 4E 2B 82
00 75 62 76 1A 00 A4 00  41 00 44 3C 78 00 86 63
77 10 00 9A 00 52 00 45  32 79 00 7C 74 88 11 00
9B 00 48 00 56 33 8A 00  7D 6A 7E 22 00 AC 00 49
00 4C 44 80 00 8E 6B 7F  18 00 AC 03 5A 00 4D 3A
81 00 84 7C 90 19 00 1C  14 50 00 5E 3B 92 00 85
72 86 2A 00 1D 0A 51 00  54 4C 88 00 96 73 87 20
00 2E 0B 62 00 55 42 89  00 8C 84 98 21 00 24 1C
58 00 66 43 9A 00 8D 7A  8E 32 00 25 12 59 00 5C
54 90 00 9E 7B 8F 28 00  36 13 6A 00 5D 4A 91 00
94 8C A0 29 00 2C 24 60  00 6E 4B A2 00 95 82 96
3A 00 2D 1A 61 00 64 5C  98 00 A6 83 97 30 00 3E
1B 72 00 65 52 99 00 9C  94 A8 31 00 34 2C 68 00
76 53 AA 00 9D 8A 9E 42  00 35 22 69 00 6C 64 A0
src regs sR: { 01 01 07 66 }
dst regs dR: { 03 0C }
IS: 3 IP: 13

[balance] Running test 3/5...

 === machine state === 
mem M:
01 02 04 08 10 20 40 80  00 00 00 00 00 00 00 00
00 00 00 00 00 00 00 00  00 00 00 00 00 00 00 00
00 00 00 00 00 00 00 00  00 00 00 00 00 00 00 00
00 00 00 00 00 00 00 00  00 00 00 00 00 00 00 00
00 00 00 00 00 00 00 00  00 00 00 00 00 00 00 00
00 00 00 00 00 00 00 00  00 00 00 00 00 00 00 00
00 00 00 00 00 00 00 00  00 00 00 00 00 00 00 00
00 00 00 00 00 00 00 00  00 00 00 00 00 00 00 00
00 00 00 00 00 00 00 00  00 00 00 00 00 00 00 00
00 00 00 00 00 00 00 00  00 00 00 00 00 00 00 00
00 00 00 00 00 00 00 00  00 00 00 00 00 00 00 00
00 00 00 00 00 00 00 00  00 00 00 00 00 00 00 00
00 00 00 00 00 00 00 00  00 00 00 00 00 00 00 00
00 00 00 00 00 00 00 00  00 00 00 00 00 00 00 00
00 00 00 00 00 00 00 00  00 00 00 00 00 00 00 00
00 00 00 00 00 00 00 00  00 00 00 00 00 00 00 00
src regs sR: { 91 00 01 02 }
dst regs dR: { 03 04 }
IS: 1 IP: 0
Your code halted, but didn't solve puzzle copyreg.
Try again to balance the score
 === machine state === 
mem M:
01 02 04 00 38 20 46 80  37 00 00 00 2C 12 00 05
00 39 00 3C 00 48 00 00  00 22 08 00 16 00 4A 00
3D 00 3E 00 00 00 23 09  00 0C 00 40 00 4E 00 3F
00 00 00 34 1A 00 0D 00  41 00 44 00 50 00 00 00
2A 10 00 1E 00 52 00 45  00 46 00 00 00 2B 11 00
14 00 48 00 56 00 47 00  00 00 3C 22 00 15 00 49
00 4C 00 58 00 00 00 32  18 00 26 00 5A 00 4D 00
4E 00 00 00 33 19 00 1C  00 50 00 5E 00 4F 00 00
00 44 2A 00 1D 00 51 00  D1 00 60 00 00 00 3A 20
00 2E 00 1F 00 00 00 14  00 00 00 3B 21 00 24 00
30 00 00 00 0A 00 00 00  4C 32 00 25 00 26 00 00
00 0B 00 00 00 42 28 00  36 00 27 00 00 00 1C 00
00 00 43 29 00 2C 00 38  00 00 00 12 00 00 00 54
3A 00 2D 00 2E 00 00 00  13 00 00 00 4A 30 00 3E
00 2F 00 00 00 24 00 00  00 4B 31 00 34 00 40 00
00 00 1A 00 00 00 5C 42  00 35 00 36 00 00 00 1B
src regs sR: { 01 86 07 86 }
dst regs dR: { 03 88 }
IS: 3 IP: 13
% 
[balance] Running test 1/5...

 === machine state === 
mem M:
01 02 04 08 10 20 40 80  00 00 00 00 00 00 00 00
00 00 00 00 00 00 00 00  00 00 00 00 00 00 00 00
00 00 00 00 00 00 00 00  00 00 00 00 00 00 00 00
00 00 00 00 00 00 00 00  00 00 00 00 00 00 00 00
00 00 00 00 00 00 00 00  00 00 00 00 00 00 00 00
00 00 00 00 00 00 00 00  00 00 00 00 00 00 00 00
00 00 00 00 00 00 00 00  00 00 00 00 00 00 00 00
00 00 00 00 00 00 00 00  00 00 00 00 00 00 00 00
00 00 00 00 00 00 00 00  00 00 00 00 00 00 00 00
00 00 00 00 00 00 00 00  00 00 00 00 00 00 00 00
00 00 00 00 00 00 00 00  00 00 00 00 00 00 00 00
00 00 00 00 00 00 00 00  00 00 00 00 00 00 00 00
00 00 00 00 00 00 00 00  00 00 00 00 00 00 00 00
00 00 00 00 00 00 00 00  00 00 00 00 00 00 00 00
00 00 00 00 00 00 00 00  00 00 00 00 00 00 00 00
00 00 00 00 00 00 00 00  00 00 00 00 00 00 00 00
src regs sR: { 5A 00 01 02 }
dst regs dR: { 03 04 }
IS: 1 IP: 0
. === machine state === 
mem M:
5B 0C 04 00 92 20 46 80  7A 2A 6D 00 EB 6C 00 05
00 93 00 3C 00 70 2B 7E  00 6F 62 00 16 00 A4 00
3D 00 71 3C 74 00 80 63  00 0C 00 9A 00 4E 00 82
32 75 00 76 74 00 0D 00  9B 00 44 00 78 33 86 00
77 6A 00 1E 00 AC 00 45  00 79 44 7C 00 88 6B 00
14 00 AC 03 56 00 8A 3A  7D 00 7E 7C 00 15 00 49
14 4C 00 80 3B 8E 00 7F  72 00 26 00 5A 0A 4D 00
81 4C 84 00 90 73 00 1C  00 50 0B 5E 00 92 42 85
00 86 84 00 1D 00 51 1C  54 00 88 43 96 00 87 7A
00 2E 00 62 12 55 00 89  54 8C 00 98 7B 00 24 00
58 13 66 00 9A 4A 8D 00  8E 8C 00 25 00 59 24 5C
00 90 4B 9E 00 8F 82 00  36 00 6A 1A 5D 00 91 5C
94 00 A0 83 00 2C 00 60  1B 6E 00 A2 52 95 00 96
94 00 2D 00 61 2C 64 00  98 53 A6 00 97 8A 00 3E
00 72 22 65 00 99 64 9C  00 A8 8B 00 34 00 68 23
76 00 AA 5A 9D 00 9E 9C  00 35 00 69 34 6C 00 A0
src regs sR: { 01 01 07 4E }
dst regs dR: { 03 0C }
IS: 3 IP: 13

[balance] Running test 2/5...

 === machine state === 
mem M:
01 02 04 08 10 20 40 80  00 00 00 00 00 00 00 00
00 00 00 00 00 00 00 00  00 00 00 00 00 00 00 00
00 00 00 00 00 00 00 00  00 00 00 00 00 00 00 00
00 00 00 00 00 00 00 00  00 00 00 00 00 00 00 00
00 00 00 00 00 00 00 00  00 00 00 00 00 00 00 00
00 00 00 00 00 00 00 00  00 00 00 00 00 00 00 00
00 00 00 00 00 00 00 00  00 00 00 00 00 00 00 00
00 00 00 00 00 00 00 00  00 00 00 00 00 00 00 00
00 00 00 00 00 00 00 00  00 00 00 00 00 00 00 00
00 00 00 00 00 00 00 00  00 00 00 00 00 00 00 00
00 00 00 00 00 00 00 00  00 00 00 00 00 00 00 00
00 00 00 00 00 00 00 00  00 00 00 00 00 00 00 00
00 00 00 00 00 00 00 00  00 00 00 00 00 00 00 00
00 00 00 00 00 00 00 00  00 00 00 00 00 00 00 00
00 00 00 00 00 00 00 00  00 00 00 00 00 00 00 00
00 00 00 00 00 00 00 00  00 00 00 00 00 00 00 00
src regs sR: { 60 00 01 02 }
dst regs dR: { 03 04 }
IS: 1 IP: 0
. === machine state === 
mem M:
01 0C 34 00 38 20 5B 80  7A 00 92 00 EB 12 00 2A
00 39 00 6C 00 70 00 93  00 6F 08 00 2B 00 4A 00
62 00 71 00 A4 00 80 09  00 3C 00 40 00 63 00 82
00 9A 00 76 1A 00 32 00  41 00 74 00 78 00 9B 00
77 10 00 33 00 52 00 6A  00 79 00 AC 00 88 11 00
44 00 48 00 6B 00 8A 00  AC 03 7E 22 00 3A 00 49
00 7C 00 80 00 8E 14 7F  18 00 3B 00 5A 00 72 00
81 00 84 0A 90 19 00 4C  00 50 00 73 00 92 00 85
0B 86 2A 00 42 00 51 00  84 00 88 00 96 1C 87 20
00 43 00 62 00 7A 00 89  00 8C 12 98 21 00 54 00
58 00 7B 00 9A 00 8D 13  8E 32 00 4A 00 59 00 8C
00 90 00 9E 24 8F 28 00  4B 00 6A 00 82 00 91 00
94 1A A0 29 00 5C 00 60  00 83 00 A2 00 95 1B 96
3A 00 52 00 61 00 94 00  98 00 A6 2C 97 30 00 53
00 72 00 8A 00 99 00 9C  22 A8 31 00 64 00 68 00
8B 00 AA 00 9D 23 9E 42  00 5A 00 69 00 9C 00 A0
src regs sR: { 01 01 07 54 }
dst regs dR: { 03 0C }
IS: 3 IP: 13

[balance] Running test 3/5...

 === machine state === 
mem M:
01 02 04 08 10 20 40 80  00 00 00 00 00 00 00 00
00 00 00 00 00 00 00 00  00 00 00 00 00 00 00 00
00 00 00 00 00 00 00 00  00 00 00 00 00 00 00 00
00 00 00 00 00 00 00 00  00 00 00 00 00 00 00 00
00 00 00 00 00 00 00 00  00 00 00 00 00 00 00 00
00 00 00 00 00 00 00 00  00 00 00 00 00 00 00 00
00 00 00 00 00 00 00 00  00 00 00 00 00 00 00 00
00 00 00 00 00 00 00 00  00 00 00 00 00 00 00 00
00 00 00 00 00 00 00 00  00 00 00 00 00 00 00 00
00 00 00 00 00 00 00 00  00 00 00 00 00 00 00 00
00 00 00 00 00 00 00 00  00 00 00 00 00 00 00 00
00 00 00 00 00 00 00 00  00 00 00 00 00 00 00 00
00 00 00 00 00 00 00 00  00 00 00 00 00 00 00 00
00 00 00 00 00 00 00 00  00 00 00 00 00 00 00 00
00 00 00 00 00 00 00 00  00 00 00 00 00 00 00 00
00 00 00 00 00 00 00 00  00 00 00 00 00 00 00 00
src regs sR: { 35 00 01 02 }
dst regs dR: { 03 04 }
IS: 1 IP: 0
.Your code halted, but didn't solve puzzle copyreg.
Try again to balance the score
 === machine state === 
mem M:
01 0C 63 00 38 20 9A 80  7A 00 6D 32 EB 12 00 74
00 39 00 9B 00 70 00 7E  33 6F 08 00 6A 00 4A 00
AC 00 71 00 74 44 80 09  00 6B 00 40 00 AC 03 82
00 75 3A 76 1A 00 7C 00  41 00 44 14 78 00 86 3B
77 10 00 72 00 52 00 45  0A 79 00 7C 4C 88 11 00
73 00 48 00 56 0B 8A 00  7D 42 7E 22 00 84 00 49
00 4C 1C 80 00 8E 43 7F  18 00 7A 00 5A 00 4D 12
81 00 84 54 90 19 00 7B  00 50 00 5E 13 92 00 85
4A 86 2A 00 8C 00 51 00  54 24 88 00 96 4B 87 20
00 82 00 62 00 55 1A 89  00 8C 5C 98 21 00 83 00
58 00 66 1B 9A 00 8D 52  8E 32 00 94 00 59 00 5C
2C 90 00 9E 53 8F 28 00  8A 00 6A 00 5D 22 91 00
94 64 A0 29 00 8B 00 60  00 6E 23 A2 00 95 5A 96
3A 00 9C 00 61 00 64 34  98 00 A6 5B 97 30 00 92
00 72 00 65 2A 99 00 9C  6C A8 31 00 93 00 68 00
76 2B AA 00 9D 62 9E 42  00 A4 00 69 00 6C 3C A0
src regs sR: { 01 01 07 29 }
dst regs dR: { 03 0C }
IS: 3 IP: 13
% 
[balance] Running test 1/5...

 === machine state === 
mem M:
01 02 04 08 10 20 40 80  00 00 00 00 00 00 00 00
00 00 00 00 00 00 00 00  00 00 00 00 00 00 00 00
00 00 00 00 00 00 00 00  00 00 00 00 00 00 00 00
00 00 00 00 00 00 00 00  00 00 00 00 00 00 00 00
00 00 00 00 00 00 00 00  00 00 00 00 00 00 00 00
00 00 00 00 00 00 00 00  00 00 00 00 00 00 00 00
00 00 00 00 00 00 00 00  00 00 00 00 00 00 00 00
00 00 00 00 00 00 00 00  00 00 00 00 00 00 00 00
00 00 00 00 00 00 00 00  00 00 00 00 00 00 00 00
00 00 00 00 00 00 00 00  00 00 00 00 00 00 00 00
00 00 00 00 00 00 00 00  00 00 00 00 00 00 00 00
00 00 00 00 00 00 00 00  00 00 00 00 00 00 00 00
00 00 00 00 00 00 00 00  00 00 00 00 00 00 00 00
00 00 00 00 00 00 00 00  00 00 00 00 00 00 00 00
00 00 00 00 00 00 00 00  00 00 00 00 00 00 00 00
00 00 00 00 00 00 00 00  00 00 00 00 00 00 00 00
src regs sR: { C8 00 01 02 }
dst regs dR: { 03 04 }
IS: 1 IP: 0
.Your code halted, but didn't solve puzzle copyreg.
Try again to balance the score
 === machine state === 
mem M:
01 0C 12 00 38 20 54 80  7A 00 7B 00 EB 12 00 13
00 39 00 4A 00 70 00 8C  00 6F 08 00 24 00 4A 00
4B 00 71 00 82 00 80 09  00 1A 00 40 00 5C 00 82
00 83 00 76 1A 00 1B 00  41 00 52 00 78 00 94 00
77 10 00 2C 00 52 00 53  00 79 00 8A 00 88 11 00
22 00 48 00 64 00 8A 00  8B 00 7E 22 00 23 00 49
00 5A 00 80 00 9C 00 7F  18 00 34 00 5A 00 5B 00
81 00 92 00 90 19 00 2A  00 50 00 6C 00 92 00 93
00 86 2A 00 2B 00 51 00  62 00 88 00 A4 00 87 20
00 3C 00 62 00 63 00 89  00 9A 00 98 21 00 32 00
58 00 74 00 9A 00 9B 00  8E 32 00 33 00 59 00 6A
00 90 00 AC 00 8F 28 00  44 00 6A 00 6B 00 91 00
AC 03 A0 29 00 3A 00 60  00 7C 00 A2 00 95 14 96
3A 00 3B 00 61 00 72 00  98 00 A6 0A 97 30 00 4C
00 72 00 73 00 99 00 9C  0B A8 31 00 42 00 68 00
84 00 AA 00 9D 1C 9E 42  00 43 00 69 00 7A 00 A0
src regs sR: { 01 01 07 BC }
dst regs dR: { 03 0C }
IS: 3 IP: 13
% 
[balance] Running test 1/5...

 === machine state === 
mem M:
01 02 04 08 10 20 40 80  00 00 00 00 00 00 00 00
00 00 00 00 00 00 00 00  00 00 00 00 00 00 00 00
00 00 00 00 00 00 00 00  00 00 00 00 00 00 00 00
00 00 00 00 00 00 00 00  00 00 00 00 00 00 00 00
00 00 00 00 00 00 00 00  00 00 00 00 00 00 00 00
00 00 00 00 00 00 00 00  00 00 00 00 00 00 00 00
00 00 00 00 00 00 00 00  00 00 00 00 00 00 00 00
00 00 00 00 00 00 00 00  00 00 00 00 00 00 00 00
00 00 00 00 00 00 00 00  00 00 00 00 00 00 00 00
00 00 00 00 00 00 00 00  00 00 00 00 00 00 00 00
00 00 00 00 00 00 00 00  00 00 00 00 00 00 00 00
00 00 00 00 00 00 00 00  00 00 00 00 00 00 00 00
00 00 00 00 00 00 00 00  00 00 00 00 00 00 00 00
00 00 00 00 00 00 00 00  00 00 00 00 00 00 00 00
00 00 00 00 00 00 00 00  00 00 00 00 00 00 00 00
00 00 00 00 00 00 00 00  00 00 00 00 00 00 00 00
src regs sR: { 60 00 01 02 }
dst regs dR: { 03 04 }
IS: 1 IP: 0
. === machine state === 
mem M:
01 0C 34 00 38 20 5B 80  7A 00 92 00 EB 12 00 2A
00 39 00 6C 00 70 00 93  00 6F 08 00 2B 00 4A 00
62 00 71 00 A4 00 80 09  00 3C 00 40 00 63 00 82
00 9A 00 76 1A 00 32 00  41 00 74 00 78 00 9B 00
77 10 00 33 00 52 00 6A  00 79 00 AC 00 88 11 00
44 00 48 00 6B 00 8A 00  AC 03 7E 22 00 3A 00 49
00 7C 00 80 00 8E 14 7F  18 00 3B 00 5A 00 72 00
81 00 84 0A 90 19 00 4C  00 50 00 73 00 92 00 85
0B 86 2A 00 42 00 51 00  84 00 88 00 96 1C 87 20
00 43 00 62 00 7A 00 89  00 8C 12 98 21 00 54 00
58 00 7B 00 9A 00 8D 13  8E 32 00 4A 00 59 00 8C
00 90 00 9E 24 8F 28 00  4B 00 6A 00 82 00 91 00
94 1A A0 29 00 5C 00 60  00 83 00 A2 00 95 1B 96
3A 00 52 00 61 00 94 00  98 00 A6 2C 97 30 00 53
00 72 00 8A 00 99 00 9C  22 A8 31 00 64 00 68 00
8B 00 AA 00 9D 23 9E 42  00 5A 00 69 00 9C 00 A0
src regs sR: { 01 01 07 54 }
dst regs dR: { 03 0C }
IS: 3 IP: 13

[balance] Running test 2/5...

 === machine state === 
mem M:
01 02 04 08 10 20 40 80  00 00 00 00 00 00 00 00
00 00 00 00 00 00 00 00  00 00 00 00 00 00 00 00
00 00 00 00 00 00 00 00  00 00 00 00 00 00 00 00
00 00 00 00 00 00 00 00  00 00 00 00 00 00 00 00
00 00 00 00 00 00 00 00  00 00 00 00 00 00 00 00
00 00 00 00 00 00 00 00  00 00 00 00 00 00 00 00
00 00 00 00 00 00 00 00  00 00 00 00 00 00 00 00
00 00 00 00 00 00 00 00  00 00 00 00 00 00 00 00
00 00 00 00 00 00 00 00  00 00 00 00 00 00 00 00
00 00 00 00 00 00 00 00  00 00 00 00 00 00 00 00
00 00 00 00 00 00 00 00  00 00 00 00 00 00 00 00
00 00 00 00 00 00 00 00  00 00 00 00 00 00 00 00
00 00 00 00 00 00 00 00  00 00 00 00 00 00 00 00
00 00 00 00 00 00 00 00  00 00 00 00 00 00 00 00
00 00 00 00 00 00 00 00  00 00 00 00 00 00 00 00
00 00 00 00 00 00 00 00  00 00 00 00 00 00 00 00
src regs sR: { B9 00 01 02 }
dst regs dR: { 03 04 }
IS: 1 IP: 0
.Your code halted, but didn't solve puzzle copyreg.
Try again to balance the score
 === machine state === 
mem M:
13 0C 04 00 4A 20 46 80  8C 00 6D 00 EB 24 00 05
00 4B 00 3C 00 82 00 7E  00 6F 1A 00 16 00 5C 00
3D 00 83 00 74 00 80 1B  00 0C 00 52 00 4E 00 94
00 75 00 76 2C 00 0D 00  53 00 44 00 8A 00 86 00
77 22 00 1E 00 64 00 45  00 8B 00 7C 00 88 23 00
14 00 5A 00 56 00 9C 00  7D 00 7E 34 00 15 00 5B
00 4C 00 92 00 8E 00 7F  2A 00 26 00 6C 00 4D 00
93 00 84 00 90 2B 00 1C  00 62 00 5E 00 A4 00 85
00 86 3C 00 1D 00 63 00  54 00 9A 00 96 00 87 32
00 2E 00 74 00 55 00 9B  00 8C 00 98 33 00 24 00
6A 00 66 00 AC 00 8D 00  8E 44 00 25 00 6B 00 5C
00 AC 03 9E 00 8F 3A 00  36 00 7C 00 5D 00 91 14
94 00 A0 3B 00 2C 00 72  00 6E 00 A2 0A 95 00 96
4C 00 2D 00 73 00 64 00  98 0B A6 00 97 42 00 3E
00 84 00 65 00 99 1C 9C  00 A8 43 00 34 00 7A 00
76 00 AA 12 9D 00 9E 54  00 35 00 7B 00 6C 00 A0
src regs sR: { 01 01 07 AD }
dst regs dR: { 03 0C }
IS: 3 IP: 13
% 
[balance] Running test 1/5...

 === machine state === 
mem M:
01 02 04 08 10 20 40 80  00 00 00 00 00 00 00 00
00 00 00 00 00 00 00 00  00 00 00 00 00 00 00 00
00 00 00 00 00 00 00 00  00 00 00 00 00 00 00 00
00 00 00 00 00 00 00 00  00 00 00 00 00 00 00 00
00 00 00 00 00 00 00 00  00 00 00 00 00 00 00 00
00 00 00 00 00 00 00 00  00 00 00 00 00 00 00 00
00 00 00 00 00 00 00 00  00 00 00 00 00 00 00 00
00 00 00 00 00 00 00 00  00 00 00 00 00 00 00 00
00 00 00 00 00 00 00 00  00 00 00 00 00 00 00 00
00 00 00 00 00 00 00 00  00 00 00 00 00 00 00 00
00 00 00 00 00 00 00 00  00 00 00 00 00 00 00 00
00 00 00 00 00 00 00 00  00 00 00 00 00 00 00 00
00 00 00 00 00 00 00 00  00 00 00 00 00 00 00 00
00 00 00 00 00 00 00 00  00 00 00 00 00 00 00 00
00 00 00 00 00 00 00 00  00 00 00 00 00 00 00 00
00 00 00 00 00 00 00 00  00 00 00 00 00 00 00 00
src regs sR: { B8 00 01 02 }
dst regs dR: { 03 04 }
IS: 1 IP: 0
Your code halted, but didn't solve puzzle copyreg.
Try again to balance the score
 === machine state === 
mem M:
01 02 04 00 38 20 46 80  37 00 00 00 24 12 00 05
00 39 00 3C 00 48 00 00  00 1A 08 00 16 00 4A 00
3D 00 3E 00 00 00 1B 09  00 0C 00 40 00 4E 00 3F
00 00 00 2C 1A 00 0D 00  41 00 44 00 50 00 00 00
22 10 00 1E 00 52 00 45  00 46 00 00 00 23 11 00
14 00 48 00 56 00 47 00  00 00 34 22 00 15 00 49
00 C9 00 58 00 00 00 2A  18 00 26 00 17 00 00 00
00 00 00 00 2B 19 00 1C  00 28 00 00 00 00 00 00
00 3C 2A 00 1D 00 1E 00  00 00 00 00 00 00 32 20
00 2E 00 1F 00 00 00 00  00 00 00 33 21 00 24 00
30 00 00 00 00 00 00 00  44 32 00 25 00 26 00 00
00 03 00 00 00 3A 28 00  36 00 27 00 00 00 14 00
00 00 3B 29 00 2C 00 38  00 00 00 0A 00 00 00 4C
3A 00 2D 00 2E 00 00 00  0B 00 00 00 42 30 00 3E
00 2F 00 00 00 1C 00 00  00 43 31 00 34 00 40 00
00 00 12 00 00 00 54 42  00 35 00 36 00 00 00 13
src regs sR: { 01 5F 07 5F }
dst regs dR: { 03 61 }
IS: 3 IP: 13
% 
[balance] Running test 1/5...

 === machine state === 
mem M:
01 02 04 08 10 20 40 80  00 00 00 00 00 00 00 00
00 00 00 00 00 00 00 00  00 00 00 00 00 00 00 00
00 00 00 00 00 00 00 00  00 00 00 00 00 00 00 00
00 00 00 00 00 00 00 00  00 00 00 00 00 00 00 00
00 00 00 00 00 00 00 00  00 00 00 00 00 00 00 00
00 00 00 00 00 00 00 00  00 00 00 00 00 00 00 00
00 00 00 00 00 00 00 00  00 00 00 00 00 00 00 00
00 00 00 00 00 00 00 00  00 00 00 00 00 00 00 00
00 00 00 00 00 00 00 00  00 00 00 00 00 00 00 00
00 00 00 00 00 00 00 00  00 00 00 00 00 00 00 00
00 00 00 00 00 00 00 00  00 00 00 00 00 00 00 00
00 00 00 00 00 00 00 00  00 00 00 00 00 00 00 00
00 00 00 00 00 00 00 00  00 00 00 00 00 00 00 00
00 00 00 00 00 00 00 00  00 00 00 00 00 00 00 00
00 00 00 00 00 00 00 00  00 00 00 00 00 00 00 00
00 00 00 00 00 00 00 00  00 00 00 00 00 00 00 00
src regs sR: { 8D 00 01 02 }
dst regs dR: { 03 04 }
IS: 1 IP: 0
.Your code halted, but didn't solve puzzle copyreg.
Try again to balance the score
 === machine state === 
mem M:
01 02 04 80 38 20 46 80  7A 00 6D 00 6E 12 00 05
00 39 00 3C 00 70 00 7E  00 6F 08 00 16 00 4A 00
3D 00 71 00 74 00 80 09  00 0C 00 40 00 4E 00 82
00 75 00 76 1A 00 0D 00  41 00 44 00 78 00 86 00
77 10 00 1E 00 52 00 45  00 79 00 7C 00 88 11 00
14 00 48 00 56 00 8A 00  7D 00 7E 22 00 15 00 49
00 4C 00 80 00 8E 00 7F  18 00 26 00 5A 00 4D 00
81 00 84 00 90 19 00 1C  00 50 00 5E 00 92 00 85
00 86 2A 00 1D 00 51 00  54 00 88 00 08 00 87 20
00 2E 00 62 00 55 00 56  00 00 00 72 21 00 24 00
58 00 66 00 57 00 00 00  73 32 00 25 00 59 00 5C
00 68 00 00 00 84 28 00  36 00 6A 00 5D 00 5E 00
00 00 7A 29 00 2C 00 60  00 6E 00 5F 00 00 00 7B
3A 00 2D 00 61 00 64 00  70 00 00 00 8C 30 00 3E
00 72 00 65 00 66 00 00  00 82 31 00 34 00 68 00
76 00 67 00 00 00 83 42  00 35 00 69 00 6C 00 78
src regs sR: { 01 8A 07 8A }
dst regs dR: { 03 8C }
IS: 3 IP: 13
% 
[balance] Running test 1/5...

 === machine state === 
mem M:
01 02 04 08 10 20 40 80  00 00 00 00 00 00 00 00
00 00 00 00 00 00 00 00  00 00 00 00 00 00 00 00
00 00 00 00 00 00 00 00  00 00 00 00 00 00 00 00
00 00 00 00 00 00 00 00  00 00 00 00 00 00 00 00
00 00 00 00 00 00 00 00  00 00 00 00 00 00 00 00
00 00 00 00 00 00 00 00  00 00 00 00 00 00 00 00
00 00 00 00 00 00 00 00  00 00 00 00 00 00 00 00
00 00 00 00 00 00 00 00  00 00 00 00 00 00 00 00
00 00 00 00 00 00 00 00  00 00 00 00 00 00 00 00
00 00 00 00 00 00 00 00  00 00 00 00 00 00 00 00
00 00 00 00 00 00 00 00  00 00 00 00 00 00 00 00
00 00 00 00 00 00 00 00  00 00 00 00 00 00 00 00
00 00 00 00 00 00 00 00  00 00 00 00 00 00 00 00
00 00 00 00 00 00 00 00  00 00 00 00 00 00 00 00
00 00 00 00 00 00 00 00  00 00 00 00 00 00 00 00
00 00 00 00 00 00 00 00  00 00 00 00 00 00 00 00
src regs sR: { D4 00 01 02 }
dst regs dR: { 03 04 }
IS: 1 IP: 0
.Your code halted, but didn't solve puzzle copyreg.
Try again to balance the score
 === machine state === 
mem M:
01 F2 04 80 1B B0 26 80  B0 54 BD 00 24 12 40 05
00 33 D5 4D 00 D7 6C E2  00 D6 08 58 16 00 58 FC
65 00 EF 91 09 00 FB 09  7D 0C 00 7F 14 8A 00 14
B8 21 00 22 1A A4 0D 00  97 39 B1 00 3B D0 46 00
3A 27 BC 32 00 BC 60 C9  00 53 F5 6D 00 5F 3F E1
59 00 E3 78 EE 00 78 1C  85 00 86 64 08 71 00 FB
9D 15 00 9F 34 AA 00 9E  8B 20 96 00 20 C4 2D 00
B7 59 D1 00 C3 A3 45 BD  00 47 DC 52 00 DC 80 E9
00 EA C8 6C D5 00 5F 01  79 00 03 98 0E 00 02 EF
84 FA 00 84 28 91 00 1B  BD 35 00 27 07 A9 21 00
AB 40 B6 00 40 E4 4D 00  4E 2C D0 39 00 C3 65 DD
00 67 FC 72 00 66 53 E8  5E 00 E8 8C F5 00 7F 21
99 00 8B 6B 0D 85 00 0F  A4 1A 00 A4 21 B1 00 B2
90 34 9D 00 27 C9 41 00  CB 00 D6 00 CA B7 4C C2
00 4C F0 59 00 E3 00 FD  00 EF CF 71 E9 00 73 08
7E 00 08 00 15 00 16 F4  98 01 00 8B 2D A5 00 2F
src regs sR: { 01 01 07 C8 }
dst regs dR: { 03 0C }
IS: 3 IP: 13
% 
[balance] Running test 1/5...

 === machine state === 
mem M:
01 02 04 08 10 20 40 80  00 00 00 00 00 00 00 00
00 00 00 00 00 00 00 00  00 00 00 00 00 00 00 00
00 00 00 00 00 00 00 00  00 00 00 00 00 00 00 00
00 00 00 00 00 00 00 00  00 00 00 00 00 00 00 00
00 00 00 00 00 00 00 00  00 00 00 00 00 00 00 00
00 00 00 00 00 00 00 00  00 00 00 00 00 00 00 00
00 00 00 00 00 00 00 00  00 00 00 00 00 00 00 00
00 00 00 00 00 00 00 00  00 00 00 00 00 00 00 00
00 00 00 00 00 00 00 00  00 00 00 00 00 00 00 00
00 00 00 00 00 00 00 00  00 00 00 00 00 00 00 00
00 00 00 00 00 00 00 00  00 00 00 00 00 00 00 00
00 00 00 00 00 00 00 00  00 00 00 00 00 00 00 00
00 00 00 00 00 00 00 00  00 00 00 00 00 00 00 00
00 00 00 00 00 00 00 00  00 00 00 00 00 00 00 00
00 00 00 00 00 00 00 00  00 00 00 00 00 00 00 00
00 00 00 00 00 00 00 00  00 00 00 00 00 00 00 00
src regs sR: { 64 00 01 02 }
dst regs dR: { 03 04 }
IS: 1 IP: 0
. === machine state === 
mem M:
01 72 04 00 38 20 46 80  7A 00 6D 00 FD 12 C0 05
00 39 00 3C 00 70 00 7E  00 6F 08 58 16 00 4A 00
3D 00 71 00 74 00 80 09  FD 0C 00 40 00 4E 00 82
00 75 00 76 1A 24 0D 00  41 00 44 00 78 00 86 00
77 10 BC 1E 00 52 00 45  00 79 00 7C 00 88 11 61
14 00 48 00 56 00 8A 00  7D 00 7E 22 61 15 00 49
00 4C 00 80 00 8E 00 7F  18 00 26 00 5A 00 4D 00
81 00 84 00 90 19 00 1C  00 50 00 5E 00 92 00 85
00 86 2A 00 1D 00 51 00  54 00 88 00 96 00 87 20
00 2E 00 62 00 55 00 89  00 8C 00 98 21 00 24 00
58 00 66 00 9A 00 8D 00  8E 32 00 25 00 59 00 5C
00 27 00 32 00 26 28 00  36 00 6A 00 5D 00 BF 00
59 00 CB 29 00 2C 00 60  00 6E 00 64 00 F1 00 F2
3A 00 2D 00 61 00 64 00  8B 00 96 00 8A 30 00 3E
00 72 00 65 00 23 00 BD  00 2F 31 00 34 00 68 00
76 00 C8 00 55 00 56 42  00 35 00 69 00 6C 00 EF
src regs sR: { 01 01 07 58 }
dst regs dR: { 03 0C }
IS: 3 IP: 13

[balance] Running test 2/5...

 === machine state === 
mem M:
01 02 04 08 10 20 40 80  00 00 00 00 00 00 00 00
00 00 00 00 00 00 00 00  00 00 00 00 00 00 00 00
00 00 00 00 00 00 00 00  00 00 00 00 00 00 00 00
00 00 00 00 00 00 00 00  00 00 00 00 00 00 00 00
00 00 00 00 00 00 00 00  00 00 00 00 00 00 00 00
00 00 00 00 00 00 00 00  00 00 00 00 00 00 00 00
00 00 00 00 00 00 00 00  00 00 00 00 00 00 00 00
00 00 00 00 00 00 00 00  00 00 00 00 00 00 00 00
00 00 00 00 00 00 00 00  00 00 00 00 00 00 00 00
00 00 00 00 00 00 00 00  00 00 00 00 00 00 00 00
00 00 00 00 00 00 00 00  00 00 00 00 00 00 00 00
00 00 00 00 00 00 00 00  00 00 00 00 00 00 00 00
00 00 00 00 00 00 00 00  00 00 00 00 00 00 00 00
00 00 00 00 00 00 00 00  00 00 00 00 00 00 00 00
00 00 00 00 00 00 00 00  00 00 00 00 00 00 00 00
00 00 00 00 00 00 00 00  00 00 00 00 00 00 00 00
src regs sR: { FC 00 01 02 }
dst regs dR: { 03 04 }
IS: 1 IP: 0
.Your code halted, but didn't solve puzzle copyreg.
Try again to balance the score
 === machine state === 
mem M:
01 0C 14 00 38 20 3B 80  7A 00 72 00 EB 12 00 0A
00 39 00 4C 00 70 00 73  00 6F 08 00 0B 00 4A 00
42 00 71 00 84 00 80 09  00 1C 00 40 00 43 00 82
00 7A 00 76 1A 00 12 00  41 00 54 00 78 00 7B 00
77 10 00 13 00 52 00 4A  00 79 00 8C 00 88 11 00
24 00 48 00 4B 00 8A 00  82 00 7E 22 00 1A 00 49
00 5C 00 80 00 83 00 7F  18 00 1B 00 5A 00 52 00
81 00 94 00 90 19 00 2C  00 50 00 53 00 92 00 8A
00 86 2A 00 22 00 51 00  64 00 88 00 8B 00 87 20
00 23 00 62 00 5A 00 89  00 9C 00 98 21 00 34 00
58 00 5B 00 9A 00 92 00  8E 32 00 2A 00 59 00 6C
00 90 00 93 00 8F 28 00  2B 00 6A 00 62 00 91 00
A4 00 A0 29 00 3C 00 60  00 63 00 A2 00 9A 00 96
3A 00 32 00 61 00 74 00  98 00 9B 00 97 30 00 33
00 72 00 6A 00 99 00 AC  00 A8 31 00 44 00 68 00
6B 00 AA 00 AC 03 9E 42  00 3A 00 69 00 7C 00 A0
src regs sR: { 01 01 07 F0 }
dst regs dR: { 03 0C }
IS: 3 IP: 13
% 
[balance] Running test 1/5...

 === machine state === 
mem M:
01 02 04 08 10 20 40 80  00 00 00 00 00 00 00 00
00 00 00 00 00 00 00 00  00 00 00 00 00 00 00 00
00 00 00 00 00 00 00 00  00 00 00 00 00 00 00 00
00 00 00 00 00 00 00 00  00 00 00 00 00 00 00 00
00 00 00 00 00 00 00 00  00 00 00 00 00 00 00 00
00 00 00 00 00 00 00 00  00 00 00 00 00 00 00 00
00 00 00 00 00 00 00 00  00 00 00 00 00 00 00 00
00 00 00 00 00 00 00 00  00 00 00 00 00 00 00 00
00 00 00 00 00 00 00 00  00 00 00 00 00 00 00 00
00 00 00 00 00 00 00 00  00 00 00 00 00 00 00 00
00 00 00 00 00 00 00 00  00 00 00 00 00 00 00 00
00 00 00 00 00 00 00 00  00 00 00 00 00 00 00 00
00 00 00 00 00 00 00 00  00 00 00 00 00 00 00 00
00 00 00 00 00 00 00 00  00 00 00 00 00 00 00 00
00 00 00 00 00 00 00 00  00 00 00 00 00 00 00 00
00 00 00 00 00 00 00 00  00 00 00 00 00 00 00 00
src regs sR: { AB 00 01 02 }
dst regs dR: { 03 04 }
IS: 1 IP: 0
Your code halted, but didn't solve puzzle copyreg.
Try again to balance the score
 === machine state === 
mem M:
01 02 04 00 38 20 46 80  37 00 00 00 1A 12 00 05
00 39 00 3C 00 48 00 00  00 1B 08 00 16 00 4A 00
3D 00 3E 00 00 00 2C 09  00 0C 00 40 00 4E 00 3F
00 00 00 22 1A 00 0D 00  41 00 44 00 50 00 00 00
23 10 00 1E 00 52 00 45  00 46 00 00 00 34 11 00
14 00 48 00 56 00 47 00  00 00 2A 22 00 15 00 49
00 4C 00 58 00 00 00 2B  18 00 26 00 5A 00 DA 00
4E 00 00 00 3C 19 00 1C  00 28 00 00 00 00 00 00
00 32 2A 00 1D 00 1E 00  00 00 00 00 00 00 33 20
00 2E 00 1F 00 00 00 00  00 00 00 44 21 00 24 00
30 00 00 00 03 00 00 00  3A 32 00 25 00 26 00 00
00 14 00 00 00 3B 28 00  36 00 27 00 00 00 0A 00
00 00 4C 29 00 2C 00 38  00 00 00 0B 00 00 00 42
3A 00 2D 00 2E 00 00 00  1C 00 00 00 43 30 00 3E
00 2F 00 00 00 12 00 00  00 54 31 00 34 00 40 00
00 00 13 00 00 00 4A 42  00 35 00 36 00 00 00 24
src regs sR: { 01 6C 07 6C }
dst regs dR: { 03 6E }
IS: 3 IP: 13
% 
[balance] Running test 1/5...

 === machine state === 
mem M:
01 02 04 08 10 20 40 80  00 00 00 00 00 00 00 00
00 00 00 00 00 00 00 00  00 00 00 00 00 00 00 00
00 00 00 00 00 00 00 00  00 00 00 00 00 00 00 00
00 00 00 00 00 00 00 00  00 00 00 00 00 00 00 00
00 00 00 00 00 00 00 00  00 00 00 00 00 00 00 00
00 00 00 00 00 00 00 00  00 00 00 00 00 00 00 00
00 00 00 00 00 00 00 00  00 00 00 00 00 00 00 00
00 00 00 00 00 00 00 00  00 00 00 00 00 00 00 00
00 00 00 00 00 00 00 00  00 00 00 00 00 00 00 00
00 00 00 00 00 00 00 00  00 00 00 00 00 00 00 00
00 00 00 00 00 00 00 00  00 00 00 00 00 00 00 00
00 00 00 00 00 00 00 00  00 00 00 00 00 00 00 00
00 00 00 00 00 00 00 00  00 00 00 00 00 00 00 00
00 00 00 00 00 00 00 00  00 00 00 00 00 00 00 00
00 00 00 00 00 00 00 00  00 00 00 00 00 00 00 00
00 00 00 00 00 00 00 00  00 00 00 00 00 00 00 00
src regs sR: { 5F 00 01 02 }
dst regs dR: { 03 04 }
IS: 1 IP: 0
.Your code halted, but didn't solve puzzle copyreg.
Try again to balance the score
 === machine state === 
mem M:
01 DA 04 80 DF 50 EA 80  E4 7C 09 00 58 12 88 05
00 0F 8D 41 00 3B AC 46  00 3A 08 B8 16 00 4C E4
71 00 6B E9 9D 00 77 09  F5 0C 00 A3 14 AE 00 A8
40 CD 00 CE 1A 4C 0D 00  D3 51 05 00 FF 70 0A 00
FE 10 7C 1E 00 10 A8 35  00 2F AD 61 00 3B 11 B9
14 00 67 D8 72 00 6C AD  91 00 92 22 10 15 00 97
15 C9 00 C3 00 CE 00 C2  18 40 26 00 D4 6C F9 00
F3 00 25 00 FF 19 7D 1C  00 2B 9C 36 00 30 00 55
00 56 2A D4 1D 00 5B D9  8D 00 87 00 92 00 86 20
04 2E 00 98 30 BD 00 B7  00 E9 00 C3 21 41 24 00
EF 60 FA 00 F4 00 19 00  1A 32 98 25 00 1F 9D 51
00 4B 00 56 00 4A 57 C8  62 00 5C F4 81 00 7B 00
AD 00 87 87 05 B9 00 B3  24 BE 00 B8 00 DD 00 DE
C4 5C E9 00 E3 61 15 00  0F 00 1A 00 0E 1B 8C 26
00 20 B8 45 00 3F 00 71  00 4B 4B C9 7D 00 77 E8
82 00 7C 00 A1 00 A2 88  20 AD 00 A7 25 D9 00 D3
src regs sR: { 01 01 07 53 }
dst regs dR: { 03 0C }
IS: 3 IP: 13
% 
[balance] Running test 1/5...

 === machine state === 
mem M:
01 02 04 08 10 20 40 80  00 00 00 00 00 00 00 00
00 00 00 00 00 00 00 00  00 00 00 00 00 00 00 00
00 00 00 00 00 00 00 00  00 00 00 00 00 00 00 00
00 00 00 00 00 00 00 00  00 00 00 00 00 00 00 00
00 00 00 00 00 00 00 00  00 00 00 00 00 00 00 00
00 00 00 00 00 00 00 00  00 00 00 00 00 00 00 00
00 00 00 00 00 00 00 00  00 00 00 00 00 00 00 00
00 00 00 00 00 00 00 00  00 00 00 00 00 00 00 00
00 00 00 00 00 00 00 00  00 00 00 00 00 00 00 00
00 00 00 00 00 00 00 00  00 00 00 00 00 00 00 00
00 00 00 00 00 00 00 00  00 00 00 00 00 00 00 00
00 00 00 00 00 00 00 00  00 00 00 00 00 00 00 00
00 00 00 00 00 00 00 00  00 00 00 00 00 00 00 00
00 00 00 00 00 00 00 00  00 00 00 00 00 00 00 00
00 00 00 00 00 00 00 00  00 00 00 00 00 00 00 00
00 00 00 00 00 00 00 00  00 00 00 00 00 00 00 00
src regs sR: { 49 00 01 02 }
dst regs dR: { 03 04 }
IS: 1 IP: 0
. === machine state === 
mem M:
93 0C 04 00 38 2B 46 80  7A 62 6D 00 EB A4 00 05
00 39 3C 3C 00 70 63 7E  00 6F 9A 00 16 00 4A 32
3D 00 71 74 74 00 80 9B  00 0C 00 40 33 4E 00 82
6A 75 00 76 AC 00 0D 00  41 44 44 00 78 6B 86 00
77 AC 03 1E 00 52 3A 45  00 79 7C 7C 00 88 11 14
14 00 48 3B 56 00 8A 72  7D 00 7E 22 0A 15 00 49
4C 4C 00 80 73 8E 00 7F  18 0B 26 00 5A 42 4D 00
81 84 84 00 90 19 1C 1C  00 50 43 5E 00 92 7A 85
00 86 2A 12 1D 00 51 54  54 00 88 7B 96 00 87 20
13 2E 00 62 4A 55 00 89  8C 8C 00 98 21 24 24 00
58 4B 66 00 9A 82 8D 00  8E 32 1A 25 00 59 5C 5C
00 90 83 9E 00 8F 28 1B  36 00 6A 52 5D 00 91 94
94 00 A0 29 2C 2C 00 60  53 6E 00 A2 8A 95 00 96
3A 22 2D 00 61 64 64 00  98 8B A6 00 97 30 23 3E
00 72 5A 65 00 99 9C 9C  00 A8 31 34 34 00 68 5B
76 00 AA 92 9D 00 9E 42  2A 35 00 69 6C 6C 00 A0
src regs sR: { 01 01 07 3D }
dst regs dR: { 03 0C }
IS: 3 IP: 13

[balance] Running test 2/5...

 === machine state === 
mem M:
01 02 04 08 10 20 40 80  00 00 00 00 00 00 00 00
00 00 00 00 00 00 00 00  00 00 00 00 00 00 00 00
00 00 00 00 00 00 00 00  00 00 00 00 00 00 00 00
00 00 00 00 00 00 00 00  00 00 00 00 00 00 00 00
00 00 00 00 00 00 00 00  00 00 00 00 00 00 00 00
00 00 00 00 00 00 00 00  00 00 00 00 00 00 00 00
00 00 00 00 00 00 00 00  00 00 00 00 00 00 00 00
00 00 00 00 00 00 00 00  00 00 00 00 00 00 00 00
00 00 00 00 00 00 00 00  00 00 00 00 00 00 00 00
00 00 00 00 00 00 00 00  00 00 00 00 00 00 00 00
00 00 00 00 00 00 00 00  00 00 00 00 00 00 00 00
00 00 00 00 00 00 00 00  00 00 00 00 00 00 00 00
00 00 00 00 00 00 00 00  00 00 00 00 00 00 00 00
00 00 00 00 00 00 00 00  00 00 00 00 00 00 00 00
00 00 00 00 00 00 00 00  00 00 00 00 00 00 00 00
00 00 00 00 00 00 00 00  00 00 00 00 00 00 00 00
src regs sR: { 30 00 01 02 }
dst regs dR: { 03 04 }
IS: 1 IP: 0
. === machine state === 
mem M:
01 FF 04 80 38 20 46 80  7A 00 6D 00 F4 12 E5 05
00 39 00 3C 00 70 00 7E  00 6F 08 9B 16 00 4A 00
3D 00 71 00 74 00 80 09  9B 0C 00 40 00 4E 00 82
00 75 00 76 1A 00 0D 00  41 00 44 00 78 00 86 00
77 10 00 1E 00 52 00 45  00 79 00 7C 00 88 11 00
14 00 48 00 56 00 8A 00  7D 00 7E 22 00 15 00 49
00 4C 00 80 00 8E 00 7F  18 00 26 00 5A 00 4D 00
81 00 84 00 90 19 00 1C  00 50 00 5E 00 92 00 85
00 86 2A 00 1D 00 51 00  54 00 88 00 96 00 87 20
00 2E 00 62 00 55 00 89  00 8C 00 98 21 00 24 00
58 00 66 00 9A 00 8D 00  8E 32 00 25 00 59 00 5C
00 90 00 9E 00 8F 28 00  36 00 6A 00 5D 00 91 00
94 00 A0 29 00 2C 00 60  00 6E 00 A2 00 95 00 96
3A 00 2D 00 61 00 64 00  98 00 A6 00 97 30 00 3E
00 72 00 65 00 3E 00 4E  00 4D 31 00 34 00 68 00
76 00 F4 00 8C 00 F5 42  00 35 00 69 00 6C 00 9C
src regs sR: { 01 01 07 24 }
dst regs dR: { 03 0C }
IS: 3 IP: 13

[balance] Running test 3/5...

 === machine state === 
mem M:
01 02 04 08 10 20 40 80  00 00 00 00 00 00 00 00
00 00 00 00 00 00 00 00  00 00 00 00 00 00 00 00
00 00 00 00 00 00 00 00  00 00 00 00 00 00 00 00
00 00 00 00 00 00 00 00  00 00 00 00 00 00 00 00
00 00 00 00 00 00 00 00  00 00 00 00 00 00 00 00
00 00 00 00 00 00 00 00  00 00 00 00 00 00 00 00
00 00 00 00 00 00 00 00  00 00 00 00 00 00 00 00
00 00 00 00 00 00 00 00  00 00 00 00 00 00 00 00
00 00 00 00 00 00 00 00  00 00 00 00 00 00 00 00
00 00 00 00 00 00 00 00  00 00 00 00 00 00 00 00
00 00 00 00 00 00 00 00  00 00 00 00 00 00 00 00
00 00 00 00 00 00 00 00  00 00 00 00 00 00 00 00
00 00 00 00 00 00 00 00  00 00 00 00 00 00 00 00
00 00 00 00 00 00 00 00  00 00 00 00 00 00 00 00
00 00 00 00 00 00 00 00  00 00 00 00 00 00 00 00
00 00 00 00 00 00 00 00  00 00 00 00 00 00 00 00
src regs sR: { D9 00 01 02 }
dst regs dR: { 03 04 }
IS: 1 IP: 0
.Your code halted, but didn't solve puzzle copyreg.
Try again to balance the score
 === machine state === 
mem M:
01 81 04 00 38 20 46 80  7A 00 6D 00 6E 12 78 05
00 39 00 3C 00 70 00 7E  00 6F 08 F8 16 00 4A 00
3D 00 71 00 74 00 80 09  85 0C 00 40 00 4E 00 82
00 75 00 76 1A 7C 0D 00  41 00 44 00 F7 00 02 00
F6 10 FC 1E 00 52 00 45  00 77 00 F9 00 83 11 89
14 00 48 00 56 00 04 00  79 00 7A 22 80 15 00 49
00 4C 00 FB 00 06 00 FA  18 00 26 00 5A 00 4D 00
7B 00 FD 00 87 19 00 1C  00 50 00 5E 00 08 00 7D
00 7E 2A 00 1D 00 51 00  54 00 FF 00 0A 00 FE 20
00 2E 00 62 00 55 00 7F  00 01 00 8B 21 00 24 00
58 00 66 00 0C 00 0C 00  82 32 00 25 00 59 00 5C
00 68 00 74 00 00 28 00  36 00 6A 00 5D 00 5E 00
6A 00 00 29 00 2C 00 60  00 6E 00 5F 00 6B 00 00
3A 00 2D 00 61 00 64 00  70 00 7C 00 00 30 00 3E
00 72 00 65 00 66 00 72  00 00 31 00 34 00 68 00
76 00 67 00 73 00 00 42  00 35 00 69 00 6C 00 78
src regs sR: { 01 A4 6D A4 }
dst regs dR: { 03 A6 }
IS: 3 IP: 13
% 
[balance] Running test 1/5...

 === machine state === 
mem M:
01 02 04 08 10 20 40 80  00 00 00 00 00 00 00 00
00 00 00 00 00 00 00 00  00 00 00 00 00 00 00 00
00 00 00 00 00 00 00 00  00 00 00 00 00 00 00 00
00 00 00 00 00 00 00 00  00 00 00 00 00 00 00 00
00 00 00 00 00 00 00 00  00 00 00 00 00 00 00 00
00 00 00 00 00 00 00 00  00 00 00 00 00 00 00 00
00 00 00 00 00 00 00 00  00 00 00 00 00 00 00 00
00 00 00 00 00 00 00 00  00 00 00 00 00 00 00 00
00 00 00 00 00 00 00 00  00 00 00 00 00 00 00 00
00 00 00 00 00 00 00 00  00 00 00 00 00 00 00 00
00 00 00 00 00 00 00 00  00 00 00 00 00 00 00 00
00 00 00 00 00 00 00 00  00 00 00 00 00 00 00 00
00 00 00 00 00 00 00 00  00 00 00 00 00 00 00 00
00 00 00 00 00 00 00 00  00 00 00 00 00 00 00 00
00 00 00 00 00 00 00 00  00 00 00 00 00 00 00 00
00 00 00 00 00 00 00 00  00 00 00 00 00 00 00 00
src regs sR: { 13 00 01 02 }
dst regs dR: { 03 04 }
IS: 1 IP: 0
 === machine state === 
mem M:
01 02 04 00 38 20 B8 80  37 00 00 00 03 12 00 05
00 06 00 00 00 00 00 00  00 14 08 00 16 00 07 00
00 00 00 00 00 00 0A 09  00 0C 00 18 00 00 00 00
00 00 00 0B 1A 00 0D 00  0E 00 00 00 00 00 00 00
1C 10 00 1E 00 0F 00 00  00 00 00 00 00 12 11 00
14 00 20 00 00 00 00 00  00 00 13 22 00 15 00 16
00 00 00 00 00 00 00 24  18 00 26 00 17 00 00 00
00 00 00 00 1A 19 00 1C  00 28 00 00 00 00 00 00
00 1B 2A 00 1D 00 1E 00  00 00 00 00 00 00 2C 20
00 2E 00 1F 00 00 00 00  00 00 00 22 21 00 24 00
30 00 00 00 00 00 00 00  23 32 00 25 00 26 00 00
00 00 00 00 00 34 28 00  36 00 27 00 00 00 00 00
00 00 2A 29 00 2C 00 38  00 00 00 00 00 00 00 2B
3A 00 2D 00 2E 00 00 00  00 00 00 00 3C 30 00 3E
00 2F 00 00 00 00 00 00  00 32 31 00 34 00 40 00
00 00 00 00 00 00 33 42  00 35 00 36 00 00 00 00
src regs sR: { 01 04 07 04 }
dst regs dR: { 03 06 }
IS: 3 IP: 13

[balance] Running test 2/5...

 === machine state === 
mem M:
01 02 04 08 10 20 40 80  00 00 00 00 00 00 00 00
00 00 00 00 00 00 00 00  00 00 00 00 00 00 00 00
00 00 00 00 00 00 00 00  00 00 00 00 00 00 00 00
00 00 00 00 00 00 00 00  00 00 00 00 00 00 00 00
00 00 00 00 00 00 00 00  00 00 00 00 00 00 00 00
00 00 00 00 00 00 00 00  00 00 00 00 00 00 00 00
00 00 00 00 00 00 00 00  00 00 00 00 00 00 00 00
00 00 00 00 00 00 00 00  00 00 00 00 00 00 00 00
00 00 00 00 00 00 00 00  00 00 00 00 00 00 00 00
00 00 00 00 00 00 00 00  00 00 00 00 00 00 00 00
00 00 00 00 00 00 00 00  00 00 00 00 00 00 00 00
00 00 00 00 00 00 00 00  00 00 00 00 00 00 00 00
00 00 00 00 00 00 00 00  00 00 00 00 00 00 00 00
00 00 00 00 00 00 00 00  00 00 00 00 00 00 00 00
00 00 00 00 00 00 00 00  00 00 00 00 00 00 00 00
00 00 00 00 00 00 00 00  00 00 00 00 00 00 00 00
src regs sR: { A0 00 01 02 }
dst regs dR: { 03 04 }
IS: 1 IP: 0
.Your code halted, but didn't solve puzzle copyreg.
Try again to balance the score
 === machine state === 
mem M:
01 FF 04 80 70 43 96 80  8C 51 A4 00 FD 12 65 05
00 AE 6B BE 00 B4 87 DA  00 CB 08 9B 16 00 E4 A9
FC 00 F2 AF 02 00 01 09  C3 0C 00 0C DF 32 00 28
ED 40 00 29 1A 01 0D 00  4A 07 5A 00 50 23 76 00
67 10 37 1E 00 80 45 98  00 8E 4B 9E 00 9D 11 5F
14 00 A8 7B CE 00 C4 89  DC 00 C5 22 9D 15 00 E6
A3 F6 00 EC BF 12 00 03  18 D3 26 00 1C E1 34 00
2A E7 3A 00 39 3E FB 4E  00 44 17 6A 00 60 25 78
00 61 74 39 8C 00 82 3F  92 00 88 5B AE 00 9F 9C
6F C2 00 B8 7D D0 00 C6  5B D6 00 D5 DA 97 EA 00
E0 B3 06 00 FC 00 14 00  FD 10 D5 28 00 1E DB 2E
00 24 00 4A 00 3B 38 0B  5E 00 54 19 6C 00 62 00
72 00 71 76 33 86 00 7C  4F A2 00 98 00 B0 00 99
AC 71 C4 00 BA 77 CA 00  C0 00 E6 00 D7 D4 A7 FA
00 F0 B5 08 00 FE 00 0E  00 0D 12 CF 22 00 18 EB
3E 00 34 00 4C 00 35 48  0D 60 00 56 13 66 00 5C
src regs sR: { 01 01 07 94 }
dst regs dR: { 03 0C }
IS: 3 IP: 13
% 
[balance] Running test 1/5...

 === machine state === 
mem M:
01 02 04 08 10 20 40 80  00 00 00 00 00 00 00 00
00 00 00 00 00 00 00 00  00 00 00 00 00 00 00 00
00 00 00 00 00 00 00 00  00 00 00 00 00 00 00 00
00 00 00 00 00 00 00 00  00 00 00 00 00 00 00 00
00 00 00 00 00 00 00 00  00 00 00 00 00 00 00 00
00 00 00 00 00 00 00 00  00 00 00 00 00 00 00 00
00 00 00 00 00 00 00 00  00 00 00 00 00 00 00 00
00 00 00 00 00 00 00 00  00 00 00 00 00 00 00 00
00 00 00 00 00 00 00 00  00 00 00 00 00 00 00 00
00 00 00 00 00 00 00 00  00 00 00 00 00 00 00 00
00 00 00 00 00 00 00 00  00 00 00 00 00 00 00 00
00 00 00 00 00 00 00 00  00 00 00 00 00 00 00 00
00 00 00 00 00 00 00 00  00 00 00 00 00 00 00 00
00 00 00 00 00 00 00 00  00 00 00 00 00 00 00 00
00 00 00 00 00 00 00 00  00 00 00 00 00 00 00 00
00 00 00 00 00 00 00 00  00 00 00 00 00 00 00 00
src regs sR: { EC 00 01 02 }
dst regs dR: { 03 04 }
IS: 1 IP: 0
Your code halted, but didn't solve puzzle copyreg.
Try again to balance the score
 === machine state === 
mem M:
01 02 04 00 38 20 46 80  37 00 00 00 0B 12 00 05
00 39 00 3C 00 48 00 00  00 1C 08 00 16 00 4A 00
3D 00 3E 00 00 00 12 09  00 0C 00 40 00 C0 00 3F
00 00 00 13 1A 00 0D 00  0E 00 00 00 00 00 00 00
24 10 00 1E 00 0F 00 00  00 00 00 00 00 1A 11 00
14 00 20 00 00 00 00 00  00 00 1B 22 00 15 00 16
00 00 00 00 00 00 00 2C  18 00 26 00 17 00 00 00
00 00 00 00 22 19 00 1C  00 28 00 00 00 00 00 00
00 23 2A 00 1D 00 1E 00  00 00 00 00 00 00 34 20
00 2E 00 1F 00 00 00 00  00 00 00 2A 21 00 24 00
30 00 00 00 00 00 00 00  2B 32 00 25 00 26 00 00
00 00 00 00 00 3C 28 00  36 00 27 00 00 00 00 00
00 00 32 29 00 2C 00 38  00 00 00 00 00 00 00 33
3A 00 2D 00 2E 00 00 00  00 00 00 00 44 30 00 3E
00 2F 00 00 00 03 00 00  00 3A 31 00 34 00 40 00
00 00 14 00 00 00 3B 42  00 35 00 36 00 00 00 0A
src regs sR: { 01 2B 07 2B }
dst regs dR: { 03 2D }
IS: 3 IP: 13
% 
[balance] Running test 1/5...

 === machine state === 
mem M:
01 02 04 08 10 20 40 80  00 00 00 00 00 00 00 00
00 00 00 00 00 00 00 00  00 00 00 00 00 00 00 00
00 00 00 00 00 00 00 00  00 00 00 00 00 00 00 00
00 00 00 00 00 00 00 00  00 00 00 00 00 00 00 00
00 00 00 00 00 00 00 00  00 00 00 00 00 00 00 00
00 00 00 00 00 00 00 00  00 00 00 00 00 00 00 00
00 00 00 00 00 00 00 00  00 00 00 00 00 00 00 00
00 00 00 00 00 00 00 00  00 00 00 00 00 00 00 00
00 00 00 00 00 00 00 00  00 00 00 00 00 00 00 00
00 00 00 00 00 00 00 00  00 00 00 00 00 00 00 00
00 00 00 00 00 00 00 00  00 00 00 00 00 00 00 00
00 00 00 00 00 00 00 00  00 00 00 00 00 00 00 00
00 00 00 00 00 00 00 00  00 00 00 00 00 00 00 00
00 00 00 00 00 00 00 00  00 00 00 00 00 00 00 00
00 00 00 00 00 00 00 00  00 00 00 00 00 00 00 00
00 00 00 00 00 00 00 00  00 00 00 00 00 00 00 00
src regs sR: { 45 00 01 02 }
dst regs dR: { 03 04 }
IS: 1 IP: 0
. === machine state === 
mem M:
01 0C 04 00 DA 3B 03 80  F5 56 DA 00 3D 12 72 05
00 E8 49 14 00 06 67 2F  00 F7 08 83 16 00 3D 9E
22 00 14 75 40 00 4C 09  91 0C 00 4E AF 77 00 69
CA 4E 00 5D 1A E6 0D 00  5C BD 88 00 7A CA A3 00
6B 10 F7 1E 00 B1 12 96  00 88 00 B4 00 C0 11 05
14 00 C2 23 EB 00 DD 00  C2 00 D1 22 5A 15 00 D0
31 FC 00 EE 00 17 00 DF  18 6B 26 00 25 86 0A 00
FC 00 28 00 34 19 79 1C  00 36 97 5F 00 51 00 36
00 45 2A CE 1D 00 44 A5  70 00 62 00 8B 00 53 20
DF 2E 00 99 FA 7E 00 70  00 9C 00 A8 21 ED 24 00
AA 0B D3 00 C5 00 AA 00  B9 32 42 25 00 B8 19 E4
00 D6 00 FF 00 C7 28 53  36 00 0D 6E F2 00 E4 00
10 00 1C 29 61 2C 00 1E  7F 47 00 39 00 1E 00 2D
55 B6 3A 00 2C 8D 58 00  4A 00 73 00 3B 66 C7 8F
00 81 E2 66 00 58 00 84  00 90 74 D5 A0 00 92 F3
BB 00 AD 00 92 00 A1 C9  2A AE 00 A0 01 CC 00 BE
src regs sR: { 01 01 07 39 }
dst regs dR: { 03 0C }
IS: 3 IP: 13

[balance] Running test 2/5...

 === machine state === 
mem M:
01 02 04 08 10 20 40 80  00 00 00 00 00 00 00 00
00 00 00 00 00 00 00 00  00 00 00 00 00 00 00 00
00 00 00 00 00 00 00 00  00 00 00 00 00 00 00 00
00 00 00 00 00 00 00 00  00 00 00 00 00 00 00 00
00 00 00 00 00 00 00 00  00 00 00 00 00 00 00 00
00 00 00 00 00 00 00 00  00 00 00 00 00 00 00 00
00 00 00 00 00 00 00 00  00 00 00 00 00 00 00 00
00 00 00 00 00 00 00 00  00 00 00 00 00 00 00 00
00 00 00 00 00 00 00 00  00 00 00 00 00 00 00 00
00 00 00 00 00 00 00 00  00 00 00 00 00 00 00 00
00 00 00 00 00 00 00 00  00 00 00 00 00 00 00 00
00 00 00 00 00 00 00 00  00 00 00 00 00 00 00 00
00 00 00 00 00 00 00 00  00 00 00 00 00 00 00 00
00 00 00 00 00 00 00 00  00 00 00 00 00 00 00 00
00 00 00 00 00 00 00 00  00 00 00 00 00 00 00 00
00 00 00 00 00 00 00 00  00 00 00 00 00 00 00 00
src regs sR: { 7E 00 01 02 }
dst regs dR: { 03 04 }
IS: 1 IP: 0
. === machine state === 
mem M:
01 FF 04 80 38 20 46 80  7A 00 6D 00 04 12 B5 05
00 39 00 3C 00 70 00 7E  00 6F 08 5B 16 00 4A 00
3D 00 71 00 74 00 80 09  F3 0C 00 40 00 4E 00 82
00 75 00 76 1A 11 0D 00  41 00 44 00 78 00 86 00
77 10 B7 1E 00 52 00 45  00 79 00 7C 00 88 11 4F
14 00 48 00 56 00 8A 00  7D 00 7E 22 6D 15 00 49
00 4C 00 80 00 8E 00 7F  18 13 26 00 5A 00 4D 00
81 00 84 00 90 19 13 1C  00 50 00 5E 00 92 00 85
00 86 2A 00 1D 00 51 00  54 00 88 00 96 00 87 20
00 2E 00 62 00 55 00 1E  00 2E 00 2D 21 00 24 00
58 00 66 00 C4 00 4C 00  C5 32 00 25 00 59 00 5C
00 5C 00 F2 00 E3 28 00  36 00 6A 00 5D 00 7A 00
8A 00 89 29 00 2C 00 60  00 6E 00 20 00 A8 00 21
3A 00 2D 00 61 00 64 00  B8 00 4E 00 3F 30 00 3E
00 72 00 65 00 D6 00 E6  00 E5 31 00 34 00 68 00
76 00 7C 00 04 00 7D 42  00 35 00 69 00 6C 00 14
src regs sR: { 01 01 07 72 }
dst regs dR: { 03 0C }
IS: 3 IP: 13

[balance] Running test 3/5...

 === machine state === 
mem M:
01 02 04 08 10 20 40 80  00 00 00 00 00 00 00 00
00 00 00 00 00 00 00 00  00 00 00 00 00 00 00 00
00 00 00 00 00 00 00 00  00 00 00 00 00 00 00 00
00 00 00 00 00 00 00 00  00 00 00 00 00 00 00 00
00 00 00 00 00 00 00 00  00 00 00 00 00 00 00 00
00 00 00 00 00 00 00 00  00 00 00 00 00 00 00 00
00 00 00 00 00 00 00 00  00 00 00 00 00 00 00 00
00 00 00 00 00 00 00 00  00 00 00 00 00 00 00 00
00 00 00 00 00 00 00 00  00 00 00 00 00 00 00 00
00 00 00 00 00 00 00 00  00 00 00 00 00 00 00 00
00 00 00 00 00 00 00 00  00 00 00 00 00 00 00 00
00 00 00 00 00 00 00 00  00 00 00 00 00 00 00 00
00 00 00 00 00 00 00 00  00 00 00 00 00 00 00 00
00 00 00 00 00 00 00 00  00 00 00 00 00 00 00 00
00 00 00 00 00 00 00 00  00 00 00 00 00 00 00 00
00 00 00 00 00 00 00 00  00 00 00 00 00 00 00 00
src regs sR: { 75 00 01 02 }
dst regs dR: { 03 04 }
IS: 1 IP: 0
. === machine state === 
mem M:
01 AA 04 80 38 90 46 80  8C 00 E1 00 00 12 18 05
00 39 FD 3C 00 43 00 4E  00 42 08 78 16 00 4A B4
3D 00 A3 00 05 00 AF 09  E5 0C 00 40 14 4E 00 10
00 65 00 66 1A 9C 0D 00  41 81 44 00 C7 00 D2 00
C6 10 FC 1E 00 52 38 45  00 27 00 89 00 33 11 69
14 00 48 98 56 00 94 00  E9 00 EA 22 20 15 00 49
05 4C 00 4B 00 56 00 4A  18 80 26 00 5A 05 4D 00
AB 00 0D 00 B7 19 ED 1C  00 50 00 5E 00 18 00 6D
00 6E 2A A4 1D 00 51 00  54 00 CF 00 DA 00 CE 20
04 2E 00 62 00 55 00 2F  00 91 00 3B 21 71 24 00
B7 00 C2 00 9C 00 F1 00  F2 32 28 25 00 17 00 79
00 53 00 5E 00 52 28 88  36 00 84 00 D9 00 B3 00
15 00 BF 29 F5 2C 00 3B  00 46 00 20 00 75 00 76
3A AC 2D 00 9B 00 FD 00  D7 00 E2 00 D6 30 0C 3E
00 08 00 5D 00 37 00 99  00 43 31 79 34 00 BF 00
CA 00 A4 00 F9 00 FA 42  30 35 00 1F 00 81 00 5B
src regs sR: { 01 01 07 69 }
dst regs dR: { 03 0C }
IS: 3 IP: 13

[balance] Running test 4/5...

 === machine state === 
mem M:
01 02 04 08 10 20 40 80  00 00 00 00 00 00 00 00
00 00 00 00 00 00 00 00  00 00 00 00 00 00 00 00
00 00 00 00 00 00 00 00  00 00 00 00 00 00 00 00
00 00 00 00 00 00 00 00  00 00 00 00 00 00 00 00
00 00 00 00 00 00 00 00  00 00 00 00 00 00 00 00
00 00 00 00 00 00 00 00  00 00 00 00 00 00 00 00
00 00 00 00 00 00 00 00  00 00 00 00 00 00 00 00
00 00 00 00 00 00 00 00  00 00 00 00 00 00 00 00
00 00 00 00 00 00 00 00  00 00 00 00 00 00 00 00
00 00 00 00 00 00 00 00  00 00 00 00 00 00 00 00
00 00 00 00 00 00 00 00  00 00 00 00 00 00 00 00
00 00 00 00 00 00 00 00  00 00 00 00 00 00 00 00
00 00 00 00 00 00 00 00  00 00 00 00 00 00 00 00
00 00 00 00 00 00 00 00  00 00 00 00 00 00 00 00
00 00 00 00 00 00 00 00  00 00 00 00 00 00 00 00
00 00 00 00 00 00 00 00  00 00 00 00 00 00 00 00
src regs sR: { DE 00 01 02 }
dst regs dR: { 03 04 }
IS: 1 IP: 0
.Your code halted, but didn't solve puzzle copyreg.
Try again to balance the score
 === machine state === 
mem M:
01 0C 42 00 38 20 84 80  7A 00 6D 1C EB 12 00 43
00 39 00 7A 00 70 00 7E  12 6F 08 00 54 00 4A 00
7B 00 71 00 74 13 80 09  00 4A 00 40 00 8C 00 82
00 75 24 76 1A 00 4B 00  41 00 82 00 78 00 86 1A
77 10 00 5C 00 52 00 83  00 79 00 7C 1B 88 11 00
52 00 48 00 94 00 8A 00  7D 2C 7E 22 00 53 00 49
00 8A 00 80 00 8E 22 7F  18 00 64 00 5A 00 8B 00
81 00 84 23 90 19 00 5A  00 50 00 9C 00 92 00 85
34 86 2A 00 5B 00 51 00  92 00 88 00 96 2A 87 20
00 6C 00 62 00 93 00 89  00 8C 2B 98 21 00 62 00
58 00 A4 00 9A 00 8D 3C  8E 32 00 63 00 59 00 9A
00 90 00 9E 32 8F 28 00  74 00 6A 00 9B 00 91 00
94 33 A0 29 00 6A 00 60  00 AC 00 A2 00 95 44 96
3A 00 6B 00 61 00 AC 03  98 00 A6 3A 97 30 00 7C
00 72 00 65 14 99 00 9C  3B A8 31 00 72 00 68 00
76 0A AA 00 9D 4C 9E 42  00 73 00 69 00 6C 0B A0
src regs sR: { 01 01 07 D2 }
dst regs dR: { 03 0C }
IS: 3 IP: 13
% 
[balance] Running test 1/5...

 === machine state === 
mem M:
01 02 04 08 10 20 40 80  00 00 00 00 00 00 00 00
00 00 00 00 00 00 00 00  00 00 00 00 00 00 00 00
00 00 00 00 00 00 00 00  00 00 00 00 00 00 00 00
00 00 00 00 00 00 00 00  00 00 00 00 00 00 00 00
00 00 00 00 00 00 00 00  00 00 00 00 00 00 00 00
00 00 00 00 00 00 00 00  00 00 00 00 00 00 00 00
00 00 00 00 00 00 00 00  00 00 00 00 00 00 00 00
00 00 00 00 00 00 00 00  00 00 00 00 00 00 00 00
00 00 00 00 00 00 00 00  00 00 00 00 00 00 00 00
00 00 00 00 00 00 00 00  00 00 00 00 00 00 00 00
00 00 00 00 00 00 00 00  00 00 00 00 00 00 00 00
00 00 00 00 00 00 00 00  00 00 00 00 00 00 00 00
00 00 00 00 00 00 00 00  00 00 00 00 00 00 00 00
00 00 00 00 00 00 00 00  00 00 00 00 00 00 00 00
00 00 00 00 00 00 00 00  00 00 00 00 00 00 00 00
00 00 00 00 00 00 00 00  00 00 00 00 00 00 00 00
src regs sR: { D7 00 01 02 }
dst regs dR: { 03 04 }
IS: 1 IP: 0
.Your code halted, but didn't solve puzzle copyreg.
Try again to balance the score
 === machine state === 
mem M:
01 0C 04 00 38 20 46 80  7A 00 6D 00 22 12 00 05
00 39 00 3C 00 70 00 7E  00 7B 08 00 16 00 4A 00
3D 00 71 00 74 00 8C 09  00 0C 00 40 00 4E 00 82
00 75 00 82 1A 00 0D 00  41 00 44 00 78 00 86 00
83 10 00 1E 00 52 00 45  00 79 00 7C 00 94 11 00
14 00 48 00 56 00 8A 00  7D 00 8A 22 00 15 00 49
00 4C 00 80 00 8E 00 8B  18 00 26 00 5A 00 4D 00
81 00 84 00 9C 19 00 1C  00 50 00 5E 00 92 00 85
00 92 2A 00 1D 00 51 00  54 00 88 00 96 00 93 20
00 2E 00 62 00 55 00 89  00 8C 00 A4 21 00 24 00
58 00 66 00 9A 00 8D 00  9A 32 00 25 00 59 00 5C
00 90 00 9E 00 9B 28 00  36 00 6A 00 5D 00 91 00
94 00 AC 29 00 2C 00 60  00 6E 00 A2 00 95 00 AC
3A 00 2D 00 61 00 64 00  98 00 A6 00 97 30 00 3E
00 72 00 65 00 99 00 9C  00 A8 31 00 34 00 68 00
76 00 AA 00 9D 00 9E 42  00 35 00 69 00 6C 00 A0
src regs sR: { 01 01 07 CB }
dst regs dR: { 03 0C }
IS: 3 IP: 13
% 
[balance] Running test 1/5...

 === machine state === 
mem M:
01 02 04 08 10 20 40 80  00 00 00 00 00 00 00 00
00 00 00 00 00 00 00 00  00 00 00 00 00 00 00 00
00 00 00 00 00 00 00 00  00 00 00 00 00 00 00 00
00 00 00 00 00 00 00 00  00 00 00 00 00 00 00 00
00 00 00 00 00 00 00 00  00 00 00 00 00 00 00 00
00 00 00 00 00 00 00 00  00 00 00 00 00 00 00 00
00 00 00 00 00 00 00 00  00 00 00 00 00 00 00 00
00 00 00 00 00 00 00 00  00 00 00 00 00 00 00 00
00 00 00 00 00 00 00 00  00 00 00 00 00 00 00 00
00 00 00 00 00 00 00 00  00 00 00 00 00 00 00 00
00 00 00 00 00 00 00 00  00 00 00 00 00 00 00 00
00 00 00 00 00 00 00 00  00 00 00 00 00 00 00 00
00 00 00 00 00 00 00 00  00 00 00 00 00 00 00 00
00 00 00 00 00 00 00 00  00 00 00 00 00 00 00 00
00 00 00 00 00 00 00 00  00 00 00 00 00 00 00 00
00 00 00 00 00 00 00 00  00 00 00 00 00 00 00 00
src regs sR: { AC 00 01 02 }
dst regs dR: { 03 04 }
IS: 1 IP: 0
. === machine state === 
mem M:
24 0C 04 00 4B 20 46 80  82 00 6D 00 EB 1A 00 05
00 5C 00 3C 00 83 00 7E  00 6F 1B 00 16 00 52 00
3D 00 94 00 74 00 80 2C  00 0C 00 53 00 4E 00 8A
00 75 00 76 22 00 0D 00  64 00 44 00 8B 00 86 00
77 23 00 1E 00 5A 00 45  00 9C 00 7C 00 88 34 00
14 00 5B 00 56 00 92 00  7D 00 7E 2A 00 15 00 6C
00 4C 00 93 00 8E 00 7F  2B 00 26 00 62 00 4D 00
A4 00 84 00 90 3C 00 1C  00 63 00 5E 00 9A 00 85
00 86 32 00 1D 00 74 00  54 00 9B 00 96 00 87 33
00 2E 00 6A 00 55 00 AC  00 8C 00 98 44 00 24 00
6B 00 66 00 AC 03 8D 00  8E 3A 00 25 00 7C 00 5C
00 90 14 9E 00 8F 3B 00  36 00 72 00 5D 00 91 0A
94 00 A0 4C 00 2C 00 73  00 6E 00 A2 0B 95 00 96
42 00 2D 00 84 00 64 00  98 1C A6 00 97 43 00 3E
00 7A 00 65 00 99 12 9C  00 A8 54 00 34 00 7B 00
76 00 AA 13 9D 00 9E 4A  00 35 00 8C 00 6C 00 A0
src regs sR: { 01 01 07 A0 }
dst regs dR: { 03 0C }
IS: 3 IP: 13

[balance] Running test 2/5...

 === machine state === 
mem M:
01 02 04 08 10 20 40 80  00 00 00 00 00 00 00 00
00 00 00 00 00 00 00 00  00 00 00 00 00 00 00 00
00 00 00 00 00 00 00 00  00 00 00 00 00 00 00 00
00 00 00 00 00 00 00 00  00 00 00 00 00 00 00 00
00 00 00 00 00 00 00 00  00 00 00 00 00 00 00 00
00 00 00 00 00 00 00 00  00 00 00 00 00 00 00 00
00 00 00 00 00 00 00 00  00 00 00 00 00 00 00 00
00 00 00 00 00 00 00 00  00 00 00 00 00 00 00 00
00 00 00 00 00 00 00 00  00 00 00 00 00 00 00 00
00 00 00 00 00 00 00 00  00 00 00 00 00 00 00 00
00 00 00 00 00 00 00 00  00 00 00 00 00 00 00 00
00 00 00 00 00 00 00 00  00 00 00 00 00 00 00 00
00 00 00 00 00 00 00 00  00 00 00 00 00 00 00 00
00 00 00 00 00 00 00 00  00 00 00 00 00 00 00 00
00 00 00 00 00 00 00 00  00 00 00 00 00 00 00 00
00 00 00 00 00 00 00 00  00 00 00 00 00 00 00 00
src regs sR: { 9C 00 01 02 }
dst regs dR: { 03 04 }
IS: 1 IP: 0
Your code halted, but didn't solve puzzle copyreg.
Try again to balance the score
 === machine state === 
mem M:
01 59 04 00 38 20 46 80  37 00 1B 00 00 12 00 05
00 39 00 3C 00 48 00 2C  00 00 08 00 16 00 4A 00
3D 00 3E 00 22 00 00 09  00 0C 00 40 00 4E 00 3F
00 23 00 00 1A 00 0D 00  41 00 44 00 50 00 34 00
00 10 00 1E 00 52 00 45  00 46 00 2A 00 00 11 00
14 00 48 00 56 00 47 00  2B 00 00 22 00 15 00 49
00 4C 00 58 00 3C 00 00  18 00 26 00 5A 00 4D 00
4E 00 32 00 00 19 00 1C  00 A7 00 B2 00 A6 00 33
00 00 2A 00 1D 00 FF 00  FF 00 0B 00 44 00 00 20
00 2E 00 1F 00 03 00 00  00 3A 00 00 21 00 24 00
30 00 14 00 00 00 3B 00  00 32 00 25 00 26 00 0A
00 00 00 4C 00 00 28 00  36 00 27 00 0B 00 00 00
42 00 00 29 00 2C 00 38  00 1C 00 00 00 43 00 00
3A 00 2D 00 2E 00 12 00  00 00 54 00 00 30 00 3E
00 2F 00 13 00 00 00 4A  00 00 31 00 34 00 40 00
24 00 00 00 4B 00 00 42  00 35 00 36 00 1A 00 00
src regs sR: { 01 86 12 86 }
dst regs dR: { 03 88 }
IS: 3 IP: 13
% 
[balance] Running test 1/5...

 === machine state === 
mem M:
01 02 04 08 10 20 40 80  00 00 00 00 00 00 00 00
00 00 00 00 00 00 00 00  00 00 00 00 00 00 00 00
00 00 00 00 00 00 00 00  00 00 00 00 00 00 00 00
00 00 00 00 00 00 00 00  00 00 00 00 00 00 00 00
00 00 00 00 00 00 00 00  00 00 00 00 00 00 00 00
00 00 00 00 00 00 00 00  00 00 00 00 00 00 00 00
00 00 00 00 00 00 00 00  00 00 00 00 00 00 00 00
00 00 00 00 00 00 00 00  00 00 00 00 00 00 00 00
00 00 00 00 00 00 00 00  00 00 00 00 00 00 00 00
00 00 00 00 00 00 00 00  00 00 00 00 00 00 00 00
00 00 00 00 00 00 00 00  00 00 00 00 00 00 00 00
00 00 00 00 00 00 00 00  00 00 00 00 00 00 00 00
00 00 00 00 00 00 00 00  00 00 00 00 00 00 00 00
00 00 00 00 00 00 00 00  00 00 00 00 00 00 00 00
00 00 00 00 00 00 00 00  00 00 00 00 00 00 00 00
00 00 00 00 00 00 00 00  00 00 00 00 00 00 00 00
src regs sR: { B0 00 01 02 }
dst regs dR: { 03 04 }
IS: 1 IP: 0
.Your code halted, but didn't solve puzzle copyreg.
Try again to balance the score
 === machine state === 
mem M:
01 0C 04 00 38 20 46 80  7A 00 6D 00 1A 12 00 05
00 39 00 3C 00 70 00 7E  00 83 08 00 16 00 4A 00
3D 00 71 00 74 00 94 09  00 0C 00 40 00 4E 00 82
00 75 00 8A 1A 00 0D 00  41 00 44 00 78 00 86 00
8B 10 00 1E 00 52 00 45  00 79 00 7C 00 9C 11 00
14 00 48 00 56 00 8A 00  7D 00 92 22 00 15 00 49
00 4C 00 80 00 8E 00 93  18 00 26 00 5A 00 4D 00
81 00 84 00 A4 19 00 1C  00 50 00 5E 00 92 00 85
00 9A 2A 00 1D 00 51 00  54 00 88 00 96 00 9B 20
00 2E 00 62 00 55 00 89  00 8C 00 AC 21 00 24 00
58 00 66 00 9A 00 8D 00  AC 32 00 25 00 59 00 5C
00 90 00 9E 00 8F 28 00  36 00 6A 00 5D 00 91 00
94 00 A0 29 00 2C 00 60  00 6E 00 A2 00 95 00 96
3A 00 2D 00 61 00 64 00  98 00 A6 00 97 30 00 3E
00 72 00 65 00 99 00 9C  00 A8 31 00 34 00 68 00
76 00 AA 00 9D 00 9E 42  00 35 00 69 00 6C 00 A0
src regs sR: { 01 01 07 A4 }
dst regs dR: { 03 0C }
IS: 3 IP: 13
% 
[balance] Running test 1/5...

 === machine state === 
mem M:
01 02 04 08 10 20 40 80  00 00 00 00 00 00 00 00
00 00 00 00 00 00 00 00  00 00 00 00 00 00 00 00
00 00 00 00 00 00 00 00  00 00 00 00 00 00 00 00
00 00 00 00 00 00 00 00  00 00 00 00 00 00 00 00
00 00 00 00 00 00 00 00  00 00 00 00 00 00 00 00
00 00 00 00 00 00 00 00  00 00 00 00 00 00 00 00
00 00 00 00 00 00 00 00  00 00 00 00 00 00 00 00
00 00 00 00 00 00 00 00  00 00 00 00 00 00 00 00
00 00 00 00 00 00 00 00  00 00 00 00 00 00 00 00
00 00 00 00 00 00 00 00  00 00 00 00 00 00 00 00
00 00 00 00 00 00 00 00  00 00 00 00 00 00 00 00
00 00 00 00 00 00 00 00  00 00 00 00 00 00 00 00
00 00 00 00 00 00 00 00  00 00 00 00 00 00 00 00
00 00 00 00 00 00 00 00  00 00 00 00 00 00 00 00
00 00 00 00 00 00 00 00  00 00 00 00 00 00 00 00
00 00 00 00 00 00 00 00  00 00 00 00 00 00 00 00
src regs sR: { 52 00 01 02 }
dst regs dR: { 03 04 }
IS: 1 IP: 0
.Your code halted, but didn't solve puzzle copyreg.
Try again to balance the score
 === machine state === 
mem M:
01 FF 04 80 B8 03 EE 80  84 C1 AC 00 F5 12 95 05
00 16 3B 26 00 BC 07 F2  00 E3 08 DB 16 00 5C 99
84 00 1A 3F 2A 00 29 09  13 0C 00 94 DF CA 00 60
9D 88 00 61 1A 71 0D 00  F2 17 02 00 98 E3 CE 00
BF 10 B7 1E 00 38 75 60  00 F6 E3 06 00 05 11 EF
14 00 70 BB A6 00 3C 00  64 00 3D 22 4D 15 00 CE
F3 DE 00 74 00 AA 00 9B  18 93 26 00 14 51 3C 00
D2 00 E2 00 E1 19 CB 1C  00 4C 97 82 00 18 00 40
00 19 2A 29 1D 00 AA CF  BA 00 50 00 86 00 77 20
6F 2E 00 F0 2D 18 00 AE  00 BE 00 BD 21 A7 24 00
28 73 5E 00 F4 00 1C 00  F5 32 05 25 00 86 AB 96
00 2C 00 62 00 53 28 4B  36 00 CC 09 F4 00 8A 00
9A 00 99 5E 83 6E 00 04  4F 3A 00 D0 00 F8 00 D1
A4 E1 CC 00 62 87 72 00  08 00 3E 00 2F DC 27 12
00 A8 E5 D0 00 66 00 76  00 75 3A 5F 4A 00 E0 2B
16 00 AC 00 D4 00 AD 80  BD A8 00 3E 63 4E 00 E4
src regs sR: { 01 01 07 46 }
dst regs dR: { 03 0C }
IS: 3 IP: 13
% 
[balance] Running test 1/5...

 === machine state === 
mem M:
01 02 04 08 10 20 40 80  00 00 00 00 00 00 00 00
00 00 00 00 00 00 00 00  00 00 00 00 00 00 00 00
00 00 00 00 00 00 00 00  00 00 00 00 00 00 00 00
00 00 00 00 00 00 00 00  00 00 00 00 00 00 00 00
00 00 00 00 00 00 00 00  00 00 00 00 00 00 00 00
00 00 00 00 00 00 00 00  00 00 00 00 00 00 00 00
00 00 00 00 00 00 00 00  00 00 00 00 00 00 00 00
00 00 00 00 00 00 00 00  00 00 00 00 00 00 00 00
00 00 00 00 00 00 00 00  00 00 00 00 00 00 00 00
00 00 00 00 00 00 00 00  00 00 00 00 00 00 00 00
00 00 00 00 00 00 00 00  00 00 00 00 00 00 00 00
00 00 00 00 00 00 00 00  00 00 00 00 00 00 00 00
00 00 00 00 00 00 00 00  00 00 00 00 00 00 00 00
00 00 00 00 00 00 00 00  00 00 00 00 00 00 00 00
00 00 00 00 00 00 00 00  00 00 00 00 00 00 00 00
00 00 00 00 00 00 00 00  00 00 00 00 00 00 00 00
src regs sR: { 1F 00 01 02 }
dst regs dR: { 03 04 }
IS: 1 IP: 0
.Your code halted, but didn't solve puzzle copyreg.
Try again to balance the score
 === machine state === 
mem M:
01 0C 33 00 38 20 6A 80  7A 00 AC 00 EB 12 00 44
00 39 00 6B 00 70 00 AC  03 6F 08 00 3A 00 4A 00
7C 00 71 00 74 14 80 09  00 3B 00 40 00 72 00 82
00 75 0A 76 1A 00 4C 00  41 00 73 00 78 00 86 0B
77 10 00 42 00 52 00 84  00 79 00 7C 1C 88 11 00
43 00 48 00 7A 00 8A 00  7D 12 7E 22 00 54 00 49
00 7B 00 80 00 8E 13 7F  18 00 4A 00 5A 00 8C 00
81 00 84 24 90 19 00 4B  00 50 00 82 00 92 00 85
1A 86 2A 00 5C 00 51 00  83 00 88 00 96 1B 87 20
00 52 00 62 00 94 00 89  00 8C 2C 98 21 00 53 00
58 00 8A 00 9A 00 8D 22  8E 32 00 64 00 59 00 8B
00 90 00 9E 23 8F 28 00  5A 00 6A 00 9C 00 91 00
94 34 A0 29 00 5B 00 60  00 92 00 A2 00 95 2A 96
3A 00 6C 00 61 00 93 00  98 00 A6 2B 97 30 00 62
00 72 00 A4 00 99 00 9C  3C A8 31 00 63 00 68 00
9A 00 AA 00 9D 32 9E 42  00 74 00 69 00 9B 00 A0
src regs sR: { 01 01 07 13 }
dst regs dR: { 03 0C }
IS: 3 IP: 13
% 
[balance] Running test 1/5...

 === machine state === 
mem M:
01 02 04 08 10 20 40 80  00 00 00 00 00 00 00 00
00 00 00 00 00 00 00 00  00 00 00 00 00 00 00 00
00 00 00 00 00 00 00 00  00 00 00 00 00 00 00 00
00 00 00 00 00 00 00 00  00 00 00 00 00 00 00 00
00 00 00 00 00 00 00 00  00 00 00 00 00 00 00 00
00 00 00 00 00 00 00 00  00 00 00 00 00 00 00 00
00 00 00 00 00 00 00 00  00 00 00 00 00 00 00 00
00 00 00 00 00 00 00 00  00 00 00 00 00 00 00 00
00 00 00 00 00 00 00 00  00 00 00 00 00 00 00 00
00 00 00 00 00 00 00 00  00 00 00 00 00 00 00 00
00 00 00 00 00 00 00 00  00 00 00 00 00 00 00 00
00 00 00 00 00 00 00 00  00 00 00 00 00 00 00 00
00 00 00 00 00 00 00 00  00 00 00 00 00 00 00 00
00 00 00 00 00 00 00 00  00 00 00 00 00 00 00 00
00 00 00 00 00 00 00 00  00 00 00 00 00 00 00 00
00 00 00 00 00 00 00 00  00 00 00 00 00 00 00 00
src regs sR: { 23 00 01 02 }
dst regs dR: { 03 04 }
IS: 1 IP: 0
.Your code halted, but didn't solve puzzle copyreg.
Try again to balance the score
 === machine state === 
mem M:
01 0C 04 00 38 20 46 80  7A 00 6D 00 FE 12 C2 05
00 39 00 3C 00 70 00 7E  00 6F 08 C2 16 00 4A 00
3D 00 71 00 74 00 80 09  00 0C 00 40 00 4E 00 82
00 75 00 76 1A 00 0D 00  41 00 44 00 78 00 86 00
77 10 00 1E 00 52 00 45  00 79 00 7C 00 88 11 00
14 00 48 00 56 00 8A 00  7D 00 7E 22 00 15 00 49
00 4C 00 80 00 8E 00 7F  18 00 26 00 5A 00 4D 00
81 00 84 00 90 19 00 1C  00 50 00 5E 00 92 00 85
00 86 2A 00 1D 00 51 00  54 00 88 00 96 00 87 20
00 2E 00 62 00 55 00 89  00 8C 00 98 21 00 24 00
58 00 66 00 9A 00 8D 00  8E 32 00 25 00 59 00 5C
00 90 00 9E 00 8F 28 00  36 00 6A 00 5D 00 91 00
94 00 A0 29 00 2C 00 60  00 6E 00 A2 00 95 00 96
3A 00 2D 00 61 00 64 00  98 00 A6 00 97 30 00 3E
00 72 00 65 00 99 00 9C  00 A8 31 00 34 00 68 00
76 00 35 00 1A 00 29 42  00 35 00 69 00 6C 00 B6
src regs sR: { 01 01 07 17 }
dst regs dR: { 03 0C }
IS: 3 IP: 13
% 
[balance] Running test 1/5...

 === machine state === 
mem M:
01 02 04 08 10 20 40 80  00 00 00 00 00 00 00 00
00 00 00 00 00 00 00 00  00 00 00 00 00 00 00 00
00 00 00 00 00 00 00 00  00 00 00 00 00 00 00 00
00 00 00 00 00 00 00 00  00 00 00 00 00 00 00 00
00 00 00 00 00 00 00 00  00 00 00 00 00 00 00 00
00 00 00 00 00 00 00 00  00 00 00 00 00 00 00 00
00 00 00 00 00 00 00 00  00 00 00 00 00 00 00 00
00 00 00 00 00 00 00 00  00 00 00 00 00 00 00 00
00 00 00 00 00 00 00 00  00 00 00 00 00 00 00 00
00 00 00 00 00 00 00 00  00 00 00 00 00 00 00 00
00 00 00 00 00 00 00 00  00 00 00 00 00 00 00 00
00 00 00 00 00 00 00 00  00 00 00 00 00 00 00 00
00 00 00 00 00 00 00 00  00 00 00 00 00 00 00 00
00 00 00 00 00 00 00 00  00 00 00 00 00 00 00 00
00 00 00 00 00 00 00 00  00 00 00 00 00 00 00 00
00 00 00 00 00 00 00 00  00 00 00 00 00 00 00 00
src regs sR: { E6 00 01 02 }
dst regs dR: { 03 04 }
IS: 1 IP: 0
.Your code halted, but didn't solve puzzle copyreg.
Try again to balance the score
 === machine state === 
mem M:
01 0C 04 00 38 20 46 80  7A 00 6D 00 7F 12 4A 05
00 39 00 3C 00 70 00 7E  00 6F 08 A3 16 00 4A 00
3D 00 71 00 74 00 80 09  F9 0C 00 40 00 4E 00 E5
00 CA 00 D9 1A DE 0D 00  41 00 44 00 3E 00 AF 00
2F 10 37 1E 00 52 00 45  00 94 00 08 00 14 11 8D
14 00 48 00 56 00 79 00  5E 00 6D 22 72 15 00 49
00 4C 00 D2 00 43 00 C3  18 CB 26 00 5A 00 4D 00
28 00 9C 00 A8 19 21 1C  00 50 00 5E 00 0D 00 F2
00 01 2A 06 1D 00 51 00  54 00 66 00 D7 00 57 20
5F 2E 00 62 00 55 00 BC  00 30 00 3C 21 B5 24 00
58 00 66 00 A1 00 86 00  95 32 9A 25 00 59 00 5C
00 FA 00 6B 00 EB 28 F3  36 00 6A 00 5D 00 50 00
C4 00 D0 29 49 2C 00 60  00 6E 00 35 00 1A 00 29
3A 2E 2D 00 61 00 64 00  8E 00 FF 00 7F 30 2E 3E
00 72 00 65 00 E4 00 58  00 64 31 00 34 00 68 00
76 00 C9 00 AE 00 BD 42  00 35 00 69 00 6C 00 22
src regs sR: { 01 01 07 DA }
dst regs dR: { 03 0C }
IS: 3 IP: 13
% 
[balance] Running test 1/5...

 === machine state === 
mem M:
01 02 04 08 10 20 40 80  00 00 00 00 00 00 00 00
00 00 00 00 00 00 00 00  00 00 00 00 00 00 00 00
00 00 00 00 00 00 00 00  00 00 00 00 00 00 00 00
00 00 00 00 00 00 00 00  00 00 00 00 00 00 00 00
00 00 00 00 00 00 00 00  00 00 00 00 00 00 00 00
00 00 00 00 00 00 00 00  00 00 00 00 00 00 00 00
00 00 00 00 00 00 00 00  00 00 00 00 00 00 00 00
00 00 00 00 00 00 00 00  00 00 00 00 00 00 00 00
00 00 00 00 00 00 00 00  00 00 00 00 00 00 00 00
00 00 00 00 00 00 00 00  00 00 00 00 00 00 00 00
00 00 00 00 00 00 00 00  00 00 00 00 00 00 00 00
00 00 00 00 00 00 00 00  00 00 00 00 00 00 00 00
00 00 00 00 00 00 00 00  00 00 00 00 00 00 00 00
00 00 00 00 00 00 00 00  00 00 00 00 00 00 00 00
00 00 00 00 00 00 00 00  00 00 00 00 00 00 00 00
00 00 00 00 00 00 00 00  00 00 00 00 00 00 00 00
src regs sR: { 3D 00 01 02 }
dst regs dR: { 03 04 }
IS: 1 IP: 0
. === machine state === 
mem M:
01 6A 04 00 38 20 46 80  7A 00 6D 00 F5 12 D8 05
00 39 00 3C 00 70 00 7E  00 6F 08 78 16 00 4A 00
3D 00 71 00 74 00 80 09  25 0C 00 40 00 4E 00 82
00 75 00 76 1A 25 0D 00  41 00 44 00 78 00 86 00
77 10 00 1E 00 52 00 45  00 79 00 7C 00 88 11 00
14 00 48 00 56 00 8A 00  7D 00 7E 22 00 15 00 49
00 4C 00 80 00 8E 00 7F  18 00 26 00 5A 00 4D 00
81 00 84 00 90 19 00 1C  00 50 00 5E 00 92 00 85
00 86 2A 00 1D 00 51 00  54 00 88 00 96 00 87 20
00 2E 00 62 00 55 00 89  00 8C 00 98 21 00 24 00
58 00 66 00 9A 00 8D 00  8E 32 00 25 00 59 00 5C
00 90 00 9E 00 8F 28 00  36 00 6A 00 5D 00 91 00
94 00 A0 29 00 2C 00 60  00 6E 00 A2 00 95 00 96
3A 00 2D 00 61 00 64 00  37 00 42 00 36 30 00 3E
00 72 00 65 00 D7 00 79  00 E3 31 00 34 00 68 00
76 00 84 00 19 00 1A 42  00 35 00 69 00 6C 00 BB
src regs sR: { 01 01 07 31 }
dst regs dR: { 03 0C }
IS: 3 IP: 13

[balance] Running test 2/5...

 === machine state === 
mem M:
01 02 04 08 10 20 40 80  00 00 00 00 00 00 00 00
00 00 00 00 00 00 00 00  00 00 00 00 00 00 00 00
00 00 00 00 00 00 00 00  00 00 00 00 00 00 00 00
00 00 00 00 00 00 00 00  00 00 00 00 00 00 00 00
00 00 00 00 00 00 00 00  00 00 00 00 00 00 00 00
00 00 00 00 00 00 00 00  00 00 00 00 00 00 00 00
00 00 00 00 00 00 00 00  00 00 00 00 00 00 00 00
00 00 00 00 00 00 00 00  00 00 00 00 00 00 00 00
00 00 00 00 00 00 00 00  00 00 00 00 00 00 00 00
00 00 00 00 00 00 00 00  00 00 00 00 00 00 00 00
00 00 00 00 00 00 00 00  00 00 00 00 00 00 00 00
00 00 00 00 00 00 00 00  00 00 00 00 00 00 00 00
00 00 00 00 00 00 00 00  00 00 00 00 00 00 00 00
00 00 00 00 00 00 00 00  00 00 00 00 00 00 00 00
00 00 00 00 00 00 00 00  00 00 00 00 00 00 00 00
00 00 00 00 00 00 00 00  00 00 00 00 00 00 00 00
src regs sR: { 28 00 01 02 }
dst regs dR: { 03 04 }
IS: 1 IP: 0
. === machine state === 
mem M:
01 0C 74 00 38 20 9B 80  7A 00 6D 33 EB 12 00 6A
00 39 00 AC 00 70 00 7E  44 6F 08 00 6B 00 4A 00
AC 03 71 00 74 3A 80 09  00 7C 00 40 00 4E 14 82
00 75 3B 76 1A 00 72 00  41 00 44 0A 78 00 86 4C
77 10 00 73 00 52 00 45  0B 79 00 7C 42 88 11 00
84 00 48 00 56 1C 8A 00  7D 43 7E 22 00 7A 00 49
00 4C 12 80 00 8E 54 7F  18 00 7B 00 5A 00 4D 13
81 00 84 4A 90 19 00 8C  00 50 00 5E 24 92 00 85
4B 86 2A 00 82 00 51 00  54 1A 88 00 96 5C 87 20
00 83 00 62 00 55 1B 89  00 8C 52 98 21 00 94 00
58 00 66 2C 9A 00 8D 53  8E 32 00 8A 00 59 00 5C
22 90 00 9E 64 8F 28 00  8B 00 6A 00 5D 23 91 00
94 5A A0 29 00 9C 00 60  00 6E 34 A2 00 95 5B 96
3A 00 92 00 61 00 64 2A  98 00 A6 6C 97 30 00 93
00 72 00 65 2B 99 00 9C  62 A8 31 00 A4 00 68 00
76 3C AA 00 9D 63 9E 42  00 9A 00 69 00 6C 32 A0
src regs sR: { 01 01 07 1C }
dst regs dR: { 03 0C }
IS: 3 IP: 13

[balance] Running test 3/5...

 === machine state === 
mem M:
01 02 04 08 10 20 40 80  00 00 00 00 00 00 00 00
00 00 00 00 00 00 00 00  00 00 00 00 00 00 00 00
00 00 00 00 00 00 00 00  00 00 00 00 00 00 00 00
00 00 00 00 00 00 00 00  00 00 00 00 00 00 00 00
00 00 00 00 00 00 00 00  00 00 00 00 00 00 00 00
00 00 00 00 00 00 00 00  00 00 00 00 00 00 00 00
00 00 00 00 00 00 00 00  00 00 00 00 00 00 00 00
00 00 00 00 00 00 00 00  00 00 00 00 00 00 00 00
00 00 00 00 00 00 00 00  00 00 00 00 00 00 00 00
00 00 00 00 00 00 00 00  00 00 00 00 00 00 00 00
00 00 00 00 00 00 00 00  00 00 00 00 00 00 00 00
00 00 00 00 00 00 00 00  00 00 00 00 00 00 00 00
00 00 00 00 00 00 00 00  00 00 00 00 00 00 00 00
00 00 00 00 00 00 00 00  00 00 00 00 00 00 00 00
00 00 00 00 00 00 00 00  00 00 00 00 00 00 00 00
00 00 00 00 00 00 00 00  00 00 00 00 00 00 00 00
src regs sR: { 2F 00 01 02 }
dst regs dR: { 03 04 }
IS: 1 IP: 0
.Your code halted, but didn't solve puzzle copyreg.
Try again to balance the score
 === machine state === 
mem M:
9A 0C 04 00 38 32 46 80  7A 74 6D 00 EB 9B 00 05
00 39 33 3C 00 70 6A 7E  00 6F AC 00 16 00 4A 44
3D 00 71 6B 74 00 80 AC  03 0C 00 40 3A 4E 00 82
7C 75 00 76 1A 14 0D 00  41 3B 44 00 78 72 86 00
77 10 0A 1E 00 52 4C 45  00 79 73 7C 00 88 11 0B
14 00 48 42 56 00 8A 84  7D 00 7E 22 1C 15 00 49
43 4C 00 80 7A 8E 00 7F  18 12 26 00 5A 54 4D 00
81 7B 84 00 90 19 13 1C  00 50 4A 5E 00 92 8C 85
00 86 2A 24 1D 00 51 4B  54 00 88 82 96 00 87 20
1A 2E 00 62 5C 55 00 89  83 8C 00 98 21 1B 24 00
58 52 66 00 9A 94 8D 00  8E 32 2C 25 00 59 53 5C
00 90 8A 9E 00 8F 28 22  36 00 6A 64 5D 00 91 8B
94 00 A0 29 23 2C 00 60  5A 6E 00 A2 9C 95 00 96
3A 34 2D 00 61 5B 64 00  98 92 A6 00 97 30 2A 3E
00 72 6C 65 00 99 93 9C  00 A8 31 2B 34 00 68 62
76 00 AA A4 9D 00 9E 42  3C 35 00 69 63 6C 00 A0
src regs sR: { 01 01 07 23 }
dst regs dR: { 03 0C }
IS: 3 IP: 13
% 
[balance] Running test 1/5...

 === machine state === 
mem M:
01 02 04 08 10 20 40 80  00 00 00 00 00 00 00 00
00 00 00 00 00 00 00 00  00 00 00 00 00 00 00 00
00 00 00 00 00 00 00 00  00 00 00 00 00 00 00 00
00 00 00 00 00 00 00 00  00 00 00 00 00 00 00 00
00 00 00 00 00 00 00 00  00 00 00 00 00 00 00 00
00 00 00 00 00 00 00 00  00 00 00 00 00 00 00 00
00 00 00 00 00 00 00 00  00 00 00 00 00 00 00 00
00 00 00 00 00 00 00 00  00 00 00 00 00 00 00 00
00 00 00 00 00 00 00 00  00 00 00 00 00 00 00 00
00 00 00 00 00 00 00 00  00 00 00 00 00 00 00 00
00 00 00 00 00 00 00 00  00 00 00 00 00 00 00 00
00 00 00 00 00 00 00 00  00 00 00 00 00 00 00 00
00 00 00 00 00 00 00 00  00 00 00 00 00 00 00 00
00 00 00 00 00 00 00 00  00 00 00 00 00 00 00 00
00 00 00 00 00 00 00 00  00 00 00 00 00 00 00 00
00 00 00 00 00 00 00 00  00 00 00 00 00 00 00 00
src regs sR: { 4D 00 01 02 }
dst regs dR: { 03 04 }
IS: 1 IP: 0
. === machine state === 
mem M:
6C 0C 04 00 93 20 46 80  7A 2B 6D 00 EB 62 00 05
00 A4 00 3C 00 70 3C 7E  00 6F 63 00 16 00 9A 00
3D 00 71 32 74 00 80 74  00 0C 00 9B 00 4E 00 82
33 75 00 76 6A 00 0D 00  AC 00 44 00 78 44 86 00
77 6B 00 1E 00 AC 03 45  00 79 3A 7C 00 88 7C 00
14 00 48 14 56 00 8A 3B  7D 00 7E 72 00 15 00 49
0A 4C 00 80 4C 8E 00 7F  73 00 26 00 5A 0B 4D 00
81 42 84 00 90 84 00 1C  00 50 1C 5E 00 92 43 85
00 86 7A 00 1D 00 51 12  54 00 88 54 96 00 87 7B
00 2E 00 62 13 55 00 89  4A 8C 00 98 8C 00 24 00
58 24 66 00 9A 4B 8D 00  8E 82 00 25 00 59 1A 5C
00 90 5C 9E 00 8F 83 00  36 00 6A 1B 5D 00 91 52
94 00 A0 94 00 2C 00 60  2C 6E 00 A2 53 95 00 96
8A 00 2D 00 61 22 64 00  98 64 A6 00 97 8B 00 3E
00 72 23 65 00 99 5A 9C  00 A8 9C 00 34 00 68 34
76 00 AA 5B 9D 00 9E 92  00 35 00 69 2A 6C 00 A0
src regs sR: { 01 01 07 41 }
dst regs dR: { 03 0C }
IS: 3 IP: 13

[balance] Running test 2/5...

 === machine state === 
mem M:
01 02 04 08 10 20 40 80  00 00 00 00 00 00 00 00
00 00 00 00 00 00 00 00  00 00 00 00 00 00 00 00
00 00 00 00 00 00 00 00  00 00 00 00 00 00 00 00
00 00 00 00 00 00 00 00  00 00 00 00 00 00 00 00
00 00 00 00 00 00 00 00  00 00 00 00 00 00 00 00
00 00 00 00 00 00 00 00  00 00 00 00 00 00 00 00
00 00 00 00 00 00 00 00  00 00 00 00 00 00 00 00
00 00 00 00 00 00 00 00  00 00 00 00 00 00 00 00
00 00 00 00 00 00 00 00  00 00 00 00 00 00 00 00
00 00 00 00 00 00 00 00  00 00 00 00 00 00 00 00
00 00 00 00 00 00 00 00  00 00 00 00 00 00 00 00
00 00 00 00 00 00 00 00  00 00 00 00 00 00 00 00
00 00 00 00 00 00 00 00  00 00 00 00 00 00 00 00
00 00 00 00 00 00 00 00  00 00 00 00 00 00 00 00
00 00 00 00 00 00 00 00  00 00 00 00 00 00 00 00
00 00 00 00 00 00 00 00  00 00 00 00 00 00 00 00
src regs sR: { CF 00 01 02 }
dst regs dR: { 03 04 }
IS: 1 IP: 0
.Your code halted, but didn't solve puzzle copyreg.
Try again to balance the score
 === machine state === 
mem M:
43 0C 04 00 7A 20 46 80  7A 12 6D 00 EB 54 00 05
00 7B 00 3C 00 70 13 7E  00 6F 4A 00 16 00 8C 00
3D 00 71 24 74 00 80 4B  00 0C 00 82 00 4E 00 82
1A 75 00 76 5C 00 0D 00  83 00 44 00 78 1B 86 00
77 52 00 1E 00 94 00 45  00 79 2C 7C 00 88 53 00
14 00 8A 00 56 00 8A 22  7D 00 7E 64 00 15 00 8B
00 4C 00 80 23 8E 00 7F  5A 00 26 00 9C 00 4D 00
81 34 84 00 90 5B 00 1C  00 92 00 5E 00 92 2A 85
00 86 6C 00 1D 00 93 00  54 00 88 2B 96 00 87 62
00 2E 00 A4 00 55 00 89  3C 8C 00 98 63 00 24 00
9A 00 66 00 9A 32 8D 00  8E 74 00 25 00 9B 00 5C
00 90 33 9E 00 8F 6A 00  36 00 AC 00 5D 00 91 44
94 00 A0 6B 00 2C 00 AC  03 6E 00 A2 3A 95 00 96
7C 00 2D 00 61 14 64 00  98 3B A6 00 97 72 00 3E
00 72 0A 65 00 99 4C 9C  00 A8 73 00 34 00 68 0B
76 00 AA 42 9D 00 9E 84  00 35 00 69 1C 6C 00 A0
src regs sR: { 01 01 07 C3 }
dst regs dR: { 03 0C }
IS: 3 IP: 13
% 
[balance] Running test 1/5...

 === machine state === 
mem M:
01 02 04 08 10 20 40 80  00 00 00 00 00 00 00 00
00 00 00 00 00 00 00 00  00 00 00 00 00 00 00 00
00 00 00 00 00 00 00 00  00 00 00 00 00 00 00 00
00 00 00 00 00 00 00 00  00 00 00 00 00 00 00 00
00 00 00 00 00 00 00 00  00 00 00 00 00 00 00 00
00 00 00 00 00 00 00 00  00 00 00 00 00 00 00 00
00 00 00 00 00 00 00 00  00 00 00 00 00 00 00 00
00 00 00 00 00 00 00 00  00 00 00 00 00 00 00 00
00 00 00 00 00 00 00 00  00 00 00 00 00 00 00 00
00 00 00 00 00 00 00 00  00 00 00 00 00 00 00 00
00 00 00 00 00 00 00 00  00 00 00 00 00 00 00 00
00 00 00 00 00 00 00 00  00 00 00 00 00 00 00 00
00 00 00 00 00 00 00 00  00 00 00 00 00 00 00 00
00 00 00 00 00 00 00 00  00 00 00 00 00 00 00 00
00 00 00 00 00 00 00 00  00 00 00 00 00 00 00 00
00 00 00 00 00 00 00 00  00 00 00 00 00 00 00 00
src regs sR: { 93 00 01 02 }
dst regs dR: { 03 04 }
IS: 1 IP: 0
.Your code halted, but didn't solve puzzle copyreg.
Try again to balance the score
 === machine state === 
mem M:
01 0D 04 00 D2 7B EB 80  3D E6 22 00 31 12 42 05
00 D0 79 EC 00 3E E7 57  00 2F 08 43 16 00 05 AE
EA 00 3C E5 58 00 64 09  41 0C 00 06 AF 1F 00 71
00 56 00 65 1A 76 0D 00  04 AD 20 00 72 00 8B 00
63 10 77 1E 00 39 E2 1E  00 70 00 8C 00 98 11 75
14 00 3A E3 53 00 A5 00  8A 00 99 22 AA 15 00 38
E1 54 00 A6 00 BF 00 97  18 AB 26 00 6D 16 52 00
A4 00 C0 00 CC 19 A9 1C  00 6E 17 87 00 D9 00 BE
00 CD 35 DE 1A 00 6C 15  88 00 DA 00 F3 00 CB 36
DF 4F 00 A1 4A 86 00 D8  00 F4 00 00 34 DD 50 00
A2 4B BB 00 AE 00 0A 00  00 69 12 4E 00 A0 49 BC
00 C8 00 0B 00 00 6A 13  83 00 D5 7E BA 00 C9 00
1C 00 00 68 11 84 00 D6  7F EF 00 C7 00 12 00 00
9D 46 82 00 D4 7D F0 00  FC 00 13 00 00 9E 47 B7
00 09 B2 EE 00 FD 00 24  00 00 9C 45 B8 00 0A B3
23 00 FB 00 1A 00 00 D1  7A B6 00 08 B1 24 00 30
src regs sR: { 01 99 9F 1F }
dst regs dR: { 03 A4 }
IS: 3 IP: 13
% 
[balance] Running test 1/5...

 === machine state === 
mem M:
01 02 04 08 10 20 40 80  00 00 00 00 00 00 00 00
00 00 00 00 00 00 00 00  00 00 00 00 00 00 00 00
00 00 00 00 00 00 00 00  00 00 00 00 00 00 00 00
00 00 00 00 00 00 00 00  00 00 00 00 00 00 00 00
00 00 00 00 00 00 00 00  00 00 00 00 00 00 00 00
00 00 00 00 00 00 00 00  00 00 00 00 00 00 00 00
00 00 00 00 00 00 00 00  00 00 00 00 00 00 00 00
00 00 00 00 00 00 00 00  00 00 00 00 00 00 00 00
00 00 00 00 00 00 00 00  00 00 00 00 00 00 00 00
00 00 00 00 00 00 00 00  00 00 00 00 00 00 00 00
00 00 00 00 00 00 00 00  00 00 00 00 00 00 00 00
00 00 00 00 00 00 00 00  00 00 00 00 00 00 00 00
00 00 00 00 00 00 00 00  00 00 00 00 00 00 00 00
00 00 00 00 00 00 00 00  00 00 00 00 00 00 00 00
00 00 00 00 00 00 00 00  00 00 00 00 00 00 00 00
00 00 00 00 00 00 00 00  00 00 00 00 00 00 00 00
src regs sR: { EF 00 01 02 }
dst regs dR: { 03 04 }
IS: 1 IP: 0
.Your code halted, but didn't solve puzzle copyreg.
Try again to balance the score
 === machine state === 
mem M:
01 0C 0A 00 38 20 4C 80  7A 00 73 00 EB 12 00 0B
00 39 00 42 00 70 00 84  00 6F 08 00 1C 00 4A 00
43 00 71 00 7A 00 80 09  00 12 00 40 00 54 00 82
00 7B 00 76 1A 00 13 00  41 00 4A 00 78 00 8C 00
77 10 00 24 00 52 00 4B  00 79 00 82 00 88 11 00
1A 00 48 00 5C 00 8A 00  83 00 7E 22 00 1B 00 49
00 52 00 80 00 94 00 7F  18 00 2C 00 5A 00 53 00
81 00 8A 00 90 19 00 22  00 50 00 64 00 92 00 8B
00 86 2A 00 23 00 51 00  5A 00 88 00 9C 00 87 20
00 34 00 62 00 5B 00 89  00 92 00 98 21 00 2A 00
58 00 6C 00 9A 00 93 00  8E 32 00 2B 00 59 00 62
00 90 00 A4 00 8F 28 00  3C 00 6A 00 63 00 91 00
9A 00 A0 29 00 32 00 60  00 74 00 A2 00 9B 00 96
3A 00 33 00 61 00 6A 00  98 00 AC 00 97 30 00 44
00 72 00 6B 00 99 00 AC  03 A8 31 00 3A 00 68 00
7C 00 AA 00 9D 14 9E 42  00 3B 00 69 00 72 00 A0
src regs sR: { 01 01 07 E3 }
dst regs dR: { 03 0C }
IS: 3 IP: 13
% 
[balance] Running test 1/5...

 === machine state === 
mem M:
01 02 04 08 10 20 40 80  00 00 00 00 00 00 00 00
00 00 00 00 00 00 00 00  00 00 00 00 00 00 00 00
00 00 00 00 00 00 00 00  00 00 00 00 00 00 00 00
00 00 00 00 00 00 00 00  00 00 00 00 00 00 00 00
00 00 00 00 00 00 00 00  00 00 00 00 00 00 00 00
00 00 00 00 00 00 00 00  00 00 00 00 00 00 00 00
00 00 00 00 00 00 00 00  00 00 00 00 00 00 00 00
00 00 00 00 00 00 00 00  00 00 00 00 00 00 00 00
00 00 00 00 00 00 00 00  00 00 00 00 00 00 00 00
00 00 00 00 00 00 00 00  00 00 00 00 00 00 00 00
00 00 00 00 00 00 00 00  00 00 00 00 00 00 00 00
00 00 00 00 00 00 00 00  00 00 00 00 00 00 00 00
00 00 00 00 00 00 00 00  00 00 00 00 00 00 00 00
00 00 00 00 00 00 00 00  00 00 00 00 00 00 00 00
00 00 00 00 00 00 00 00  00 00 00 00 00 00 00 00
00 00 00 00 00 00 00 00  00 00 00 00 00 00 00 00
src regs sR: { B4 00 01 02 }
dst regs dR: { 03 04 }
IS: 1 IP: 0
.Your code halted, but didn't solve puzzle copyreg.
Try again to balance the score
 === machine state === 
mem M:
01 02 04 80 38 20 46 80  7A 00 6D 00 6E 12 00 05
00 39 00 3C 00 70 00 7E  00 6F 08 00 16 00 4A 00
3D 00 71 00 74 00 80 09  00 0C 00 40 00 4E 00 82
00 75 00 76 1A 00 0D 00  41 00 44 00 78 00 86 00
77 10 00 1E 00 52 00 45  00 79 00 7C 00 88 11 00
14 00 48 00 56 00 8A 00  7D 00 7E 22 00 15 00 49
00 4C 00 80 00 00 00 7F  18 00 26 00 5A 00 4D 00
4E 00 00 00 62 19 00 1C  00 50 00 5E 00 4F 00 00
00 63 2A 00 1D 00 51 00  54 00 60 00 00 00 74 20
00 2E 00 62 00 55 00 56  00 00 00 6A 21 00 24 00
58 00 66 00 57 00 00 00  6B 32 00 25 00 59 00 5C
00 68 00 00 00 7C 28 00  36 00 6A 00 5D 00 5E 00
00 00 72 29 00 2C 00 60  00 6E 00 5F 00 00 00 73
3A 00 2D 00 61 00 64 00  70 00 00 00 84 30 00 3E
00 72 00 65 00 66 00 00  00 7A 31 00 34 00 68 00
76 00 67 00 00 00 7B 42  00 35 00 69 00 6C 00 78
src regs sR: { 01 63 07 63 }
dst regs dR: { 03 65 }
IS: 3 IP: 13
% 
[balance] Running test 1/5...

 === machine state === 
mem M:
01 02 04 08 10 20 40 80  00 00 00 00 00 00 00 00
00 00 00 00 00 00 00 00  00 00 00 00 00 00 00 00
00 00 00 00 00 00 00 00  00 00 00 00 00 00 00 00
00 00 00 00 00 00 00 00  00 00 00 00 00 00 00 00
00 00 00 00 00 00 00 00  00 00 00 00 00 00 00 00
00 00 00 00 00 00 00 00  00 00 00 00 00 00 00 00
00 00 00 00 00 00 00 00  00 00 00 00 00 00 00 00
00 00 00 00 00 00 00 00  00 00 00 00 00 00 00 00
00 00 00 00 00 00 00 00  00 00 00 00 00 00 00 00
00 00 00 00 00 00 00 00  00 00 00 00 00 00 00 00
00 00 00 00 00 00 00 00  00 00 00 00 00 00 00 00
00 00 00 00 00 00 00 00  00 00 00 00 00 00 00 00
00 00 00 00 00 00 00 00  00 00 00 00 00 00 00 00
00 00 00 00 00 00 00 00  00 00 00 00 00 00 00 00
00 00 00 00 00 00 00 00  00 00 00 00 00 00 00 00
00 00 00 00 00 00 00 00  00 00 00 00 00 00 00 00
src regs sR: { 3C 00 01 02 }
dst regs dR: { 03 04 }
IS: 1 IP: 0
. === machine state === 
mem M:
A4 0C 04 00 38 3C 46 80  7A 63 6D 00 EB 9A 00 05
00 39 32 3C 00 70 74 7E  00 6F 9B 00 16 00 4A 33
3D 00 71 6A 74 00 80 AC  00 0C 00 40 44 4E 00 82
6B 75 00 76 AC 03 0D 00  41 3A 44 00 78 7C 86 00
77 10 14 1E 00 52 3B 45  00 79 72 7C 00 88 11 0A
14 00 48 4C 56 00 8A 73  7D 00 7E 22 0B 15 00 49
42 4C 00 80 84 8E 00 7F  18 1C 26 00 5A 43 4D 00
81 7A 84 00 90 19 12 1C  00 50 54 5E 00 92 7B 85
00 86 2A 13 1D 00 51 4A  54 00 88 8C 96 00 87 20
24 2E 00 62 4B 55 00 89  82 8C 00 98 21 1A 24 00
58 5C 66 00 9A 83 8D 00  8E 32 1B 25 00 59 52 5C
00 90 94 9E 00 8F 28 2C  36 00 6A 53 5D 00 91 8A
94 00 A0 29 22 2C 00 60  64 6E 00 A2 8B 95 00 96
3A 23 2D 00 61 5A 64 00  98 9C A6 00 97 30 34 3E
00 72 5B 65 00 99 92 9C  00 A8 31 2A 34 00 68 6C
76 00 AA 93 9D 00 9E 42  2B 35 00 69 62 6C 00 A0
src regs sR: { 01 01 07 30 }
dst regs dR: { 03 0C }
IS: 3 IP: 13

[balance] Running test 2/5...

 === machine state === 
mem M:
01 02 04 08 10 20 40 80  00 00 00 00 00 00 00 00
00 00 00 00 00 00 00 00  00 00 00 00 00 00 00 00
00 00 00 00 00 00 00 00  00 00 00 00 00 00 00 00
00 00 00 00 00 00 00 00  00 00 00 00 00 00 00 00
00 00 00 00 00 00 00 00  00 00 00 00 00 00 00 00
00 00 00 00 00 00 00 00  00 00 00 00 00 00 00 00
00 00 00 00 00 00 00 00  00 00 00 00 00 00 00 00
00 00 00 00 00 00 00 00  00 00 00 00 00 00 00 00
00 00 00 00 00 00 00 00  00 00 00 00 00 00 00 00
00 00 00 00 00 00 00 00  00 00 00 00 00 00 00 00
00 00 00 00 00 00 00 00  00 00 00 00 00 00 00 00
00 00 00 00 00 00 00 00  00 00 00 00 00 00 00 00
00 00 00 00 00 00 00 00  00 00 00 00 00 00 00 00
00 00 00 00 00 00 00 00  00 00 00 00 00 00 00 00
00 00 00 00 00 00 00 00  00 00 00 00 00 00 00 00
00 00 00 00 00 00 00 00  00 00 00 00 00 00 00 00
src regs sR: { 6B 00 01 02 }
dst regs dR: { 03 04 }
IS: 1 IP: 0
. === machine state === 
mem M:
23 0C 04 00 5A 20 46 80  9C 00 6D 00 EB 34 00 05
00 5B 00 3C 00 92 00 7E  00 6F 2A 00 16 00 6C 00
3D 00 93 00 74 00 80 2B  00 0C 00 62 00 4E 00 A4
00 75 00 76 3C 00 0D 00  63 00 44 00 9A 00 86 00
77 32 00 1E 00 74 00 45  00 9B 00 7C 00 88 33 00
14 00 6A 00 56 00 AC 00  7D 00 7E 44 00 15 00 6B
00 4C 00 AC 03 8E 00 7F  3A 00 26 00 7C 00 4D 00
81 14 84 00 90 3B 00 1C  00 72 00 5E 00 92 0A 85
00 86 4C 00 1D 00 73 00  54 00 88 0B 96 00 87 42
00 2E 00 84 00 55 00 89  1C 8C 00 98 43 00 24 00
7A 00 66 00 9A 12 8D 00  8E 54 00 25 00 7B 00 5C
00 90 13 9E 00 8F 4A 00  36 00 8C 00 5D 00 91 24
94 00 A0 4B 00 2C 00 82  00 6E 00 A2 1A 95 00 96
5C 00 2D 00 83 00 64 00  98 1B A6 00 97 52 00 3E
00 94 00 65 00 99 2C 9C  00 A8 53 00 34 00 8A 00
76 00 AA 22 9D 00 9E 64  00 35 00 8B 00 6C 00 A0
src regs sR: { 01 01 07 5F }
dst regs dR: { 03 0C }
IS: 3 IP: 13

[balance] Running test 3/5...

 === machine state === 
mem M:
01 02 04 08 10 20 40 80  00 00 00 00 00 00 00 00
00 00 00 00 00 00 00 00  00 00 00 00 00 00 00 00
00 00 00 00 00 00 00 00  00 00 00 00 00 00 00 00
00 00 00 00 00 00 00 00  00 00 00 00 00 00 00 00
00 00 00 00 00 00 00 00  00 00 00 00 00 00 00 00
00 00 00 00 00 00 00 00  00 00 00 00 00 00 00 00
00 00 00 00 00 00 00 00  00 00 00 00 00 00 00 00
00 00 00 00 00 00 00 00  00 00 00 00 00 00 00 00
00 00 00 00 00 00 00 00  00 00 00 00 00 00 00 00
00 00 00 00 00 00 00 00  00 00 00 00 00 00 00 00
00 00 00 00 00 00 00 00  00 00 00 00 00 00 00 00
00 00 00 00 00 00 00 00  00 00 00 00 00 00 00 00
00 00 00 00 00 00 00 00  00 00 00 00 00 00 00 00
00 00 00 00 00 00 00 00  00 00 00 00 00 00 00 00
00 00 00 00 00 00 00 00  00 00 00 00 00 00 00 00
00 00 00 00 00 00 00 00  00 00 00 00 00 00 00 00
src regs sR: { 42 00 01 02 }
dst regs dR: { 03 04 }
IS: 1 IP: 0
. === machine state === 
mem M:
01 0C 62 00 38 20 A4 80  7A 00 6D 3C EB 12 00 63
00 39 00 9A 00 70 00 7E  32 6F 08 00 74 00 4A 00
9B 00 71 00 74 33 80 09  00 6A 00 40 00 AC 00 82
00 75 44 76 1A 00 6B 00  41 00 AC 03 78 00 86 3A
77 10 00 7C 00 52 00 45  14 79 00 7C 3B 88 11 00
72 00 48 00 56 0A 8A 00  7D 4C 7E 22 00 73 00 49
00 4C 0B 80 00 8E 42 7F  18 00 84 00 5A 00 4D 1C
81 00 84 43 90 19 00 7A  00 50 00 5E 12 92 00 85
54 86 2A 00 7B 00 51 00  54 13 88 00 96 4A 87 20
00 8C 00 62 00 55 24 89  00 8C 4B 98 21 00 82 00
58 00 66 1A 9A 00 8D 5C  8E 32 00 83 00 59 00 5C
1B 90 00 9E 52 8F 28 00  94 00 6A 00 5D 2C 91 00
94 53 A0 29 00 8A 00 60  00 6E 22 A2 00 95 64 96
3A 00 8B 00 61 00 64 23  98 00 A6 5A 97 30 00 9C
00 72 00 65 34 99 00 9C  5B A8 31 00 92 00 68 00
76 2A AA 00 9D 6C 9E 42  00 93 00 69 00 6C 2B A0
src regs sR: { 01 01 07 36 }
dst regs dR: { 03 0C }
IS: 3 IP: 13

[balance] Running test 4/5...

 === machine state === 
mem M:
01 02 04 08 10 20 40 80  00 00 00 00 00 00 00 00
00 00 00 00 00 00 00 00  00 00 00 00 00 00 00 00
00 00 00 00 00 00 00 00  00 00 00 00 00 00 00 00
00 00 00 00 00 00 00 00  00 00 00 00 00 00 00 00
00 00 00 00 00 00 00 00  00 00 00 00 00 00 00 00
00 00 00 00 00 00 00 00  00 00 00 00 00 00 00 00
00 00 00 00 00 00 00 00  00 00 00 00 00 00 00 00
00 00 00 00 00 00 00 00  00 00 00 00 00 00 00 00
00 00 00 00 00 00 00 00  00 00 00 00 00 00 00 00
00 00 00 00 00 00 00 00  00 00 00 00 00 00 00 00
00 00 00 00 00 00 00 00  00 00 00 00 00 00 00 00
00 00 00 00 00 00 00 00  00 00 00 00 00 00 00 00
00 00 00 00 00 00 00 00  00 00 00 00 00 00 00 00
00 00 00 00 00 00 00 00  00 00 00 00 00 00 00 00
00 00 00 00 00 00 00 00  00 00 00 00 00 00 00 00
00 00 00 00 00 00 00 00  00 00 00 00 00 00 00 00
src regs sR: { CA 00 01 02 }
dst regs dR: { 03 04 }
IS: 1 IP: 0
.Your code halted, but didn't solve puzzle copyreg.
Try again to balance the score
 === machine state === 
mem M:
01 0C 04 00 38 20 46 80  7A 00 6D 00 11 12 00 05
00 39 00 3C 00 70 00 7E  00 8C 08 00 16 00 4A 00
3D 00 71 00 74 00 82 09  00 0C 00 40 00 4E 00 82
00 75 00 83 1A 00 0D 00  41 00 44 00 78 00 86 00
94 10 00 1E 00 52 00 45  00 79 00 7C 00 8A 11 00
14 00 48 00 56 00 8A 00  7D 00 8B 22 00 15 00 49
00 4C 00 80 00 8E 00 9C  18 00 26 00 5A 00 4D 00
81 00 84 00 92 19 00 1C  00 50 00 5E 00 92 00 85
00 93 2A 00 1D 00 51 00  54 00 88 00 96 00 A4 20
00 2E 00 62 00 55 00 89  00 8C 00 9A 21 00 24 00
58 00 66 00 9A 00 8D 00  9B 32 00 25 00 59 00 5C
00 90 00 9E 00 AC 28 00  36 00 6A 00 5D 00 91 00
94 00 AC 29 00 2C 00 60  00 6E 00 A2 00 95 00 96
3A 00 2D 00 61 00 64 00  98 00 A6 00 97 30 00 3E
00 72 00 65 00 99 00 9C  00 A8 31 00 34 00 68 00
76 00 AA 00 9D 00 9E 42  00 35 00 69 00 6C 00 A0
src regs sR: { 01 01 07 BE }
dst regs dR: { 03 0C }
IS: 3 IP: 13
% 
[balance] Running test 1/5...

 === machine state === 
mem M:
01 02 04 08 10 20 40 80  00 00 00 00 00 00 00 00
00 00 00 00 00 00 00 00  00 00 00 00 00 00 00 00
00 00 00 00 00 00 00 00  00 00 00 00 00 00 00 00
00 00 00 00 00 00 00 00  00 00 00 00 00 00 00 00
00 00 00 00 00 00 00 00  00 00 00 00 00 00 00 00
00 00 00 00 00 00 00 00  00 00 00 00 00 00 00 00
00 00 00 00 00 00 00 00  00 00 00 00 00 00 00 00
00 00 00 00 00 00 00 00  00 00 00 00 00 00 00 00
00 00 00 00 00 00 00 00  00 00 00 00 00 00 00 00
00 00 00 00 00 00 00 00  00 00 00 00 00 00 00 00
00 00 00 00 00 00 00 00  00 00 00 00 00 00 00 00
00 00 00 00 00 00 00 00  00 00 00 00 00 00 00 00
00 00 00 00 00 00 00 00  00 00 00 00 00 00 00 00
00 00 00 00 00 00 00 00  00 00 00 00 00 00 00 00
00 00 00 00 00 00 00 00  00 00 00 00 00 00 00 00
00 00 00 00 00 00 00 00  00 00 00 00 00 00 00 00
src regs sR: { 28 00 01 02 }
dst regs dR: { 03 04 }
IS: 1 IP: 0
. === machine state === 
mem M:
01 0C 74 00 38 20 9B 80  7A 00 6D 33 EB 12 00 6A
00 39 00 AC 00 70 00 7E  44 6F 08 00 6B 00 4A 00
AC 03 71 00 74 3A 80 09  00 7C 00 40 00 4E 14 82
00 75 3B 76 1A 00 72 00  41 00 44 0A 78 00 86 4C
77 10 00 73 00 52 00 45  0B 79 00 7C 42 88 11 00
84 00 48 00 56 1C 8A 00  7D 43 7E 22 00 7A 00 49
00 4C 12 80 00 8E 54 7F  18 00 7B 00 5A 00 4D 13
81 00 84 4A 90 19 00 8C  00 50 00 5E 24 92 00 85
4B 86 2A 00 82 00 51 00  54 1A 88 00 96 5C 87 20
00 83 00 62 00 55 1B 89  00 8C 52 98 21 00 94 00
58 00 66 2C 9A 00 8D 53  8E 32 00 8A 00 59 00 5C
22 90 00 9E 64 8F 28 00  8B 00 6A 00 5D 23 91 00
94 5A A0 29 00 9C 00 60  00 6E 34 A2 00 95 5B 96
3A 00 92 00 61 00 64 2A  98 00 A6 6C 97 30 00 93
00 72 00 65 2B 99 00 9C  62 A8 31 00 A4 00 68 00
76 3C AA 00 9D 63 9E 42  00 9A 00 69 00 6C 32 A0
src regs sR: { 01 01 07 1C }
dst regs dR: { 03 0C }
IS: 3 IP: 13

[balance] Running test 2/5...

 === machine state === 
mem M:
01 02 04 08 10 20 40 80  00 00 00 00 00 00 00 00
00 00 00 00 00 00 00 00  00 00 00 00 00 00 00 00
00 00 00 00 00 00 00 00  00 00 00 00 00 00 00 00
00 00 00 00 00 00 00 00  00 00 00 00 00 00 00 00
00 00 00 00 00 00 00 00  00 00 00 00 00 00 00 00
00 00 00 00 00 00 00 00  00 00 00 00 00 00 00 00
00 00 00 00 00 00 00 00  00 00 00 00 00 00 00 00
00 00 00 00 00 00 00 00  00 00 00 00 00 00 00 00
00 00 00 00 00 00 00 00  00 00 00 00 00 00 00 00
00 00 00 00 00 00 00 00  00 00 00 00 00 00 00 00
00 00 00 00 00 00 00 00  00 00 00 00 00 00 00 00
00 00 00 00 00 00 00 00  00 00 00 00 00 00 00 00
00 00 00 00 00 00 00 00  00 00 00 00 00 00 00 00
00 00 00 00 00 00 00 00  00 00 00 00 00 00 00 00
00 00 00 00 00 00 00 00  00 00 00 00 00 00 00 00
00 00 00 00 00 00 00 00  00 00 00 00 00 00 00 00
src regs sR: { A7 00 01 02 }
dst regs dR: { 03 04 }
IS: 1 IP: 0
.Your code halted, but didn't solve puzzle copyreg.
Try again to balance the score
 === machine state === 
mem M:
01 02 04 80 38 20 46 80  7A 00 6D 00 6E 12 00 05
00 39 00 3C 00 70 00 7E  00 6F 08 00 16 00 4A 00
3D 00 71 00 74 00 80 09  00 0C 00 40 00 4E 00 82
00 75 00 76 1A 00 0D 00  41 00 44 00 78 00 86 00
77 10 00 1E 00 52 00 45  00 79 00 7C 00 88 11 00
14 00 48 00 56 00 8A 00  7D 00 7E 22 00 15 00 49
00 4C 00 80 00 8E 00 7F  18 00 26 00 5A 00 4D 00
81 00 01 00 90 19 00 1C  00 50 00 5E 00 4F 00 00
00 74 2A 00 1D 00 51 00  54 00 60 00 00 00 6A 20
00 2E 00 62 00 55 00 56  00 00 00 6B 21 00 24 00
58 00 66 00 57 00 00 00  7C 32 00 25 00 59 00 5C
00 68 00 00 00 72 28 00  36 00 6A 00 5D 00 5E 00
00 00 73 29 00 2C 00 60  00 6E 00 5F 00 00 00 84
3A 00 2D 00 61 00 64 00  70 00 00 00 7A 30 00 3E
00 72 00 65 00 66 00 00  00 7B 31 00 34 00 68 00
76 00 67 00 00 00 8C 42  00 35 00 69 00 6C 00 78
src regs sR: { 01 70 07 70 }
dst regs dR: { 03 72 }
IS: 3 IP: 13
% 
[balance] Running test 1/5...

 === machine state === 
mem M:
01 02 04 08 10 20 40 80  00 00 00 00 00 00 00 00
00 00 00 00 00 00 00 00  00 00 00 00 00 00 00 00
00 00 00 00 00 00 00 00  00 00 00 00 00 00 00 00
00 00 00 00 00 00 00 00  00 00 00 00 00 00 00 00
00 00 00 00 00 00 00 00  00 00 00 00 00 00 00 00
00 00 00 00 00 00 00 00  00 00 00 00 00 00 00 00
00 00 00 00 00 00 00 00  00 00 00 00 00 00 00 00
00 00 00 00 00 00 00 00  00 00 00 00 00 00 00 00
00 00 00 00 00 00 00 00  00 00 00 00 00 00 00 00
00 00 00 00 00 00 00 00  00 00 00 00 00 00 00 00
00 00 00 00 00 00 00 00  00 00 00 00 00 00 00 00
00 00 00 00 00 00 00 00  00 00 00 00 00 00 00 00
00 00 00 00 00 00 00 00  00 00 00 00 00 00 00 00
00 00 00 00 00 00 00 00  00 00 00 00 00 00 00 00
00 00 00 00 00 00 00 00  00 00 00 00 00 00 00 00
00 00 00 00 00 00 00 00  00 00 00 00 00 00 00 00
src regs sR: { 71 00 01 02 }
dst regs dR: { 03 04 }
IS: 1 IP: 0
. === machine state === 
mem M:
01 0C 04 00 38 20 46 80  7A 00 6D 00 0E 12 92 05
00 39 00 3C 00 70 00 7E  00 6F 08 03 16 00 4A 00
3D 00 71 00 74 00 80 09  71 0C 00 40 00 4E 00 82
00 75 00 76 1A 86 0D 00  41 00 44 00 78 00 86 00
77 10 F7 1E 00 52 00 45  00 79 00 7C 00 88 11 65
14 00 48 00 56 00 8A 00  7D 00 7E 22 7A 15 00 49
00 4C 00 80 00 8E 00 7F  18 7A 26 00 5A 00 4D 00
81 00 84 00 90 19 00 1C  00 50 00 5E 00 92 00 85
00 86 2A 00 1D 00 51 00  54 00 88 00 96 00 87 20
00 2E 00 62 00 55 00 89  00 8C 00 98 21 00 24 00
58 00 66 00 15 00 FA 00  09 32 00 25 00 59 00 5C
00 86 00 0F 00 77 28 00  36 00 6A 00 5D 00 F4 00
80 00 8C 29 00 2C 00 60  00 6E 00 09 00 EE 00 FD
3A 00 2D 00 61 00 64 00  7A 00 03 00 6B 30 00 3E
00 72 00 65 00 E8 00 74  00 80 31 00 34 00 68 00
76 00 FD 00 E2 00 F1 42  00 35 00 69 00 6C 00 6E
src regs sR: { 01 01 07 65 }
dst regs dR: { 03 0C }
IS: 3 IP: 13

[balance] Running test 2/5...

 === machine state === 
mem M:
01 02 04 08 10 20 40 80  00 00 00 00 00 00 00 00
00 00 00 00 00 00 00 00  00 00 00 00 00 00 00 00
00 00 00 00 00 00 00 00  00 00 00 00 00 00 00 00
00 00 00 00 00 00 00 00  00 00 00 00 00 00 00 00
00 00 00 00 00 00 00 00  00 00 00 00 00 00 00 00
00 00 00 00 00 00 00 00  00 00 00 00 00 00 00 00
00 00 00 00 00 00 00 00  00 00 00 00 00 00 00 00
00 00 00 00 00 00 00 00  00 00 00 00 00 00 00 00
00 00 00 00 00 00 00 00  00 00 00 00 00 00 00 00
00 00 00 00 00 00 00 00  00 00 00 00 00 00 00 00
00 00 00 00 00 00 00 00  00 00 00 00 00 00 00 00
00 00 00 00 00 00 00 00  00 00 00 00 00 00 00 00
00 00 00 00 00 00 00 00  00 00 00 00 00 00 00 00
00 00 00 00 00 00 00 00  00 00 00 00 00 00 00 00
00 00 00 00 00 00 00 00  00 00 00 00 00 00 00 00
00 00 00 00 00 00 00 00  00 00 00 00 00 00 00 00
src regs sR: { 6F 00 01 02 }
dst regs dR: { 03 04 }
IS: 1 IP: 0
.Your code halted, but didn't solve puzzle copyreg.
Try again to balance the score
 === machine state === 
mem M:
01 0C 04 00 38 20 46 80  7A 00 6D 00 00 12 00 05
00 39 00 3C 00 70 00 7E  00 92 08 00 16 00 4A 00
3D 00 71 00 74 00 93 09  00 0C 00 40 00 4E 00 82
00 75 00 A4 1A 00 0D 00  41 00 44 00 78 00 86 00
9A 10 00 1E 00 52 00 45  00 79 00 7C 00 9B 11 00
14 00 48 00 56 00 8A 00  7D 00 AC 22 00 15 00 49
00 4C 00 80 00 8E 00 AC  18 00 26 00 5A 00 4D 00
81 00 84 00 90 19 00 1C  00 50 00 5E 00 92 00 85
00 86 2A 00 1D 00 51 00  54 00 88 00 96 00 87 20
00 2E 00 62 00 55 00 89  00 8C 00 98 21 00 24 00
58 00 66 00 9A 00 8D 00  8E 32 00 25 00 59 00 5C
00 90 00 9E 00 8F 28 00  36 00 6A 00 5D 00 91 00
94 00 A0 29 00 2C 00 60  00 6E 00 A2 00 95 00 96
3A 00 2D 00 61 00 64 00  98 00 A6 00 97 30 00 3E
00 72 00 65 00 99 00 9C  00 A8 31 00 34 00 68 00
76 00 AA 00 9D 00 9E 42  00 35 00 69 00 6C 00 A0
src regs sR: { 01 01 07 63 }
dst regs dR: { 03 0C }
IS: 3 IP: 13
% 
[balance] Running test 1/5...

 === machine state === 
mem M:
01 02 04 08 10 20 40 80  00 00 00 00 00 00 00 00
00 00 00 00 00 00 00 00  00 00 00 00 00 00 00 00
00 00 00 00 00 00 00 00  00 00 00 00 00 00 00 00
00 00 00 00 00 00 00 00  00 00 00 00 00 00 00 00
00 00 00 00 00 00 00 00  00 00 00 00 00 00 00 00
00 00 00 00 00 00 00 00  00 00 00 00 00 00 00 00
00 00 00 00 00 00 00 00  00 00 00 00 00 00 00 00
00 00 00 00 00 00 00 00  00 00 00 00 00 00 00 00
00 00 00 00 00 00 00 00  00 00 00 00 00 00 00 00
00 00 00 00 00 00 00 00  00 00 00 00 00 00 00 00
00 00 00 00 00 00 00 00  00 00 00 00 00 00 00 00
00 00 00 00 00 00 00 00  00 00 00 00 00 00 00 00
00 00 00 00 00 00 00 00  00 00 00 00 00 00 00 00
00 00 00 00 00 00 00 00  00 00 00 00 00 00 00 00
00 00 00 00 00 00 00 00  00 00 00 00 00 00 00 00
00 00 00 00 00 00 00 00  00 00 00 00 00 00 00 00
src regs sR: { 7E 00 01 02 }
dst regs dR: { 03 04 }
IS: 1 IP: 0
. === machine state === 
mem M:
01 FF 04 80 38 20 46 80  7A 00 6D 00 04 12 B5 05
00 39 00 3C 00 70 00 7E  00 6F 08 5B 16 00 4A 00
3D 00 71 00 74 00 80 09  F3 0C 00 40 00 4E 00 82
00 75 00 76 1A 11 0D 00  41 00 44 00 78 00 86 00
77 10 B7 1E 00 52 00 45  00 79 00 7C 00 88 11 4F
14 00 48 00 56 00 8A 00  7D 00 7E 22 6D 15 00 49
00 4C 00 80 00 8E 00 7F  18 13 26 00 5A 00 4D 00
81 00 84 00 90 19 13 1C  00 50 00 5E 00 92 00 85
00 86 2A 00 1D 00 51 00  54 00 88 00 96 00 87 20
00 2E 00 62 00 55 00 1E  00 2E 00 2D 21 00 24 00
58 00 66 00 C4 00 4C 00  C5 32 00 25 00 59 00 5C
00 5C 00 F2 00 E3 28 00  36 00 6A 00 5D 00 7A 00
8A 00 89 29 00 2C 00 60  00 6E 00 20 00 A8 00 21
3A 00 2D 00 61 00 64 00  B8 00 4E 00 3F 30 00 3E
00 72 00 65 00 D6 00 E6  00 E5 31 00 34 00 68 00
76 00 7C 00 04 00 7D 42  00 35 00 69 00 6C 00 14
src regs sR: { 01 01 07 72 }
dst regs dR: { 03 0C }
IS: 3 IP: 13

[balance] Running test 2/5...

 === machine state === 
mem M:
01 02 04 08 10 20 40 80  00 00 00 00 00 00 00 00
00 00 00 00 00 00 00 00  00 00 00 00 00 00 00 00
00 00 00 00 00 00 00 00  00 00 00 00 00 00 00 00
00 00 00 00 00 00 00 00  00 00 00 00 00 00 00 00
00 00 00 00 00 00 00 00  00 00 00 00 00 00 00 00
00 00 00 00 00 00 00 00  00 00 00 00 00 00 00 00
00 00 00 00 00 00 00 00  00 00 00 00 00 00 00 00
00 00 00 00 00 00 00 00  00 00 00 00 00 00 00 00
00 00 00 00 00 00 00 00  00 00 00 00 00 00 00 00
00 00 00 00 00 00 00 00  00 00 00 00 00 00 00 00
00 00 00 00 00 00 00 00  00 00 00 00 00 00 00 00
00 00 00 00 00 00 00 00  00 00 00 00 00 00 00 00
00 00 00 00 00 00 00 00  00 00 00 00 00 00 00 00
00 00 00 00 00 00 00 00  00 00 00 00 00 00 00 00
00 00 00 00 00 00 00 00  00 00 00 00 00 00 00 00
00 00 00 00 00 00 00 00  00 00 00 00 00 00 00 00
src regs sR: { 5F 00 01 02 }
dst regs dR: { 03 04 }
IS: 1 IP: 0
.Your code halted, but didn't solve puzzle copyreg.
Try again to balance the score
 === machine state === 
mem M:
01 DA 04 80 DF 50 EA 80  E4 7C 09 00 58 12 88 05
00 0F 8D 41 00 3B AC 46  00 3A 08 B8 16 00 4C E4
71 00 6B E9 9D 00 77 09  F5 0C 00 A3 14 AE 00 A8
40 CD 00 CE 1A 4C 0D 00  D3 51 05 00 FF 70 0A 00
FE 10 7C 1E 00 10 A8 35  00 2F AD 61 00 3B 11 B9
14 00 67 D8 72 00 6C AD  91 00 92 22 10 15 00 97
15 C9 00 C3 00 CE 00 C2  18 40 26 00 D4 6C F9 00
F3 00 25 00 FF 19 7D 1C  00 2B 9C 36 00 30 00 55
00 56 2A D4 1D 00 5B D9  8D 00 87 00 92 00 86 20
04 2E 00 98 30 BD 00 B7  00 E9 00 C3 21 41 24 00
EF 60 FA 00 F4 00 19 00  1A 32 98 25 00 1F 9D 51
00 4B 00 56 00 4A 57 C8  62 00 5C F4 81 00 7B 00
AD 00 87 87 05 B9 00 B3  24 BE 00 B8 00 DD 00 DE
C4 5C E9 00 E3 61 15 00  0F 00 1A 00 0E 1B 8C 26
00 20 B8 45 00 3F 00 71  00 4B 4B C9 7D 00 77 E8
82 00 7C 00 A1 00 A2 88  20 AD 00 A7 25 D9 00 D3
src regs sR: { 01 01 07 53 }
dst regs dR: { 03 0C }
IS: 3 IP: 13
% 
[balance] Running test 1/5...

 === machine state === 
mem M:
01 02 04 08 10 20 40 80  00 00 00 00 00 00 00 00
00 00 00 00 00 00 00 00  00 00 00 00 00 00 00 00
00 00 00 00 00 00 00 00  00 00 00 00 00 00 00 00
00 00 00 00 00 00 00 00  00 00 00 00 00 00 00 00
00 00 00 00 00 00 00 00  00 00 00 00 00 00 00 00
00 00 00 00 00 00 00 00  00 00 00 00 00 00 00 00
00 00 00 00 00 00 00 00  00 00 00 00 00 00 00 00
00 00 00 00 00 00 00 00  00 00 00 00 00 00 00 00
00 00 00 00 00 00 00 00  00 00 00 00 00 00 00 00
00 00 00 00 00 00 00 00  00 00 00 00 00 00 00 00
00 00 00 00 00 00 00 00  00 00 00 00 00 00 00 00
00 00 00 00 00 00 00 00  00 00 00 00 00 00 00 00
00 00 00 00 00 00 00 00  00 00 00 00 00 00 00 00
00 00 00 00 00 00 00 00  00 00 00 00 00 00 00 00
00 00 00 00 00 00 00 00  00 00 00 00 00 00 00 00
00 00 00 00 00 00 00 00  00 00 00 00 00 00 00 00
src regs sR: { A0 00 01 02 }
dst regs dR: { 03 04 }
IS: 1 IP: 0
.Your code halted, but didn't solve puzzle copyreg.
Try again to balance the score
 === machine state === 
mem M:
01 FF 04 80 70 43 96 80  8C 51 A4 00 FD 12 65 05
00 AE 6B BE 00 B4 87 DA  00 CB 08 9B 16 00 E4 A9
FC 00 F2 AF 02 00 01 09  C3 0C 00 0C DF 32 00 28
ED 40 00 29 1A 01 0D 00  4A 07 5A 00 50 23 76 00
67 10 37 1E 00 80 45 98  00 8E 4B 9E 00 9D 11 5F
14 00 A8 7B CE 00 C4 89  DC 00 C5 22 9D 15 00 E6
A3 F6 00 EC BF 12 00 03  18 D3 26 00 1C E1 34 00
2A E7 3A 00 39 3E FB 4E  00 44 17 6A 00 60 25 78
00 61 74 39 8C 00 82 3F  92 00 88 5B AE 00 9F 9C
6F C2 00 B8 7D D0 00 C6  5B D6 00 D5 DA 97 EA 00
E0 B3 06 00 FC 00 14 00  FD 10 D5 28 00 1E DB 2E
00 24 00 4A 00 3B 38 0B  5E 00 54 19 6C 00 62 00
72 00 71 76 33 86 00 7C  4F A2 00 98 00 B0 00 99
AC 71 C4 00 BA 77 CA 00  C0 00 E6 00 D7 D4 A7 FA
00 F0 B5 08 00 FE 00 0E  00 0D 12 CF 22 00 18 EB
3E 00 34 00 4C 00 35 48  0D 60 00 56 13 66 00 5C
src regs sR: { 01 01 07 94 }
dst regs dR: { 03 0C }
IS: 3 IP: 13
% 
[balance] Running test 1/5...

 === machine state === 
mem M:
01 02 04 08 10 20 40 80  00 00 00 00 00 00 00 00
00 00 00 00 00 00 00 00  00 00 00 00 00 00 00 00
00 00 00 00 00 00 00 00  00 00 00 00 00 00 00 00
00 00 00 00 00 00 00 00  00 00 00 00 00 00 00 00
00 00 00 00 00 00 00 00  00 00 00 00 00 00 00 00
00 00 00 00 00 00 00 00  00 00 00 00 00 00 00 00
00 00 00 00 00 00 00 00  00 00 00 00 00 00 00 00
00 00 00 00 00 00 00 00  00 00 00 00 00 00 00 00
00 00 00 00 00 00 00 00  00 00 00 00 00 00 00 00
00 00 00 00 00 00 00 00  00 00 00 00 00 00 00 00
00 00 00 00 00 00 00 00  00 00 00 00 00 00 00 00
00 00 00 00 00 00 00 00  00 00 00 00 00 00 00 00
00 00 00 00 00 00 00 00  00 00 00 00 00 00 00 00
00 00 00 00 00 00 00 00  00 00 00 00 00 00 00 00
00 00 00 00 00 00 00 00  00 00 00 00 00 00 00 00
00 00 00 00 00 00 00 00  00 00 00 00 00 00 00 00
src regs sR: { 9F 00 01 02 }
dst regs dR: { 03 04 }
IS: 1 IP: 0
.Your code halted, but didn't solve puzzle copyreg.
Try again to balance the score
 === machine state === 
mem M:
1A 0C 04 00 5C 20 46 80  83 00 6D 00 EB 1B 00 05
00 52 00 3C 00 94 00 7E  00 6F 2C 00 16 00 53 00
3D 00 8A 00 74 00 80 22  00 0C 00 64 00 4E 00 8B
00 75 00 76 23 00 0D 00  5A 00 44 00 9C 00 86 00
77 34 00 1E 00 5B 00 45  00 92 00 7C 00 88 2A 00
14 00 6C 00 56 00 93 00  7D 00 7E 2B 00 15 00 62
00 4C 00 A4 00 8E 00 7F  3C 00 26 00 63 00 4D 00
9A 00 84 00 90 32 00 1C  00 74 00 5E 00 9B 00 85
00 86 33 00 1D 00 6A 00  54 00 AC 00 96 00 87 44
00 2E 00 6B 00 55 00 AC  03 8C 00 98 3A 00 24 00
7C 00 66 00 9A 14 8D 00  8E 3B 00 25 00 72 00 5C
00 90 0A 9E 00 8F 4C 00  36 00 73 00 5D 00 91 0B
94 00 A0 42 00 2C 00 84  00 6E 00 A2 1C 95 00 96
43 00 2D 00 7A 00 64 00  98 12 A6 00 97 54 00 3E
00 7B 00 65 00 99 13 9C  00 A8 4A 00 34 00 8C 00
76 00 AA 24 9D 00 9E 4B  00 35 00 82 00 6C 00 A0
src regs sR: { 01 01 07 93 }
dst regs dR: { 03 0C }
IS: 3 IP: 13
% 
[balance] Running test 1/5...

 === machine state === 
mem M:
01 02 04 08 10 20 40 80  00 00 00 00 00 00 00 00
00 00 00 00 00 00 00 00  00 00 00 00 00 00 00 00
00 00 00 00 00 00 00 00  00 00 00 00 00 00 00 00
00 00 00 00 00 00 00 00  00 00 00 00 00 00 00 00
00 00 00 00 00 00 00 00  00 00 00 00 00 00 00 00
00 00 00 00 00 00 00 00  00 00 00 00 00 00 00 00
00 00 00 00 00 00 00 00  00 00 00 00 00 00 00 00
00 00 00 00 00 00 00 00  00 00 00 00 00 00 00 00
00 00 00 00 00 00 00 00  00 00 00 00 00 00 00 00
00 00 00 00 00 00 00 00  00 00 00 00 00 00 00 00
00 00 00 00 00 00 00 00  00 00 00 00 00 00 00 00
00 00 00 00 00 00 00 00  00 00 00 00 00 00 00 00
00 00 00 00 00 00 00 00  00 00 00 00 00 00 00 00
00 00 00 00 00 00 00 00  00 00 00 00 00 00 00 00
00 00 00 00 00 00 00 00  00 00 00 00 00 00 00 00
00 00 00 00 00 00 00 00  00 00 00 00 00 00 00 00
src regs sR: { 75 00 01 02 }
dst regs dR: { 03 04 }
IS: 1 IP: 0
. === machine state === 
mem M:
01 AA 04 80 38 90 46 80  8C 00 E1 00 00 12 18 05
00 39 FD 3C 00 43 00 4E  00 42 08 78 16 00 4A B4
3D 00 A3 00 05 00 AF 09  E5 0C 00 40 14 4E 00 10
00 65 00 66 1A 9C 0D 00  41 81 44 00 C7 00 D2 00
C6 10 FC 1E 00 52 38 45  00 27 00 89 00 33 11 69
14 00 48 98 56 00 94 00  E9 00 EA 22 20 15 00 49
05 4C 00 4B 00 56 00 4A  18 80 26 00 5A 05 4D 00
AB 00 0D 00 B7 19 ED 1C  00 50 00 5E 00 18 00 6D
00 6E 2A A4 1D 00 51 00  54 00 CF 00 DA 00 CE 20
04 2E 00 62 00 55 00 2F  00 91 00 3B 21 71 24 00
B7 00 C2 00 9C 00 F1 00  F2 32 28 25 00 17 00 79
00 53 00 5E 00 52 28 88  36 00 84 00 D9 00 B3 00
15 00 BF 29 F5 2C 00 3B  00 46 00 20 00 75 00 76
3A AC 2D 00 9B 00 FD 00  D7 00 E2 00 D6 30 0C 3E
00 08 00 5D 00 37 00 99  00 43 31 79 34 00 BF 00
CA 00 A4 00 F9 00 FA 42  30 35 00 1F 00 81 00 5B
src regs sR: { 01 01 07 69 }
dst regs dR: { 03 0C }
IS: 3 IP: 13

[balance] Running test 2/5...

 === machine state === 
mem M:
01 02 04 08 10 20 40 80  00 00 00 00 00 00 00 00
00 00 00 00 00 00 00 00  00 00 00 00 00 00 00 00
00 00 00 00 00 00 00 00  00 00 00 00 00 00 00 00
00 00 00 00 00 00 00 00  00 00 00 00 00 00 00 00
00 00 00 00 00 00 00 00  00 00 00 00 00 00 00 00
00 00 00 00 00 00 00 00  00 00 00 00 00 00 00 00
00 00 00 00 00 00 00 00  00 00 00 00 00 00 00 00
00 00 00 00 00 00 00 00  00 00 00 00 00 00 00 00
00 00 00 00 00 00 00 00  00 00 00 00 00 00 00 00
00 00 00 00 00 00 00 00  00 00 00 00 00 00 00 00
00 00 00 00 00 00 00 00  00 00 00 00 00 00 00 00
00 00 00 00 00 00 00 00  00 00 00 00 00 00 00 00
00 00 00 00 00 00 00 00  00 00 00 00 00 00 00 00
00 00 00 00 00 00 00 00  00 00 00 00 00 00 00 00
00 00 00 00 00 00 00 00  00 00 00 00 00 00 00 00
00 00 00 00 00 00 00 00  00 00 00 00 00 00 00 00
src regs sR: { 48 00 01 02 }
dst regs dR: { 03 04 }
IS: 1 IP: 0
. === machine state === 
mem M:
01 0C 04 00 38 20 46 80  7A 00 6D 00 F8 12 00 05
00 39 00 3C 00 70 00 7E  00 9A 08 00 16 00 4A 00
3D 00 71 00 74 00 9B 09  00 0C 00 40 00 4E 00 82
00 75 00 AC 1A 00 0D 00  41 00 44 00 78 00 86 00
AC 10 00 1E 00 52 00 45  00 79 00 7C 00 88 11 00
14 00 48 00 56 00 8A 00  7D 00 7E 22 00 15 00 49
00 4C 00 80 00 8E 00 7F  18 00 26 00 5A 00 4D 00
81 00 84 00 90 19 00 1C  00 50 00 5E 00 92 00 85
00 86 2A 00 1D 00 51 00  54 00 88 00 96 00 87 20
00 2E 00 62 00 55 00 89  00 8C 00 98 21 00 24 00
58 00 66 00 9A 00 8D 00  8E 32 00 25 00 59 00 5C
00 90 00 9E 00 8F 28 00  36 00 6A 00 5D 00 91 00
94 00 A0 29 00 2C 00 60  00 6E 00 A2 00 95 00 96
3A 00 2D 00 61 00 64 00  98 00 A6 00 97 30 00 3E
00 72 00 65 00 99 00 9C  00 A8 31 00 34 00 68 00
76 00 AA 00 9D 00 9E 42  00 35 00 69 00 6C 00 A0
src regs sR: { 01 01 07 3C }
dst regs dR: { 03 0C }
IS: 3 IP: 13

[balance] Running test 3/5...

 === machine state === 
mem M:
01 02 04 08 10 20 40 80  00 00 00 00 00 00 00 00
00 00 00 00 00 00 00 00  00 00 00 00 00 00 00 00
00 00 00 00 00 00 00 00  00 00 00 00 00 00 00 00
00 00 00 00 00 00 00 00  00 00 00 00 00 00 00 00
00 00 00 00 00 00 00 00  00 00 00 00 00 00 00 00
00 00 00 00 00 00 00 00  00 00 00 00 00 00 00 00
00 00 00 00 00 00 00 00  00 00 00 00 00 00 00 00
00 00 00 00 00 00 00 00  00 00 00 00 00 00 00 00
00 00 00 00 00 00 00 00  00 00 00 00 00 00 00 00
00 00 00 00 00 00 00 00  00 00 00 00 00 00 00 00
00 00 00 00 00 00 00 00  00 00 00 00 00 00 00 00
00 00 00 00 00 00 00 00  00 00 00 00 00 00 00 00
00 00 00 00 00 00 00 00  00 00 00 00 00 00 00 00
00 00 00 00 00 00 00 00  00 00 00 00 00 00 00 00
00 00 00 00 00 00 00 00  00 00 00 00 00 00 00 00
00 00 00 00 00 00 00 00  00 00 00 00 00 00 00 00
src regs sR: { 89 00 01 02 }
dst regs dR: { 03 04 }
IS: 1 IP: 0
. === machine state === 
mem M:
01 0C 04 00 38 20 46 80  7A 00 6D 00 12 12 00 05
00 39 00 3C 00 70 00 7E  00 8B 08 00 16 00 4A 00
3D 00 71 00 74 00 9C 09  00 0C 00 40 00 4E 00 82
00 75 00 92 1A 00 0D 00  41 00 44 00 78 00 86 00
93 10 00 1E 00 52 00 45  00 79 00 7C 00 A4 11 00
14 00 48 00 56 00 8A 00  7D 00 9A 22 00 15 00 49
00 4C 00 80 00 8E 00 9B  18 00 26 00 5A 00 4D 00
81 00 84 00 AC 19 00 1C  00 50 00 5E 00 92 00 85
00 AC 2A 00 1D 00 51 00  54 00 88 00 96 00 87 20
00 2E 00 62 00 55 00 89  00 8C 00 98 21 00 24 00
58 00 66 00 9A 00 8D 00  8E 32 00 25 00 59 00 5C
00 90 00 9E 00 8F 28 00  36 00 6A 00 5D 00 91 00
94 00 A0 29 00 2C 00 60  00 6E 00 A2 00 95 00 96
3A 00 2D 00 61 00 64 00  98 00 A6 00 97 30 00 3E
00 72 00 65 00 99 00 9C  00 A8 31 00 34 00 68 00
76 00 AA 00 9D 00 9E 42  00 35 00 69 00 6C 00 A0
src regs sR: { 01 01 07 7D }
dst regs dR: { 03 0C }
IS: 3 IP: 13

[balance] Running test 4/5...

 === machine state === 
mem M:
01 02 04 08 10 20 40 80  00 00 00 00 00 00 00 00
00 00 00 00 00 00 00 00  00 00 00 00 00 00 00 00
00 00 00 00 00 00 00 00  00 00 00 00 00 00 00 00
00 00 00 00 00 00 00 00  00 00 00 00 00 00 00 00
00 00 00 00 00 00 00 00  00 00 00 00 00 00 00 00
00 00 00 00 00 00 00 00  00 00 00 00 00 00 00 00
00 00 00 00 00 00 00 00  00 00 00 00 00 00 00 00
00 00 00 00 00 00 00 00  00 00 00 00 00 00 00 00
00 00 00 00 00 00 00 00  00 00 00 00 00 00 00 00
00 00 00 00 00 00 00 00  00 00 00 00 00 00 00 00
00 00 00 00 00 00 00 00  00 00 00 00 00 00 00 00
00 00 00 00 00 00 00 00  00 00 00 00 00 00 00 00
00 00 00 00 00 00 00 00  00 00 00 00 00 00 00 00
00 00 00 00 00 00 00 00  00 00 00 00 00 00 00 00
00 00 00 00 00 00 00 00  00 00 00 00 00 00 00 00
00 00 00 00 00 00 00 00  00 00 00 00 00 00 00 00
src regs sR: { 32 00 01 02 }
dst regs dR: { 03 04 }
IS: 1 IP: 0
. === machine state === 
mem M:
01 02 04 80 38 20 46 80  7A 00 6D 00 6E 12 00 05
00 39 00 3C 00 70 00 7E  00 6F 08 00 16 00 4A 00
3D 00 71 00 74 00 80 09  00 0C 00 40 00 4E 00 82
00 75 00 76 1A 00 0D 00  41 00 44 00 78 00 86 00
77 10 00 1E 00 52 00 45  00 79 00 7C 00 88 11 00
14 00 48 00 56 00 8A 00  7D 00 7E 22 00 15 00 49
00 4C 00 80 00 8E 00 7F  18 00 26 00 5A 00 4D 00
81 00 84 00 90 19 00 1C  00 50 00 5E 00 92 00 85
00 86 2A 00 1D 00 51 00  54 00 88 00 96 00 87 20
00 2E 00 62 00 55 00 89  00 8C 00 98 21 00 24 00
58 00 66 00 9A 00 8D 00  8E 32 00 25 00 59 00 5C
00 90 00 9E 00 8F 28 00  36 00 6A 00 5D 00 91 00
94 00 A0 29 00 2C 00 60  00 6E 00 A2 00 95 00 96
3A 00 2D 00 61 00 64 00  98 00 A6 00 97 30 00 3E
00 72 00 65 00 99 00 19  00 A8 31 00 34 00 68 00
76 00 67 00 00 00 A4 42  00 35 00 69 00 6C 00 78
src regs sR: { 01 E5 07 E5 }
dst regs dR: { 03 E7 }
IS: 3 IP: 13

[balance] Running test 5/5...

 === machine state === 
mem M:
01 02 04 08 10 20 40 80  00 00 00 00 00 00 00 00
00 00 00 00 00 00 00 00  00 00 00 00 00 00 00 00
00 00 00 00 00 00 00 00  00 00 00 00 00 00 00 00
00 00 00 00 00 00 00 00  00 00 00 00 00 00 00 00
00 00 00 00 00 00 00 00  00 00 00 00 00 00 00 00
00 00 00 00 00 00 00 00  00 00 00 00 00 00 00 00
00 00 00 00 00 00 00 00  00 00 00 00 00 00 00 00
00 00 00 00 00 00 00 00  00 00 00 00 00 00 00 00
00 00 00 00 00 00 00 00  00 00 00 00 00 00 00 00
00 00 00 00 00 00 00 00  00 00 00 00 00 00 00 00
00 00 00 00 00 00 00 00  00 00 00 00 00 00 00 00
00 00 00 00 00 00 00 00  00 00 00 00 00 00 00 00
00 00 00 00 00 00 00 00  00 00 00 00 00 00 00 00
00 00 00 00 00 00 00 00  00 00 00 00 00 00 00 00
00 00 00 00 00 00 00 00  00 00 00 00 00 00 00 00
00 00 00 00 00 00 00 00  00 00 00 00 00 00 00 00
src regs sR: { 49 00 01 02 }
dst regs dR: { 03 04 }
IS: 1 IP: 0
. === machine state === 
mem M:
93 0C 04 00 38 2B 46 80  7A 62 6D 00 EB A4 00 05    ....8+F. zbm..... 
00 39 3C 3C 00 70 63 7E  00 6F 9A 00 16 00 4A 32    .9<<.pc~ .o...J2 
3D 00 71 74 74 00 80 9B  00 0C 00 40 33 4E 00 82    =.qtt... ...@3N.. 
6A 75 00 76 AC 00 0D 00  41 44 44 00 78 6B 86 00    ju.v.... ADD.xk.. 
77 AC 03 1E 00 52 3A 45  00 79 7C 7C 00 88 11 14    w...R:E .y||... 
14 00 48 3B 56 00 8A 72  7D 00 7E 22 0A 15 00 49    .H;V..r }.~"..I 
4C 4C 00 80 73 8E 00 7F  18 0B 26 00 5A 42 4D 00    LL..s.. .&.ZBM. 
81 84 84 00 90 19 1C 1C  00 50 43 5E 00 92 7A 85    ..... .PC^..z. 
00 86 2A 12 1D 00 51 54  54 00 88 7B 96 00 87 20    ..*..QT T..{...  
13 2E 00 62 4A 55 00 89  8C 8C 00 98 21 24 24 00    ...bJU.. ....!$$. 
58 4B 66 00 9A 82 8D 00  8E 32 1A 25 00 59 5C 5C    XKf..... .2%.Y\\ 
00 90 83 9E 00 8F 28 1B  36 00 6A 52 5D 00 91 94    ......( 6.jR]... 
94 00 A0 29 2C 2C 00 60  53 6E 00 A2 8A 95 00 96    ...),,.` Sn...... 
3A 22 2D 00 61 64 64 00  98 8B A6 00 97 30 23 3E    :"-.add. .....0#> 
00 72 5A 65 00 99 9C 9C  00 A8 31 34 34 00 68 5B    .rZe.... ..144.h[ 
76 00 AA 92 9D 00 9E 42  2A 35 00 69 6C 6C 00 A0    v......B *5.ill.. 
src regs sR: { 01 01 07 3D }
dst regs dR: { 03 0C }
IS: 3 IP: 13
Your code solved puzzle copyreg!
BLNCE.CRE=172@999999|f3cfc78f0f7434ec53324fb4581aea4
% 
[balance] Running test 1/5...

 === machine state === 
mem M:
01 02 04 08 10 20 40 80  00 00 00 00 00 00 00 00
00 00 00 00 00 00 00 00  00 00 00 00 00 00 00 00
00 00 00 00 00 00 00 00  00 00 00 00 00 00 00 00
00 00 00 00 00 00 00 00  00 00 00 00 00 00 00 00
00 00 00 00 00 00 00 00  00 00 00 00 00 00 00 00
00 00 00 00 00 00 00 00  00 00 00 00 00 00 00 00
00 00 00 00 00 00 00 00  00 00 00 00 00 00 00 00
00 00 00 00 00 00 00 00  00 00 00 00 00 00 00 00
00 00 00 00 00 00 00 00  00 00 00 00 00 00 00 00
00 00 00 00 00 00 00 00  00 00 00 00 00 00 00 00
00 00 00 00 00 00 00 00  00 00 00 00 00 00 00 00
00 00 00 00 00 00 00 00  00 00 00 00 00 00 00 00
00 00 00 00 00 00 00 00  00 00 00 00 00 00 00 00
00 00 00 00 00 00 00 00  00 00 00 00 00 00 00 00
00 00 00 00 00 00 00 00  00 00 00 00 00 00 00 00
00 00 00 00 00 00 00 00  00 00 00 00 00 00 00 00
src regs sR: { 74 00 01 02 }
dst regs dR: { 03 04 }
IS: 1 IP: 0
. === machine state === 
mem M:
64 0C 04 00 8B 20 46 80  7A 23 6D 00 EB 5A 00 05
00 9C 00 3C 00 70 34 7E  00 6F 5B 00 16 00 92 00
3D 00 71 2A 74 00 80 6C  00 0C 00 93 00 4E 00 82
2B 75 00 76 62 00 0D 00  A4 00 44 00 78 3C 86 00
77 63 00 1E 00 9A 00 45  00 79 32 7C 00 88 74 00
14 00 9B 00 56 00 8A 33  7D 00 7E 6A 00 15 00 AC
00 4C 00 80 44 8E 00 7F  6B 00 26 00 AC 03 4D 00
81 3A 84 00 90 7C 00 1C  00 50 14 5E 00 92 3B 85
00 86 72 00 1D 00 51 0A  54 00 88 4C 96 00 87 73
00 2E 00 62 0B 55 00 89  42 8C 00 98 84 00 24 00
58 1C 66 00 9A 43 8D 00  8E 7A 00 25 00 59 12 5C
00 90 54 9E 00 8F 7B 00  36 00 6A 13 5D 00 91 4A
94 00 A0 8C 00 2C 00 60  24 6E 00 A2 4B 95 00 96
82 00 2D 00 61 1A 64 00  98 5C A6 00 97 83 00 3E
00 72 1B 65 00 99 52 9C  00 A8 94 00 34 00 68 2C
76 00 AA 53 9D 00 9E 8A  00 35 00 69 22 6C 00 A0
src regs sR: { 01 01 07 68 }
dst regs dR: { 03 0C }
IS: 3 IP: 13

[balance] Running test 2/5...

 === machine state === 
mem M:
01 02 04 08 10 20 40 80  00 00 00 00 00 00 00 00
00 00 00 00 00 00 00 00  00 00 00 00 00 00 00 00
00 00 00 00 00 00 00 00  00 00 00 00 00 00 00 00
00 00 00 00 00 00 00 00  00 00 00 00 00 00 00 00
00 00 00 00 00 00 00 00  00 00 00 00 00 00 00 00
00 00 00 00 00 00 00 00  00 00 00 00 00 00 00 00
00 00 00 00 00 00 00 00  00 00 00 00 00 00 00 00
00 00 00 00 00 00 00 00  00 00 00 00 00 00 00 00
00 00 00 00 00 00 00 00  00 00 00 00 00 00 00 00
00 00 00 00 00 00 00 00  00 00 00 00 00 00 00 00
00 00 00 00 00 00 00 00  00 00 00 00 00 00 00 00
00 00 00 00 00 00 00 00  00 00 00 00 00 00 00 00
00 00 00 00 00 00 00 00  00 00 00 00 00 00 00 00
00 00 00 00 00 00 00 00  00 00 00 00 00 00 00 00
00 00 00 00 00 00 00 00  00 00 00 00 00 00 00 00
00 00 00 00 00 00 00 00  00 00 00 00 00 00 00 00
src regs sR: { 5C 00 01 02 }
dst regs dR: { 03 04 }
IS: 1 IP: 0
. === machine state === 
mem M:
01 0C 5B 00 38 20 92 80  7A 00 6D 2A EB 12 00 6C
00 39 00 93 00 70 00 7E  2B 6F 08 00 62 00 4A 00
A4 00 71 00 74 3C 80 09  00 63 00 40 00 9A 00 82
00 75 32 76 1A 00 74 00  41 00 9B 00 78 00 86 33
77 10 00 6A 00 52 00 AC  00 79 00 7C 44 88 11 00
6B 00 48 00 AC 03 8A 00  7D 3A 7E 22 00 7C 00 49
00 4C 14 80 00 8E 3B 7F  18 00 72 00 5A 00 4D 0A
81 00 84 4C 90 19 00 73  00 50 00 5E 0B 92 00 85
42 86 2A 00 84 00 51 00  54 1C 88 00 96 43 87 20
00 7A 00 62 00 55 12 89  00 8C 54 98 21 00 7B 00
58 00 66 13 9A 00 8D 4A  8E 32 00 8C 00 59 00 5C
24 90 00 9E 4B 8F 28 00  82 00 6A 00 5D 1A 91 00
94 5C A0 29 00 83 00 60  00 6E 1B A2 00 95 52 96
3A 00 94 00 61 00 64 2C  98 00 A6 53 97 30 00 8A
00 72 00 65 22 99 00 9C  64 A8 31 00 8B 00 68 00
76 23 AA 00 9D 5A 9E 42  00 9C 00 69 00 6C 34 A0
src regs sR: { 01 01 07 50 }
dst regs dR: { 03 0C }
IS: 3 IP: 13

[balance] Running test 3/5...

 === machine state === 
mem M:
01 02 04 08 10 20 40 80  00 00 00 00 00 00 00 00
00 00 00 00 00 00 00 00  00 00 00 00 00 00 00 00
00 00 00 00 00 00 00 00  00 00 00 00 00 00 00 00
00 00 00 00 00 00 00 00  00 00 00 00 00 00 00 00
00 00 00 00 00 00 00 00  00 00 00 00 00 00 00 00
00 00 00 00 00 00 00 00  00 00 00 00 00 00 00 00
00 00 00 00 00 00 00 00  00 00 00 00 00 00 00 00
00 00 00 00 00 00 00 00  00 00 00 00 00 00 00 00
00 00 00 00 00 00 00 00  00 00 00 00 00 00 00 00
00 00 00 00 00 00 00 00  00 00 00 00 00 00 00 00
00 00 00 00 00 00 00 00  00 00 00 00 00 00 00 00
00 00 00 00 00 00 00 00  00 00 00 00 00 00 00 00
00 00 00 00 00 00 00 00  00 00 00 00 00 00 00 00
00 00 00 00 00 00 00 00  00 00 00 00 00 00 00 00
00 00 00 00 00 00 00 00  00 00 00 00 00 00 00 00
00 00 00 00 00 00 00 00  00 00 00 00 00 00 00 00
src regs sR: { C0 00 01 02 }
dst regs dR: { 03 04 }
IS: 1 IP: 0
.Your code halted, but didn't solve puzzle copyreg.
Try again to balance the score
 === machine state === 
mem M:
01 0C 7B 00 38 20 46 13  7A 00 6D 4A 78 12 00 8C
00 39 00 3C 24 70 00 7E  4B 6F 08 00 82 00 4A 00
3D 1A 71 00 74 5C 80 09  00 83 00 40 00 4E 1B 82
00 75 52 76 1A 00 94 00  41 00 44 2C 78 00 86 53
77 10 00 8A 00 52 00 45  22 79 00 7C 64 88 11 00
8B 00 48 00 56 23 8A 00  7D 5A 7E 22 00 9C 00 49
00 4C 34 80 00 8E 5B 7F  18 00 92 00 5A 00 4D 2A
81 00 84 6C 90 19 00 93  00 50 00 5E 2B 92 00 85
62 86 2A 00 A4 00 51 00  54 3C 88 00 96 63 87 20
00 9A 00 62 00 55 32 89  00 8C 74 98 21 00 9B 00
58 00 66 33 9A 00 8D 6A  8E 32 00 AC 00 59 00 5C
44 90 00 9E 6B 8F 28 00  AC 03 6A 00 5D 3A 91 00
94 7C A0 29 00 2C 14 60  00 6E 3B A2 00 95 72 96
3A 00 2D 0A 61 00 64 4C  98 00 A6 73 97 30 00 3E
0B 72 00 65 42 99 00 9C  84 A8 31 00 34 1C 68 00
76 43 AA 00 9D 7A 9E 42  00 35 12 69 00 6C 54 A0
src regs sR: { 01 01 07 B4 }
dst regs dR: { 03 0C }
IS: 3 IP: 13
% 
[balance] Running test 1/5...

 === machine state === 
mem M:
01 02 04 08 10 20 40 80  00 00 00 00 00 00 00 00
00 00 00 00 00 00 00 00  00 00 00 00 00 00 00 00
00 00 00 00 00 00 00 00  00 00 00 00 00 00 00 00
00 00 00 00 00 00 00 00  00 00 00 00 00 00 00 00
00 00 00 00 00 00 00 00  00 00 00 00 00 00 00 00
00 00 00 00 00 00 00 00  00 00 00 00 00 00 00 00
00 00 00 00 00 00 00 00  00 00 00 00 00 00 00 00
00 00 00 00 00 00 00 00  00 00 00 00 00 00 00 00
00 00 00 00 00 00 00 00  00 00 00 00 00 00 00 00
00 00 00 00 00 00 00 00  00 00 00 00 00 00 00 00
00 00 00 00 00 00 00 00  00 00 00 00 00 00 00 00
00 00 00 00 00 00 00 00  00 00 00 00 00 00 00 00
00 00 00 00 00 00 00 00  00 00 00 00 00 00 00 00
00 00 00 00 00 00 00 00  00 00 00 00 00 00 00 00
00 00 00 00 00 00 00 00  00 00 00 00 00 00 00 00
00 00 00 00 00 00 00 00  00 00 00 00 00 00 00 00
src regs sR: { 67 00 01 02 }
dst regs dR: { 03 04 }
IS: 1 IP: 0
.Your code halted, but didn't solve puzzle copyreg.
Try again to balance the score
 === machine state === 
mem M:
5A 0C 04 00 9C 20 46 80  7A 34 6D 00 EB 5B 00 05
00 92 00 3C 00 70 2A 7E  00 6F 6C 00 16 00 93 00
3D 00 71 2B 74 00 80 62  00 0C 00 A4 00 4E 00 82
3C 75 00 76 63 00 0D 00  9A 00 44 00 78 32 86 00
77 74 00 1E 00 9B 00 45  00 79 33 7C 00 88 6A 00
14 00 AC 00 56 00 8A 44  7D 00 7E 6B 00 15 00 AC
03 4C 00 80 3A 8E 00 7F  7C 00 26 00 5A 14 4D 00
81 3B 84 00 90 72 00 1C  00 50 0A 5E 00 92 4C 85
00 86 73 00 1D 00 51 0B  54 00 88 42 96 00 87 84
00 2E 00 62 1C 55 00 89  43 8C 00 98 7A 00 24 00
58 12 66 00 9A 54 8D 00  8E 7B 00 25 00 59 13 5C
00 90 4A 9E 00 8F 8C 00  36 00 6A 24 5D 00 91 4B
94 00 A0 82 00 2C 00 60  1A 6E 00 A2 5C 95 00 96
83 00 2D 00 61 1B 64 00  98 52 A6 00 97 94 00 3E
00 72 2C 65 00 99 53 9C  00 A8 8A 00 34 00 68 22
76 00 AA 64 9D 00 9E 8B  00 35 00 69 23 6C 00 A0
src regs sR: { 01 01 07 5B }
dst regs dR: { 03 0C }
IS: 3 IP: 13
% 
[balance] Running test 1/5...

 === machine state === 
mem M:
01 02 04 08 10 20 40 80  00 00 00 00 00 00 00 00
00 00 00 00 00 00 00 00  00 00 00 00 00 00 00 00
00 00 00 00 00 00 00 00  00 00 00 00 00 00 00 00
00 00 00 00 00 00 00 00  00 00 00 00 00 00 00 00
00 00 00 00 00 00 00 00  00 00 00 00 00 00 00 00
00 00 00 00 00 00 00 00  00 00 00 00 00 00 00 00
00 00 00 00 00 00 00 00  00 00 00 00 00 00 00 00
00 00 00 00 00 00 00 00  00 00 00 00 00 00 00 00
00 00 00 00 00 00 00 00  00 00 00 00 00 00 00 00
00 00 00 00 00 00 00 00  00 00 00 00 00 00 00 00
00 00 00 00 00 00 00 00  00 00 00 00 00 00 00 00
00 00 00 00 00 00 00 00  00 00 00 00 00 00 00 00
00 00 00 00 00 00 00 00  00 00 00 00 00 00 00 00
00 00 00 00 00 00 00 00  00 00 00 00 00 00 00 00
00 00 00 00 00 00 00 00  00 00 00 00 00 00 00 00
00 00 00 00 00 00 00 00  00 00 00 00 00 00 00 00
src regs sR: { A8 00 01 02 }
dst regs dR: { 03 04 }
IS: 1 IP: 0
. === machine state === 
mem M:
4B 0C 04 00 82 20 46 80  7A 1A 6D 00 EB 5C 00 05
00 83 00 3C 00 70 1B 7E  00 6F 52 00 16 00 94 00
3D 00 71 2C 74 00 80 53  00 0C 00 8A 00 4E 00 82
22 75 00 76 64 00 0D 00  8B 00 44 00 78 23 86 00
77 5A 00 1E 00 9C 00 45  00 79 34 7C 00 88 5B 00
14 00 92 00 56 00 8A 2A  7D 00 7E 6C 00 15 00 93
00 4C 00 80 2B 8E 00 7F  62 00 26 00 A4 00 4D 00
81 3C 84 00 90 63 00 1C  00 9A 00 5E 00 92 32 85
00 86 74 00 1D 00 9B 00  54 00 88 33 96 00 87 6A
00 2E 00 AC 00 55 00 89  44 8C 00 98 6B 00 24 00
AC 03 66 00 9A 3A 8D 00  8E 7C 00 25 00 59 14 5C
00 90 3B 9E 00 8F 72 00  36 00 6A 0A 5D 00 91 4C
94 00 A0 73 00 2C 00 60  0B 6E 00 A2 42 95 00 96
84 00 2D 00 61 1C 64 00  98 43 A6 00 97 7A 00 3E
00 72 12 65 00 99 54 9C  00 A8 7B 00 34 00 68 13
76 00 AA 4A 9D 00 9E 8C  00 35 00 69 24 6C 00 A0
src regs sR: { 01 01 07 9C }
dst regs dR: { 03 0C }
IS: 3 IP: 13

[balance] Running test 2/5...

 === machine state === 
mem M:
01 02 04 08 10 20 40 80  00 00 00 00 00 00 00 00
00 00 00 00 00 00 00 00  00 00 00 00 00 00 00 00
00 00 00 00 00 00 00 00  00 00 00 00 00 00 00 00
00 00 00 00 00 00 00 00  00 00 00 00 00 00 00 00
00 00 00 00 00 00 00 00  00 00 00 00 00 00 00 00
00 00 00 00 00 00 00 00  00 00 00 00 00 00 00 00
00 00 00 00 00 00 00 00  00 00 00 00 00 00 00 00
00 00 00 00 00 00 00 00  00 00 00 00 00 00 00 00
00 00 00 00 00 00 00 00  00 00 00 00 00 00 00 00
00 00 00 00 00 00 00 00  00 00 00 00 00 00 00 00
00 00 00 00 00 00 00 00  00 00 00 00 00 00 00 00
00 00 00 00 00 00 00 00  00 00 00 00 00 00 00 00
00 00 00 00 00 00 00 00  00 00 00 00 00 00 00 00
00 00 00 00 00 00 00 00  00 00 00 00 00 00 00 00
00 00 00 00 00 00 00 00  00 00 00 00 00 00 00 00
00 00 00 00 00 00 00 00  00 00 00 00 00 00 00 00
src regs sR: { 6B 00 01 02 }
dst regs dR: { 03 04 }
IS: 1 IP: 0
. === machine state === 
mem M:
23 0C 04 00 5A 20 46 80  9C 00 6D 00 EB 34 00 05
00 5B 00 3C 00 92 00 7E  00 6F 2A 00 16 00 6C 00
3D 00 93 00 74 00 80 2B  00 0C 00 62 00 4E 00 A4
00 75 00 76 3C 00 0D 00  63 00 44 00 9A 00 86 00
77 32 00 1E 00 74 00 45  00 9B 00 7C 00 88 33 00
14 00 6A 00 56 00 AC 00  7D 00 7E 44 00 15 00 6B
00 4C 00 AC 03 8E 00 7F  3A 00 26 00 7C 00 4D 00
81 14 84 00 90 3B 00 1C  00 72 00 5E 00 92 0A 85
00 86 4C 00 1D 00 73 00  54 00 88 0B 96 00 87 42
00 2E 00 84 00 55 00 89  1C 8C 00 98 43 00 24 00
7A 00 66 00 9A 12 8D 00  8E 54 00 25 00 7B 00 5C
00 90 13 9E 00 8F 4A 00  36 00 8C 00 5D 00 91 24
94 00 A0 4B 00 2C 00 82  00 6E 00 A2 1A 95 00 96
5C 00 2D 00 83 00 64 00  98 1B A6 00 97 52 00 3E
00 94 00 65 00 99 2C 9C  00 A8 53 00 34 00 8A 00
76 00 AA 22 9D 00 9E 64  00 35 00 8B 00 6C 00 A0
src regs sR: { 01 01 07 5F }
dst regs dR: { 03 0C }
IS: 3 IP: 13

[balance] Running test 3/5...

 === machine state === 
mem M:
01 02 04 08 10 20 40 80  00 00 00 00 00 00 00 00
00 00 00 00 00 00 00 00  00 00 00 00 00 00 00 00
00 00 00 00 00 00 00 00  00 00 00 00 00 00 00 00
00 00 00 00 00 00 00 00  00 00 00 00 00 00 00 00
00 00 00 00 00 00 00 00  00 00 00 00 00 00 00 00
00 00 00 00 00 00 00 00  00 00 00 00 00 00 00 00
00 00 00 00 00 00 00 00  00 00 00 00 00 00 00 00
00 00 00 00 00 00 00 00  00 00 00 00 00 00 00 00
00 00 00 00 00 00 00 00  00 00 00 00 00 00 00 00
00 00 00 00 00 00 00 00  00 00 00 00 00 00 00 00
00 00 00 00 00 00 00 00  00 00 00 00 00 00 00 00
00 00 00 00 00 00 00 00  00 00 00 00 00 00 00 00
00 00 00 00 00 00 00 00  00 00 00 00 00 00 00 00
00 00 00 00 00 00 00 00  00 00 00 00 00 00 00 00
00 00 00 00 00 00 00 00  00 00 00 00 00 00 00 00
00 00 00 00 00 00 00 00  00 00 00 00 00 00 00 00
src regs sR: { 22 00 01 02 }
dst regs dR: { 03 04 }
IS: 1 IP: 0
. === machine state === 
mem M:
9B 0C 04 00 38 33 46 80  7A 6A 6D 00 EB AC 00 05
00 39 44 3C 00 70 6B 7E  00 6F AC 03 16 00 4A 3A
3D 00 71 7C 74 00 80 09  14 0C 00 40 3B 4E 00 82
72 75 00 76 1A 0A 0D 00  41 4C 44 00 78 73 86 00
77 10 0B 1E 00 52 42 45  00 79 84 7C 00 88 11 1C
14 00 48 43 56 00 8A 7A  7D 00 7E 22 12 15 00 49
54 4C 00 80 7B 8E 00 7F  18 13 26 00 5A 4A 4D 00
81 8C 84 00 90 19 24 1C  00 50 4B 5E 00 92 82 85
00 86 2A 1A 1D 00 51 5C  54 00 88 83 96 00 87 20
1B 2E 00 62 52 55 00 89  94 8C 00 98 21 2C 24 00
58 53 66 00 9A 8A 8D 00  8E 32 22 25 00 59 64 5C
00 90 8B 9E 00 8F 28 23  36 00 6A 5A 5D 00 91 9C
94 00 A0 29 34 2C 00 60  5B 6E 00 A2 92 95 00 96
3A 2A 2D 00 61 6C 64 00  98 93 A6 00 97 30 2B 3E
00 72 62 65 00 99 A4 9C  00 A8 31 3C 34 00 68 63
76 00 AA 9A 9D 00 9E 42  32 35 00 69 74 6C 00 A0
src regs sR: { 01 01 07 16 }
dst regs dR: { 03 0C }
IS: 3 IP: 13

[balance] Running test 4/5...

 === machine state === 
mem M:
01 02 04 08 10 20 40 80  00 00 00 00 00 00 00 00
00 00 00 00 00 00 00 00  00 00 00 00 00 00 00 00
00 00 00 00 00 00 00 00  00 00 00 00 00 00 00 00
00 00 00 00 00 00 00 00  00 00 00 00 00 00 00 00
00 00 00 00 00 00 00 00  00 00 00 00 00 00 00 00
00 00 00 00 00 00 00 00  00 00 00 00 00 00 00 00
00 00 00 00 00 00 00 00  00 00 00 00 00 00 00 00
00 00 00 00 00 00 00 00  00 00 00 00 00 00 00 00
00 00 00 00 00 00 00 00  00 00 00 00 00 00 00 00
00 00 00 00 00 00 00 00  00 00 00 00 00 00 00 00
00 00 00 00 00 00 00 00  00 00 00 00 00 00 00 00
00 00 00 00 00 00 00 00  00 00 00 00 00 00 00 00
00 00 00 00 00 00 00 00  00 00 00 00 00 00 00 00
00 00 00 00 00 00 00 00  00 00 00 00 00 00 00 00
00 00 00 00 00 00 00 00  00 00 00 00 00 00 00 00
00 00 00 00 00 00 00 00  00 00 00 00 00 00 00 00
src regs sR: { 4C 00 01 02 }
dst regs dR: { 03 04 }
IS: 1 IP: 0
. === machine state === 
mem M:
01 02 04 80 38 20 46 80  7A 00 6D 00 6E 12 00 05
00 39 00 3C 00 70 00 7E  00 6F 08 00 16 00 4A 00
3D 00 71 00 74 00 80 09  00 0C 00 40 00 4E 00 82
00 75 00 76 1A 00 0D 00  41 00 44 00 78 00 86 00
77 10 00 1E 00 52 00 45  00 79 00 7C 00 88 11 00
14 00 48 00 56 00 8A 00  7D 00 7E 22 00 15 00 49
00 4C 00 80 00 8E 00 7F  18 00 26 00 5A 00 4D 00
81 00 84 00 90 19 00 1C  00 50 00 5E 00 92 00 85
00 86 2A 00 1D 00 51 00  54 00 88 00 96 00 87 20
00 2E 00 62 00 55 00 89  00 8C 00 98 21 00 24 00
58 00 66 00 9A 00 8D 00  8E 32 00 25 00 59 00 5C
00 90 00 9E 00 8F 28 00  36 00 6A 00 5D 00 91 00
94 00 A0 29 00 2C 00 60  00 6E 00 A2 00 22 00 96
3A 00 2D 00 61 00 64 00  70 00 00 00 8B 30 00 3E
00 72 00 65 00 66 00 00  00 9C 31 00 34 00 68 00
76 00 67 00 00 00 92 42  00 35 00 69 00 6C 00 78
src regs sR: { 01 CB 07 CB }
dst regs dR: { 03 CD }
IS: 3 IP: 13

[balance] Running test 5/5...

 === machine state === 
mem M:
01 02 04 08 10 20 40 80  00 00 00 00 00 00 00 00
00 00 00 00 00 00 00 00  00 00 00 00 00 00 00 00
00 00 00 00 00 00 00 00  00 00 00 00 00 00 00 00
00 00 00 00 00 00 00 00  00 00 00 00 00 00 00 00
00 00 00 00 00 00 00 00  00 00 00 00 00 00 00 00
00 00 00 00 00 00 00 00  00 00 00 00 00 00 00 00
00 00 00 00 00 00 00 00  00 00 00 00 00 00 00 00
00 00 00 00 00 00 00 00  00 00 00 00 00 00 00 00
00 00 00 00 00 00 00 00  00 00 00 00 00 00 00 00
00 00 00 00 00 00 00 00  00 00 00 00 00 00 00 00
00 00 00 00 00 00 00 00  00 00 00 00 00 00 00 00
00 00 00 00 00 00 00 00  00 00 00 00 00 00 00 00
00 00 00 00 00 00 00 00  00 00 00 00 00 00 00 00
00 00 00 00 00 00 00 00  00 00 00 00 00 00 00 00
00 00 00 00 00 00 00 00  00 00 00 00 00 00 00 00
00 00 00 00 00 00 00 00  00 00 00 00 00 00 00 00
src regs sR: { FA 00 01 02 }
dst regs dR: { 03 04 }
IS: 1 IP: 0
.Your code halted, but didn't solve puzzle copyreg.
Try again to balance the score
 === machine state === 
mem M:
14 0C 04 00 3B 20 46 80  72 00 6D 00 EB 0A 00 05
00 4C 00 3C 00 73 00 7E  00 6F 0B 00 16 00 42 00
3D 00 84 00 74 00 80 1C  00 0C 00 43 00 4E 00 7A
00 75 00 76 12 00 0D 00  54 00 44 00 7B 00 86 00
77 13 00 1E 00 4A 00 45  00 8C 00 7C 00 88 24 00
14 00 4B 00 56 00 82 00  7D 00 7E 1A 00 15 00 5C
00 4C 00 83 00 8E 00 7F  1B 00 26 00 52 00 4D 00
94 00 84 00 90 2C 00 1C  00 53 00 5E 00 8A 00 85
00 86 22 00 1D 00 64 00  54 00 8B 00 96 00 87 23
00 2E 00 5A 00 55 00 9C  00 8C 00 98 34 00 24 00
5B 00 66 00 92 00 8D 00  8E 2A 00 25 00 6C 00 5C
00 93 00 9E 00 8F 2B 00  36 00 62 00 5D 00 A4 00
94 00 A0 3C 00 2C 00 63  00 6E 00 9A 00 95 00 96
32 00 2D 00 74 00 64 00  9B 00 A6 00 97 33 00 3E
00 6A 00 65 00 AC 00 9C  00 A8 44 00 34 00 6B 00
76 00 AC 03 9D 00 9E 3A  00 35 00 7C 00 6C 00 A0
src regs sR: { 01 01 07 EE }
dst regs dR: { 03 0C }
IS: 3 IP: 13
% 
[balance] Running test 1/5...

 === machine state === 
mem M:
01 02 04 08 10 20 40 80  00 00 00 00 00 00 00 00
00 00 00 00 00 00 00 00  00 00 00 00 00 00 00 00
00 00 00 00 00 00 00 00  00 00 00 00 00 00 00 00
00 00 00 00 00 00 00 00  00 00 00 00 00 00 00 00
00 00 00 00 00 00 00 00  00 00 00 00 00 00 00 00
00 00 00 00 00 00 00 00  00 00 00 00 00 00 00 00
00 00 00 00 00 00 00 00  00 00 00 00 00 00 00 00
00 00 00 00 00 00 00 00  00 00 00 00 00 00 00 00
00 00 00 00 00 00 00 00  00 00 00 00 00 00 00 00
00 00 00 00 00 00 00 00  00 00 00 00 00 00 00 00
00 00 00 00 00 00 00 00  00 00 00 00 00 00 00 00
00 00 00 00 00 00 00 00  00 00 00 00 00 00 00 00
00 00 00 00 00 00 00 00  00 00 00 00 00 00 00 00
00 00 00 00 00 00 00 00  00 00 00 00 00 00 00 00
00 00 00 00 00 00 00 00  00 00 00 00 00 00 00 00
00 00 00 00 00 00 00 00  00 00 00 00 00 00 00 00
src regs sR: { 7E 00 01 02 }
dst regs dR: { 03 04 }
IS: 1 IP: 0
. === machine state === 
mem M:
01 FF 04 80 38 20 46 80  7A 00 6D 00 04 12 B5 05
00 39 00 3C 00 70 00 7E  00 6F 08 5B 16 00 4A 00
3D 00 71 00 74 00 80 09  F3 0C 00 40 00 4E 00 82
00 75 00 76 1A 11 0D 00  41 00 44 00 78 00 86 00
77 10 B7 1E 00 52 00 45  00 79 00 7C 00 88 11 4F
14 00 48 00 56 00 8A 00  7D 00 7E 22 6D 15 00 49
00 4C 00 80 00 8E 00 7F  18 13 26 00 5A 00 4D 00
81 00 84 00 90 19 13 1C  00 50 00 5E 00 92 00 85
00 86 2A 00 1D 00 51 00  54 00 88 00 96 00 87 20
00 2E 00 62 00 55 00 1E  00 2E 00 2D 21 00 24 00
58 00 66 00 C4 00 4C 00  C5 32 00 25 00 59 00 5C
00 5C 00 F2 00 E3 28 00  36 00 6A 00 5D 00 7A 00
8A 00 89 29 00 2C 00 60  00 6E 00 20 00 A8 00 21
3A 00 2D 00 61 00 64 00  B8 00 4E 00 3F 30 00 3E
00 72 00 65 00 D6 00 E6  00 E5 31 00 34 00 68 00
76 00 7C 00 04 00 7D 42  00 35 00 69 00 6C 00 14
src regs sR: { 01 01 07 72 }
dst regs dR: { 03 0C }
IS: 3 IP: 13

[balance] Running test 2/5...

 === machine state === 
mem M:
01 02 04 08 10 20 40 80  00 00 00 00 00 00 00 00
00 00 00 00 00 00 00 00  00 00 00 00 00 00 00 00
00 00 00 00 00 00 00 00  00 00 00 00 00 00 00 00
00 00 00 00 00 00 00 00  00 00 00 00 00 00 00 00
00 00 00 00 00 00 00 00  00 00 00 00 00 00 00 00
00 00 00 00 00 00 00 00  00 00 00 00 00 00 00 00
00 00 00 00 00 00 00 00  00 00 00 00 00 00 00 00
00 00 00 00 00 00 00 00  00 00 00 00 00 00 00 00
00 00 00 00 00 00 00 00  00 00 00 00 00 00 00 00
00 00 00 00 00 00 00 00  00 00 00 00 00 00 00 00
00 00 00 00 00 00 00 00  00 00 00 00 00 00 00 00
00 00 00 00 00 00 00 00  00 00 00 00 00 00 00 00
00 00 00 00 00 00 00 00  00 00 00 00 00 00 00 00
00 00 00 00 00 00 00 00  00 00 00 00 00 00 00 00
00 00 00 00 00 00 00 00  00 00 00 00 00 00 00 00
00 00 00 00 00 00 00 00  00 00 00 00 00 00 00 00
src regs sR: { 19 00 01 02 }
dst regs dR: { 03 04 }
IS: 1 IP: 0
.Your code halted, but didn't solve puzzle copyreg.
Try again to balance the score
 === machine state === 
mem M:
6A 0C 04 00 AC 20 46 80  7A 44 6D 00 EB 6B 00 05
00 AC 03 3C 00 70 3A 7E  00 6F 7C 00 16 00 4A 14
3D 00 71 3B 74 00 80 72  00 0C 00 40 0A 4E 00 82
4C 75 00 76 73 00 0D 00  41 0B 44 00 78 42 86 00
77 84 00 1E 00 52 1C 45  00 79 43 7C 00 88 7A 00
14 00 48 12 56 00 8A 54  7D 00 7E 7B 00 15 00 49
13 4C 00 80 4A 8E 00 7F  8C 00 26 00 5A 24 4D 00
81 4B 84 00 90 82 00 1C  00 50 1A 5E 00 92 5C 85
00 86 83 00 1D 00 51 1B  54 00 88 52 96 00 87 94
00 2E 00 62 2C 55 00 89  53 8C 00 98 8A 00 24 00
58 22 66 00 9A 64 8D 00  8E 8B 00 25 00 59 23 5C
00 90 5A 9E 00 8F 9C 00  36 00 6A 34 5D 00 91 5B
94 00 A0 92 00 2C 00 60  2A 6E 00 A2 6C 95 00 96
93 00 2D 00 61 2B 64 00  98 62 A6 00 97 A4 00 3E
00 72 3C 65 00 99 63 9C  00 A8 9A 00 34 00 68 32
76 00 AA 74 9D 00 9E 9B  00 35 00 69 33 6C 00 A0
src regs sR: { 01 01 07 0D }
dst regs dR: { 03 0C }
IS: 3 IP: 13
% 
[balance] Running test 1/5...

 === machine state === 
mem M:
01 02 04 08 10 20 40 80  00 00 00 00 00 00 00 00
00 00 00 00 00 00 00 00  00 00 00 00 00 00 00 00
00 00 00 00 00 00 00 00  00 00 00 00 00 00 00 00
00 00 00 00 00 00 00 00  00 00 00 00 00 00 00 00
00 00 00 00 00 00 00 00  00 00 00 00 00 00 00 00
00 00 00 00 00 00 00 00  00 00 00 00 00 00 00 00
00 00 00 00 00 00 00 00  00 00 00 00 00 00 00 00
00 00 00 00 00 00 00 00  00 00 00 00 00 00 00 00
00 00 00 00 00 00 00 00  00 00 00 00 00 00 00 00
00 00 00 00 00 00 00 00  00 00 00 00 00 00 00 00
00 00 00 00 00 00 00 00  00 00 00 00 00 00 00 00
00 00 00 00 00 00 00 00  00 00 00 00 00 00 00 00
00 00 00 00 00 00 00 00  00 00 00 00 00 00 00 00
00 00 00 00 00 00 00 00  00 00 00 00 00 00 00 00
00 00 00 00 00 00 00 00  00 00 00 00 00 00 00 00
00 00 00 00 00 00 00 00  00 00 00 00 00 00 00 00
src regs sR: { 32 00 01 02 }
dst regs dR: { 03 04 }
IS: 1 IP: 0
. === machine state === 
mem M:
01 02 04 80 38 20 46 80  7A 00 6D 00 6E 12 00 05
00 39 00 3C 00 70 00 7E  00 6F 08 00 16 00 4A 00
3D 00 71 00 74 00 80 09  00 0C 00 40 00 4E 00 82
00 75 00 76 1A 00 0D 00  41 00 44 00 78 00 86 00
77 10 00 1E 00 52 00 45  00 79 00 7C 00 88 11 00
14 00 48 00 56 00 8A 00  7D 00 7E 22 00 15 00 49
00 4C 00 80 00 8E 00 7F  18 00 26 00 5A 00 4D 00
81 00 84 00 90 19 00 1C  00 50 00 5E 00 92 00 85
00 86 2A 00 1D 00 51 00  54 00 88 00 96 00 87 20
00 2E 00 62 00 55 00 89  00 8C 00 98 21 00 24 00
58 00 66 00 9A 00 8D 00  8E 32 00 25 00 59 00 5C
00 90 00 9E 00 8F 28 00  36 00 6A 00 5D 00 91 00
94 00 A0 29 00 2C 00 60  00 6E 00 A2 00 95 00 96
3A 00 2D 00 61 00 64 00  98 00 A6 00 97 30 00 3E
00 72 00 65 00 99 00 19  00 A8 31 00 34 00 68 00
76 00 67 00 00 00 A4 42  00 35 00 69 00 6C 00 78
src regs sR: { 01 E5 07 E5 }
dst regs dR: { 03 E7 }
IS: 3 IP: 13

[balance] Running test 2/5...

 === machine state === 
mem M:
01 02 04 08 10 20 40 80  00 00 00 00 00 00 00 00
00 00 00 00 00 00 00 00  00 00 00 00 00 00 00 00
00 00 00 00 00 00 00 00  00 00 00 00 00 00 00 00
00 00 00 00 00 00 00 00  00 00 00 00 00 00 00 00
00 00 00 00 00 00 00 00  00 00 00 00 00 00 00 00
00 00 00 00 00 00 00 00  00 00 00 00 00 00 00 00
00 00 00 00 00 00 00 00  00 00 00 00 00 00 00 00
00 00 00 00 00 00 00 00  00 00 00 00 00 00 00 00
00 00 00 00 00 00 00 00  00 00 00 00 00 00 00 00
00 00 00 00 00 00 00 00  00 00 00 00 00 00 00 00
00 00 00 00 00 00 00 00  00 00 00 00 00 00 00 00
00 00 00 00 00 00 00 00  00 00 00 00 00 00 00 00
00 00 00 00 00 00 00 00  00 00 00 00 00 00 00 00
00 00 00 00 00 00 00 00  00 00 00 00 00 00 00 00
00 00 00 00 00 00 00 00  00 00 00 00 00 00 00 00
00 00 00 00 00 00 00 00  00 00 00 00 00 00 00 00
src regs sR: { 86 00 01 02 }
dst regs dR: { 03 04 }
IS: 1 IP: 0
Your code halted, but didn't solve puzzle copyreg.
Try again to balance the score
 === machine state === 
mem M:
01 29 04 00 33 20 3E 80  32 00 00 00 00 12 70 05
00 5B 00 85 00 67 00 00  00 00 08 98 16 00 90 00
AD 00 AE 00 00 00 00 09  CD 0C 00 D7 00 E2 00 D6
00 00 00 00 1A 14 0D 00  FF 00 FF 00 0B 00 00 00
00 10 3C 1E 00 0F 00 00  00 00 00 00 00 00 11 71
14 00 20 00 00 00 00 00  00 00 00 22 B8 15 00 16
00 00 00 00 00 00 00 00  18 E0 26 00 17 00 00 00
00 00 00 00 00 19 15 1C  00 28 00 00 00 00 00 03
00 00 2A 5C 1D 00 1E 00  00 00 00 00 14 00 00 47
84 52 00 46 00 00 00 00  00 0A 00 00 6F B9 99 00
7B 00 00 00 00 00 0B 00  00 A4 00 C1 00 C2 00 00
00 00 00 1C 00 00 EB 00  F6 00 EA 00 00 00 00 00
12 00 00 13 00 3D 00 1F  00 00 00 00 00 13 00 00
48 00 65 00 66 00 00 00  00 00 24 00 00 8F 00 9A
00 8E 00 00 00 00 00 1A  00 00 B7 00 E1 00 C3 00
00 00 00 00 1B 00 00 EC  00 09 00 0A 00 00 00 00
src regs sR: { 01 38 AE 38 }
dst regs dR: { 03 3A }
IS: 3 IP: 13
% 
[balance] Running test 1/5...

 === machine state === 
mem M:
01 02 04 08 10 20 40 80  00 00 00 00 00 00 00 00
00 00 00 00 00 00 00 00  00 00 00 00 00 00 00 00
00 00 00 00 00 00 00 00  00 00 00 00 00 00 00 00
00 00 00 00 00 00 00 00  00 00 00 00 00 00 00 00
00 00 00 00 00 00 00 00  00 00 00 00 00 00 00 00
00 00 00 00 00 00 00 00  00 00 00 00 00 00 00 00
00 00 00 00 00 00 00 00  00 00 00 00 00 00 00 00
00 00 00 00 00 00 00 00  00 00 00 00 00 00 00 00
00 00 00 00 00 00 00 00  00 00 00 00 00 00 00 00
00 00 00 00 00 00 00 00  00 00 00 00 00 00 00 00
00 00 00 00 00 00 00 00  00 00 00 00 00 00 00 00
00 00 00 00 00 00 00 00  00 00 00 00 00 00 00 00
00 00 00 00 00 00 00 00  00 00 00 00 00 00 00 00
00 00 00 00 00 00 00 00  00 00 00 00 00 00 00 00
00 00 00 00 00 00 00 00  00 00 00 00 00 00 00 00
00 00 00 00 00 00 00 00  00 00 00 00 00 00 00 00
src regs sR: { C2 00 01 02 }
dst regs dR: { 03 04 }
IS: 1 IP: 0
.Your code halted, but didn't solve puzzle copyreg.
Try again to balance the score
 === machine state === 
mem M:
54 0C 04 00 7B 20 46 80  7A 13 6D 00 EB 4A 00 05
00 8C 00 3C 00 70 24 7E  00 6F 4B 00 16 00 82 00
3D 00 71 1A 74 00 80 5C  00 0C 00 83 00 4E 00 82
1B 75 00 76 52 00 0D 00  94 00 44 00 78 2C 86 00
77 53 00 1E 00 8A 00 45  00 79 22 7C 00 88 64 00
14 00 8B 00 56 00 8A 23  7D 00 7E 5A 00 15 00 9C
00 4C 00 80 34 8E 00 7F  5B 00 26 00 92 00 4D 00
81 2A 84 00 90 6C 00 1C  00 93 00 5E 00 92 2B 85
00 86 62 00 1D 00 A4 00  54 00 88 3C 96 00 87 63
00 2E 00 9A 00 55 00 89  32 8C 00 98 74 00 24 00
9B 00 66 00 9A 33 8D 00  8E 6A 00 25 00 AC 00 5C
00 90 44 9E 00 8F 6B 00  36 00 AC 03 5D 00 91 3A
94 00 A0 7C 00 2C 00 60  14 6E 00 A2 3B 95 00 96
72 00 2D 00 61 0A 64 00  98 4C A6 00 97 73 00 3E
00 72 0B 65 00 99 42 9C  00 A8 84 00 34 00 68 1C
76 00 AA 43 9D 00 9E 7A  00 35 00 69 12 6C 00 A0
src regs sR: { 01 01 07 B6 }
dst regs dR: { 03 0C }
IS: 3 IP: 13
% 
[balance] Running test 1/5...

 === machine state === 
mem M:
01 02 04 08 10 20 40 80  00 00 00 00 00 00 00 00
00 00 00 00 00 00 00 00  00 00 00 00 00 00 00 00
00 00 00 00 00 00 00 00  00 00 00 00 00 00 00 00
00 00 00 00 00 00 00 00  00 00 00 00 00 00 00 00
00 00 00 00 00 00 00 00  00 00 00 00 00 00 00 00
00 00 00 00 00 00 00 00  00 00 00 00 00 00 00 00
00 00 00 00 00 00 00 00  00 00 00 00 00 00 00 00
00 00 00 00 00 00 00 00  00 00 00 00 00 00 00 00
00 00 00 00 00 00 00 00  00 00 00 00 00 00 00 00
00 00 00 00 00 00 00 00  00 00 00 00 00 00 00 00
00 00 00 00 00 00 00 00  00 00 00 00 00 00 00 00
00 00 00 00 00 00 00 00  00 00 00 00 00 00 00 00
00 00 00 00 00 00 00 00  00 00 00 00 00 00 00 00
00 00 00 00 00 00 00 00  00 00 00 00 00 00 00 00
00 00 00 00 00 00 00 00  00 00 00 00 00 00 00 00
00 00 00 00 00 00 00 00  00 00 00 00 00 00 00 00
src regs sR: { 89 00 01 02 }
dst regs dR: { 03 04 }
IS: 1 IP: 0
. === machine state === 
mem M:
01 0C 04 00 38 20 46 80  7A 00 6D 00 12 12 00 05
00 39 00 3C 00 70 00 7E  00 8B 08 00 16 00 4A 00
3D 00 71 00 74 00 9C 09  00 0C 00 40 00 4E 00 82
00 75 00 92 1A 00 0D 00  41 00 44 00 78 00 86 00
93 10 00 1E 00 52 00 45  00 79 00 7C 00 A4 11 00
14 00 48 00 56 00 8A 00  7D 00 9A 22 00 15 00 49
00 4C 00 80 00 8E 00 9B  18 00 26 00 5A 00 4D 00
81 00 84 00 AC 19 00 1C  00 50 00 5E 00 92 00 85
00 AC 2A 00 1D 00 51 00  54 00 88 00 96 00 87 20
00 2E 00 62 00 55 00 89  00 8C 00 98 21 00 24 00
58 00 66 00 9A 00 8D 00  8E 32 00 25 00 59 00 5C
00 90 00 9E 00 8F 28 00  36 00 6A 00 5D 00 91 00
94 00 A0 29 00 2C 00 60  00 6E 00 A2 00 95 00 96
3A 00 2D 00 61 00 64 00  98 00 A6 00 97 30 00 3E
00 72 00 65 00 99 00 9C  00 A8 31 00 34 00 68 00
76 00 AA 00 9D 00 9E 42  00 35 00 69 00 6C 00 A0
src regs sR: { 01 01 07 7D }
dst regs dR: { 03 0C }
IS: 3 IP: 13

[balance] Running test 2/5...

 === machine state === 
mem M:
01 02 04 08 10 20 40 80  00 00 00 00 00 00 00 00
00 00 00 00 00 00 00 00  00 00 00 00 00 00 00 00
00 00 00 00 00 00 00 00  00 00 00 00 00 00 00 00
00 00 00 00 00 00 00 00  00 00 00 00 00 00 00 00
00 00 00 00 00 00 00 00  00 00 00 00 00 00 00 00
00 00 00 00 00 00 00 00  00 00 00 00 00 00 00 00
00 00 00 00 00 00 00 00  00 00 00 00 00 00 00 00
00 00 00 00 00 00 00 00  00 00 00 00 00 00 00 00
00 00 00 00 00 00 00 00  00 00 00 00 00 00 00 00
00 00 00 00 00 00 00 00  00 00 00 00 00 00 00 00
00 00 00 00 00 00 00 00  00 00 00 00 00 00 00 00
00 00 00 00 00 00 00 00  00 00 00 00 00 00 00 00
00 00 00 00 00 00 00 00  00 00 00 00 00 00 00 00
00 00 00 00 00 00 00 00  00 00 00 00 00 00 00 00
00 00 00 00 00 00 00 00  00 00 00 00 00 00 00 00
00 00 00 00 00 00 00 00  00 00 00 00 00 00 00 00
src regs sR: { 0C 00 01 02 }
dst regs dR: { 03 04 }
IS: 1 IP: 0
. === machine state === 
mem M:
6B 0C 04 00 AC 03 46 80  7A 3A 6D 00 EB 7C 00 05
00 39 14 3C 00 70 3B 7E  00 6F 72 00 16 00 4A 0A
3D 00 71 4C 74 00 80 73  00 0C 00 40 0B 4E 00 82
42 75 00 76 84 00 0D 00  41 1C 44 00 78 43 86 00
77 7A 00 1E 00 52 12 45  00 79 54 7C 00 88 7B 00
14 00 48 13 56 00 8A 4A  7D 00 7E 8C 00 15 00 49
24 4C 00 80 4B 8E 00 7F  82 00 26 00 5A 1A 4D 00
81 5C 84 00 90 83 00 1C  00 50 1B 5E 00 92 52 85
00 86 94 00 1D 00 51 2C  54 00 88 53 96 00 87 8A
00 2E 00 62 22 55 00 89  64 8C 00 98 8B 00 24 00
58 23 66 00 9A 5A 8D 00  8E 9C 00 25 00 59 34 5C
00 90 5B 9E 00 8F 92 00  36 00 6A 2A 5D 00 91 6C
94 00 A0 93 00 2C 00 60  2B 6E 00 A2 62 95 00 96
A4 00 2D 00 61 3C 64 00  98 63 A6 00 97 9A 00 3E
00 72 32 65 00 99 74 9C  00 A8 9B 00 34 00 68 33
76 00 AA 6A 9D 00 9E AC  00 35 00 69 44 6C 00 A0
src regs sR: { 01 01 07 00 }
dst regs dR: { 03 0C }
IS: 3 IP: 13

[balance] Running test 3/5...

 === machine state === 
mem M:
01 02 04 08 10 20 40 80  00 00 00 00 00 00 00 00
00 00 00 00 00 00 00 00  00 00 00 00 00 00 00 00
00 00 00 00 00 00 00 00  00 00 00 00 00 00 00 00
00 00 00 00 00 00 00 00  00 00 00 00 00 00 00 00
00 00 00 00 00 00 00 00  00 00 00 00 00 00 00 00
00 00 00 00 00 00 00 00  00 00 00 00 00 00 00 00
00 00 00 00 00 00 00 00  00 00 00 00 00 00 00 00
00 00 00 00 00 00 00 00  00 00 00 00 00 00 00 00
00 00 00 00 00 00 00 00  00 00 00 00 00 00 00 00
00 00 00 00 00 00 00 00  00 00 00 00 00 00 00 00
00 00 00 00 00 00 00 00  00 00 00 00 00 00 00 00
00 00 00 00 00 00 00 00  00 00 00 00 00 00 00 00
00 00 00 00 00 00 00 00  00 00 00 00 00 00 00 00
00 00 00 00 00 00 00 00  00 00 00 00 00 00 00 00
00 00 00 00 00 00 00 00  00 00 00 00 00 00 00 00
00 00 00 00 00 00 00 00  00 00 00 00 00 00 00 00
src regs sR: { 01 00 01 02 }
dst regs dR: { 03 04 }
IS: 1 IP: 0
. === machine state === 
mem M:
01 0C 7C 04 38 20 46 14  7A 00 6D 3B 7F 12 00 72
00 39 00 3C 0A 70 00 7E  4C 6F 08 00 73 00 4A 00
3D 0B 71 00 74 42 80 09  00 84 00 40 00 4E 1C 82
00 75 43 76 1A 00 7A 00  41 00 44 12 78 00 86 54
77 10 00 7B 00 52 00 45  13 79 00 7C 4A 88 11 00
8C 00 48 00 56 24 8A 00  7D 4B 7E 22 00 82 00 49
00 4C 1A 80 00 8E 5C 7F  18 00 83 00 5A 00 4D 1B
81 00 84 52 90 19 00 94  00 50 00 5E 2C 92 00 85
53 86 2A 00 8A 00 51 00  54 22 88 00 96 64 87 20
00 8B 00 62 00 55 23 89  00 8C 5A 98 21 00 9C 00
58 00 66 34 9A 00 8D 5B  8E 32 00 92 00 59 00 5C
2A 90 00 9E 6C 8F 28 00  93 00 6A 00 5D 2B 91 00
94 62 A0 29 00 A4 00 60  00 6E 3C A2 00 95 63 96
3A 00 9A 00 61 00 64 32  98 00 A6 74 97 30 00 9B
00 72 00 65 33 99 00 9C  6A A8 31 00 AC 00 68 00
76 44 AA 00 9D 6B 9E 42  00 AC 03 69 00 6C 3A A0
src regs sR: { 01 01 07 F5 }
dst regs dR: { 03 0C }
IS: 3 IP: 13

[balance] Running test 4/5...

 === machine state === 
mem M:
01 02 04 08 10 20 40 80  00 00 00 00 00 00 00 00
00 00 00 00 00 00 00 00  00 00 00 00 00 00 00 00
00 00 00 00 00 00 00 00  00 00 00 00 00 00 00 00
00 00 00 00 00 00 00 00  00 00 00 00 00 00 00 00
00 00 00 00 00 00 00 00  00 00 00 00 00 00 00 00
00 00 00 00 00 00 00 00  00 00 00 00 00 00 00 00
00 00 00 00 00 00 00 00  00 00 00 00 00 00 00 00
00 00 00 00 00 00 00 00  00 00 00 00 00 00 00 00
00 00 00 00 00 00 00 00  00 00 00 00 00 00 00 00
00 00 00 00 00 00 00 00  00 00 00 00 00 00 00 00
00 00 00 00 00 00 00 00  00 00 00 00 00 00 00 00
00 00 00 00 00 00 00 00  00 00 00 00 00 00 00 00
00 00 00 00 00 00 00 00  00 00 00 00 00 00 00 00
00 00 00 00 00 00 00 00  00 00 00 00 00 00 00 00
00 00 00 00 00 00 00 00  00 00 00 00 00 00 00 00
00 00 00 00 00 00 00 00  00 00 00 00 00 00 00 00
src regs sR: { 37 00 01 02 }
dst regs dR: { 03 04 }
IS: 1 IP: 0
.Your code halted, but didn't solve puzzle copyreg.
Try again to balance the score
 === machine state === 
mem M:
3C 0C 04 00 63 20 46 80  9A 00 6D 00 EB 32 00 05
00 74 00 3C 00 9B 00 7E  00 6F 33 00 16 00 6A 00
3D 00 AC 00 74 00 80 44  00 0C 00 6B 00 4E 00 AC
03 75 00 76 3A 00 0D 00  7C 00 44 00 78 14 86 00
77 3B 00 1E 00 72 00 45  00 79 0A 7C 00 88 4C 00
14 00 73 00 56 00 8A 0B  7D 00 7E 42 00 15 00 84
00 4C 00 80 1C 8E 00 7F  43 00 26 00 7A 00 4D 00
81 12 84 00 90 54 00 1C  00 7B 00 5E 00 92 13 85
00 86 4A 00 1D 00 8C 00  54 00 88 24 96 00 87 4B
00 2E 00 82 00 55 00 89  1A 8C 00 98 5C 00 24 00
83 00 66 00 9A 1B 8D 00  8E 52 00 25 00 94 00 5C
00 90 2C 9E 00 8F 53 00  36 00 8A 00 5D 00 91 22
94 00 A0 64 00 2C 00 8B  00 6E 00 A2 23 95 00 96
5A 00 2D 00 9C 00 64 00  98 34 A6 00 97 5B 00 3E
00 92 00 65 00 99 2A 9C  00 A8 6C 00 34 00 93 00
76 00 AA 2B 9D 00 9E 62  00 35 00 A4 00 6C 00 A0
src regs sR: { 01 01 07 2B }
dst regs dR: { 03 0C }
IS: 3 IP: 13
% 
[balance] Running test 1/5...

 === machine state === 
mem M:
01 02 04 08 10 20 40 80  00 00 00 00 00 00 00 00
00 00 00 00 00 00 00 00  00 00 00 00 00 00 00 00
00 00 00 00 00 00 00 00  00 00 00 00 00 00 00 00
00 00 00 00 00 00 00 00  00 00 00 00 00 00 00 00
00 00 00 00 00 00 00 00  00 00 00 00 00 00 00 00
00 00 00 00 00 00 00 00  00 00 00 00 00 00 00 00
00 00 00 00 00 00 00 00  00 00 00 00 00 00 00 00
00 00 00 00 00 00 00 00  00 00 00 00 00 00 00 00
00 00 00 00 00 00 00 00  00 00 00 00 00 00 00 00
00 00 00 00 00 00 00 00  00 00 00 00 00 00 00 00
00 00 00 00 00 00 00 00  00 00 00 00 00 00 00 00
00 00 00 00 00 00 00 00  00 00 00 00 00 00 00 00
00 00 00 00 00 00 00 00  00 00 00 00 00 00 00 00
00 00 00 00 00 00 00 00  00 00 00 00 00 00 00 00
00 00 00 00 00 00 00 00  00 00 00 00 00 00 00 00
00 00 00 00 00 00 00 00  00 00 00 00 00 00 00 00
src regs sR: { 73 00 01 02 }
dst regs dR: { 03 04 }
IS: 1 IP: 0
.Your code halted, but didn't solve puzzle copyreg.
Try again to balance the score
 === machine state === 
mem M:
01 02 04 80 38 20 46 80  7A 00 6D 00 6E 12 00 05
00 39 00 3C 00 70 00 7E  00 6F 08 00 16 00 4A 00
3D 00 71 00 74 00 80 09  00 0C 00 40 00 4E 00 82
00 75 00 76 1A 00 0D 00  41 00 44 00 78 00 86 00
77 10 00 1E 00 52 00 45  00 79 00 7C 00 88 11 00
14 00 48 00 56 00 8A 00  7D 00 7E 22 00 15 00 49
00 4C 00 80 00 8E 00 7F  18 00 26 00 5A 00 4D 00
81 00 84 00 90 19 00 1C  00 50 00 5E 00 92 00 85
00 86 2A 00 1D 00 51 00  54 00 88 00 96 00 87 20
00 2E 00 62 00 55 00 89  00 8C 00 98 21 00 24 00
58 00 66 00 9A 00 1A 00  8E 32 00 25 00 59 00 5C
00 68 00 00 00 7B 28 00  36 00 6A 00 5D 00 5E 00
00 00 8C 29 00 2C 00 60  00 6E 00 5F 00 00 00 82
3A 00 2D 00 61 00 64 00  70 00 00 00 83 30 00 3E
00 72 00 65 00 66 00 00  00 94 31 00 34 00 68 00
76 00 67 00 00 00 8A 42  00 35 00 69 00 6C 00 78
src regs sR: { 01 A4 07 A4 }
dst regs dR: { 03 A6 }
IS: 3 IP: 13
% 
[balance] Running test 1/5...

 === machine state === 
mem M:
01 02 04 08 10 20 40 80  00 00 00 00 00 00 00 00
00 00 00 00 00 00 00 00  00 00 00 00 00 00 00 00
00 00 00 00 00 00 00 00  00 00 00 00 00 00 00 00
00 00 00 00 00 00 00 00  00 00 00 00 00 00 00 00
00 00 00 00 00 00 00 00  00 00 00 00 00 00 00 00
00 00 00 00 00 00 00 00  00 00 00 00 00 00 00 00
00 00 00 00 00 00 00 00  00 00 00 00 00 00 00 00
00 00 00 00 00 00 00 00  00 00 00 00 00 00 00 00
00 00 00 00 00 00 00 00  00 00 00 00 00 00 00 00
00 00 00 00 00 00 00 00  00 00 00 00 00 00 00 00
00 00 00 00 00 00 00 00  00 00 00 00 00 00 00 00
00 00 00 00 00 00 00 00  00 00 00 00 00 00 00 00
00 00 00 00 00 00 00 00  00 00 00 00 00 00 00 00
00 00 00 00 00 00 00 00  00 00 00 00 00 00 00 00
00 00 00 00 00 00 00 00  00 00 00 00 00 00 00 00
00 00 00 00 00 00 00 00  00 00 00 00 00 00 00 00
src regs sR: { 71 00 01 02 }
dst regs dR: { 03 04 }
IS: 1 IP: 0
. === machine state === 
mem M:
01 0C 04 00 38 20 46 80  7A 00 6D 00 0E 12 92 05
00 39 00 3C 00 70 00 7E  00 6F 08 03 16 00 4A 00
3D 00 71 00 74 00 80 09  71 0C 00 40 00 4E 00 82
00 75 00 76 1A 86 0D 00  41 00 44 00 78 00 86 00
77 10 F7 1E 00 52 00 45  00 79 00 7C 00 88 11 65
14 00 48 00 56 00 8A 00  7D 00 7E 22 7A 15 00 49
00 4C 00 80 00 8E 00 7F  18 7A 26 00 5A 00 4D 00
81 00 84 00 90 19 00 1C  00 50 00 5E 00 92 00 85
00 86 2A 00 1D 00 51 00  54 00 88 00 96 00 87 20
00 2E 00 62 00 55 00 89  00 8C 00 98 21 00 24 00
58 00 66 00 15 00 FA 00  09 32 00 25 00 59 00 5C
00 86 00 0F 00 77 28 00  36 00 6A 00 5D 00 F4 00
80 00 8C 29 00 2C 00 60  00 6E 00 09 00 EE 00 FD
3A 00 2D 00 61 00 64 00  7A 00 03 00 6B 30 00 3E
00 72 00 65 00 E8 00 74  00 80 31 00 34 00 68 00
76 00 FD 00 E2 00 F1 42  00 35 00 69 00 6C 00 6E
src regs sR: { 01 01 07 65 }
dst regs dR: { 03 0C }
IS: 3 IP: 13

[balance] Running test 2/5...

 === machine state === 
mem M:
01 02 04 08 10 20 40 80  00 00 00 00 00 00 00 00
00 00 00 00 00 00 00 00  00 00 00 00 00 00 00 00
00 00 00 00 00 00 00 00  00 00 00 00 00 00 00 00
00 00 00 00 00 00 00 00  00 00 00 00 00 00 00 00
00 00 00 00 00 00 00 00  00 00 00 00 00 00 00 00
00 00 00 00 00 00 00 00  00 00 00 00 00 00 00 00
00 00 00 00 00 00 00 00  00 00 00 00 00 00 00 00
00 00 00 00 00 00 00 00  00 00 00 00 00 00 00 00
00 00 00 00 00 00 00 00  00 00 00 00 00 00 00 00
00 00 00 00 00 00 00 00  00 00 00 00 00 00 00 00
00 00 00 00 00 00 00 00  00 00 00 00 00 00 00 00
00 00 00 00 00 00 00 00  00 00 00 00 00 00 00 00
00 00 00 00 00 00 00 00  00 00 00 00 00 00 00 00
00 00 00 00 00 00 00 00  00 00 00 00 00 00 00 00
00 00 00 00 00 00 00 00  00 00 00 00 00 00 00 00
00 00 00 00 00 00 00 00  00 00 00 00 00 00 00 00
src regs sR: { 29 00 01 02 }
dst regs dR: { 03 04 }
IS: 1 IP: 0
 === machine state === 
mem M:
01 02 04 00 38 20 46 80  37 00 00 00 33 12 00 05
00 39 00 3C 00 48 00 00  00 44 08 00 16 00 4A 00
3D 00 3E 00 00 00 3A 09  00 0C 00 40 00 4E 00 3F
00 00 00 3B 1A 00 0D 00  41 00 44 00 50 00 00 00
4C 10 00 1E 00 52 00 45  00 46 00 00 00 42 11 00
14 00 48 00 56 00 47 00  00 00 43 22 00 15 00 49
00 4C 00 58 00 00 00 54  18 00 26 00 5A 00 4D 00
4E 00 00 00 4A 19 00 1C  00 50 00 5E 00 4F 00 00
00 4B 2A 00 1D 00 51 00  54 00 60 00 00 00 5C 20
00 2E 00 62 00 55 00 56  00 00 00 52 21 00 24 00
58 00 66 00 57 00 00 00  53 32 00 25 00 59 00 5C
00 68 00 00 00 64 28 00  36 00 6A 00 5D 00 5E 00
00 00 5A 29 00 2C 00 60  00 6E 00 5F 00 00 00 5B
3A 00 2D 00 61 00 64 00  70 00 00 00 6C 30 00 3E
00 72 00 65 00 66 00 00  00 62 31 00 34 00 68 00
E8 00 67 00 00 00 63 42  00 35 00 36 00 00 00 32
src regs sR: { 01 EE 07 EE }
dst regs dR: { 03 F0 }
IS: 3 IP: 13

[balance] Running test 3/5...

 === machine state === 
mem M:
01 02 04 08 10 20 40 80  00 00 00 00 00 00 00 00
00 00 00 00 00 00 00 00  00 00 00 00 00 00 00 00
00 00 00 00 00 00 00 00  00 00 00 00 00 00 00 00
00 00 00 00 00 00 00 00  00 00 00 00 00 00 00 00
00 00 00 00 00 00 00 00  00 00 00 00 00 00 00 00
00 00 00 00 00 00 00 00  00 00 00 00 00 00 00 00
00 00 00 00 00 00 00 00  00 00 00 00 00 00 00 00
00 00 00 00 00 00 00 00  00 00 00 00 00 00 00 00
00 00 00 00 00 00 00 00  00 00 00 00 00 00 00 00
00 00 00 00 00 00 00 00  00 00 00 00 00 00 00 00
00 00 00 00 00 00 00 00  00 00 00 00 00 00 00 00
00 00 00 00 00 00 00 00  00 00 00 00 00 00 00 00
00 00 00 00 00 00 00 00  00 00 00 00 00 00 00 00
00 00 00 00 00 00 00 00  00 00 00 00 00 00 00 00
00 00 00 00 00 00 00 00  00 00 00 00 00 00 00 00
00 00 00 00 00 00 00 00  00 00 00 00 00 00 00 00
src regs sR: { D5 00 01 02 }
dst regs dR: { 03 04 }
IS: 1 IP: 0
.Your code halted, but didn't solve puzzle copyreg.
Try again to balance the score
 === machine state === 
mem M:
01 0C 1C 00 38 20 43 80  7A 00 7A 00 EB 12 00 12
00 39 00 54 00 70 00 7B  00 6F 08 00 13 00 4A 00
4A 00 71 00 8C 00 80 09  00 24 00 40 00 4B 00 82
00 82 00 76 1A 00 1A 00  41 00 5C 00 78 00 83 00
77 10 00 1B 00 52 00 52  00 79 00 94 00 88 11 00
2C 00 48 00 53 00 8A 00  8A 00 7E 22 00 22 00 49
00 64 00 80 00 8B 00 7F  18 00 23 00 5A 00 5A 00
81 00 9C 00 90 19 00 34  00 50 00 5B 00 92 00 92
00 86 2A 00 2A 00 51 00  6C 00 88 00 93 00 87 20
00 2B 00 62 00 62 00 89  00 A4 00 98 21 00 3C 00
58 00 63 00 9A 00 9A 00  8E 32 00 32 00 59 00 74
00 90 00 9B 00 8F 28 00  33 00 6A 00 6A 00 91 00
AC 00 A0 29 00 44 00 60  00 6B 00 A2 00 AC 03 96
3A 00 3A 00 61 00 7C 00  98 00 A6 14 97 30 00 3B
00 72 00 72 00 99 00 9C  0A A8 31 00 4C 00 68 00
73 00 AA 00 9D 0B 9E 42  00 42 00 69 00 84 00 A0
src regs sR: { 01 01 07 C9 }
dst regs dR: { 03 0C }
IS: 3 IP: 13
% 
[balance] Running test 1/5...

 === machine state === 
mem M:
01 02 04 08 10 20 40 80  00 00 00 00 00 00 00 00
00 00 00 00 00 00 00 00  00 00 00 00 00 00 00 00
00 00 00 00 00 00 00 00  00 00 00 00 00 00 00 00
00 00 00 00 00 00 00 00  00 00 00 00 00 00 00 00
00 00 00 00 00 00 00 00  00 00 00 00 00 00 00 00
00 00 00 00 00 00 00 00  00 00 00 00 00 00 00 00
00 00 00 00 00 00 00 00  00 00 00 00 00 00 00 00
00 00 00 00 00 00 00 00  00 00 00 00 00 00 00 00
00 00 00 00 00 00 00 00  00 00 00 00 00 00 00 00
00 00 00 00 00 00 00 00  00 00 00 00 00 00 00 00
00 00 00 00 00 00 00 00  00 00 00 00 00 00 00 00
00 00 00 00 00 00 00 00  00 00 00 00 00 00 00 00
00 00 00 00 00 00 00 00  00 00 00 00 00 00 00 00
00 00 00 00 00 00 00 00  00 00 00 00 00 00 00 00
00 00 00 00 00 00 00 00  00 00 00 00 00 00 00 00
00 00 00 00 00 00 00 00  00 00 00 00 00 00 00 00
src regs sR: { 0D 00 01 02 }
dst regs dR: { 03 04 }
IS: 1 IP: 0
. === machine state === 
mem M:
01 0C 04 00 38 EA 46 80  D5 00 BA 00 8C 12 32 05
00 39 00 3C 00 26 00 8F  00 17 08 83 16 00 4A 00
3D 00 74 00 E0 00 EC 09  D1 0C 00 40 00 4E 00 49
00 2E 00 3D 1A A6 0D 00  41 00 44 00 9A 00 03 00
8B 10 F7 1E 00 52 00 45  00 E8 00 54 00 60 11 45
14 00 48 00 56 00 BD 00  A2 00 B1 22 1A 15 00 49
00 4C 00 0E 00 77 00 FF  18 6B 26 00 5A 00 4D 00
5C 00 C8 00 D4 19 B9 1C  00 50 00 5E 00 31 00 16
00 25 2A 8E 1D 00 51 00  54 00 82 00 EB 00 73 20
DF 2E 00 62 00 55 00 D0  00 3C 00 48 21 2D 24 00
58 00 66 00 A5 00 8A 00  99 32 02 25 00 59 00 5C
00 F6 00 5F 00 E7 28 53  36 00 6A 00 5D 00 44 00
B0 00 BC 29 A1 2C 00 60  00 6E 00 19 00 FE 00 0D
3A 76 2D 00 61 00 64 00  6A 00 D3 00 5B 30 C7 3E
00 72 00 65 00 B8 00 24  00 30 31 15 34 00 68 00
76 00 8D 00 72 00 81 42  EA 35 00 69 00 6C 00 DE
src regs sR: { 01 01 07 01 }
dst regs dR: { 03 0C }
IS: 3 IP: 13

[balance] Running test 2/5...

 === machine state === 
mem M:
01 02 04 08 10 20 40 80  00 00 00 00 00 00 00 00
00 00 00 00 00 00 00 00  00 00 00 00 00 00 00 00
00 00 00 00 00 00 00 00  00 00 00 00 00 00 00 00
00 00 00 00 00 00 00 00  00 00 00 00 00 00 00 00
00 00 00 00 00 00 00 00  00 00 00 00 00 00 00 00
00 00 00 00 00 00 00 00  00 00 00 00 00 00 00 00
00 00 00 00 00 00 00 00  00 00 00 00 00 00 00 00
00 00 00 00 00 00 00 00  00 00 00 00 00 00 00 00
00 00 00 00 00 00 00 00  00 00 00 00 00 00 00 00
00 00 00 00 00 00 00 00  00 00 00 00 00 00 00 00
00 00 00 00 00 00 00 00  00 00 00 00 00 00 00 00
00 00 00 00 00 00 00 00  00 00 00 00 00 00 00 00
00 00 00 00 00 00 00 00  00 00 00 00 00 00 00 00
00 00 00 00 00 00 00 00  00 00 00 00 00 00 00 00
00 00 00 00 00 00 00 00  00 00 00 00 00 00 00 00
00 00 00 00 00 00 00 00  00 00 00 00 00 00 00 00
src regs sR: { 7C 00 01 02 }
dst regs dR: { 03 04 }
IS: 1 IP: 0
. === machine state === 
mem M:
01 0C 04 00 38 20 46 80  7A 00 6D 00 01 12 00 05
00 39 00 3C 00 70 00 7E  00 9C 08 00 16 00 4A 00
3D 00 71 00 74 00 92 09  00 0C 00 40 00 4E 00 82
00 75 00 93 1A 00 0D 00  41 00 44 00 78 00 86 00
A4 10 00 1E 00 52 00 45  00 79 00 7C 00 9A 11 00
14 00 48 00 56 00 8A 00  7D 00 9B 22 00 15 00 49
00 4C 00 80 00 8E 00 AC  18 00 26 00 5A 00 4D 00
81 00 84 00 AC 19 00 1C  00 50 00 5E 00 92 00 85
00 86 2A 00 1D 00 51 00  54 00 88 00 96 00 87 20
00 2E 00 62 00 55 00 89  00 8C 00 98 21 00 24 00
58 00 66 00 9A 00 8D 00  8E 32 00 25 00 59 00 5C
00 90 00 9E 00 8F 28 00  36 00 6A 00 5D 00 91 00
94 00 A0 29 00 2C 00 60  00 6E 00 A2 00 95 00 96
3A 00 2D 00 61 00 64 00  98 00 A6 00 97 30 00 3E
00 72 00 65 00 99 00 9C  00 A8 31 00 34 00 68 00
76 00 AA 00 9D 00 9E 42  00 35 00 69 00 6C 00 A0
src regs sR: { 01 01 07 70 }
dst regs dR: { 03 0C }
IS: 3 IP: 13

[balance] Running test 3/5...

 === machine state === 
mem M:
01 02 04 08 10 20 40 80  00 00 00 00 00 00 00 00
00 00 00 00 00 00 00 00  00 00 00 00 00 00 00 00
00 00 00 00 00 00 00 00  00 00 00 00 00 00 00 00
00 00 00 00 00 00 00 00  00 00 00 00 00 00 00 00
00 00 00 00 00 00 00 00  00 00 00 00 00 00 00 00
00 00 00 00 00 00 00 00  00 00 00 00 00 00 00 00
00 00 00 00 00 00 00 00  00 00 00 00 00 00 00 00
00 00 00 00 00 00 00 00  00 00 00 00 00 00 00 00
00 00 00 00 00 00 00 00  00 00 00 00 00 00 00 00
00 00 00 00 00 00 00 00  00 00 00 00 00 00 00 00
00 00 00 00 00 00 00 00  00 00 00 00 00 00 00 00
00 00 00 00 00 00 00 00  00 00 00 00 00 00 00 00
00 00 00 00 00 00 00 00  00 00 00 00 00 00 00 00
00 00 00 00 00 00 00 00  00 00 00 00 00 00 00 00
00 00 00 00 00 00 00 00  00 00 00 00 00 00 00 00
00 00 00 00 00 00 00 00  00 00 00 00 00 00 00 00
src regs sR: { 7F 00 01 02 }
dst regs dR: { 03 04 }
IS: 1 IP: 0
. === machine state === 
mem M:
01 0C 8A 00 38 20 46 22  7A 00 6D 64 49 12 00 8B
00 39 00 3C 23 70 00 7E  5A 6F 08 00 9C 00 4A 00
3D 34 71 00 74 5B 80 09  00 92 00 40 00 4E 2A 82
00 75 6C 76 1A 00 93 00  41 00 44 2B 78 00 86 62
77 10 00 A4 00 52 00 45  3C 79 00 7C 63 88 11 00
9A 00 48 00 56 32 8A 00  7D 74 7E 22 00 9B 00 49
00 4C 33 80 00 8E 6A 7F  18 00 AC 00 5A 00 4D 44
81 00 84 6B 90 19 00 AC  03 50 00 5E 3A 92 00 85
7C 86 2A 00 1D 14 51 00  54 3B 88 00 96 72 87 20
00 2E 0A 62 00 55 4C 89  00 8C 73 98 21 00 24 0B
58 00 66 42 9A 00 8D 84  8E 32 00 25 1C 59 00 5C
43 90 00 9E 7A 8F 28 00  36 12 6A 00 5D 54 91 00
94 7B A0 29 00 2C 13 60  00 6E 4A A2 00 95 8C 96
3A 00 2D 24 61 00 64 4B  98 00 A6 82 97 30 00 3E
1A 72 00 65 5C 99 00 9C  83 A8 31 00 34 1B 68 00
76 52 AA 00 9D 94 9E 42  00 35 2C 69 00 6C 53 A0
src regs sR: { 01 01 07 73 }
dst regs dR: { 03 0C }
IS: 3 IP: 13

[balance] Running test 4/5...

 === machine state === 
mem M:
01 02 04 08 10 20 40 80  00 00 00 00 00 00 00 00
00 00 00 00 00 00 00 00  00 00 00 00 00 00 00 00
00 00 00 00 00 00 00 00  00 00 00 00 00 00 00 00
00 00 00 00 00 00 00 00  00 00 00 00 00 00 00 00
00 00 00 00 00 00 00 00  00 00 00 00 00 00 00 00
00 00 00 00 00 00 00 00  00 00 00 00 00 00 00 00
00 00 00 00 00 00 00 00  00 00 00 00 00 00 00 00
00 00 00 00 00 00 00 00  00 00 00 00 00 00 00 00
00 00 00 00 00 00 00 00  00 00 00 00 00 00 00 00
00 00 00 00 00 00 00 00  00 00 00 00 00 00 00 00
00 00 00 00 00 00 00 00  00 00 00 00 00 00 00 00
00 00 00 00 00 00 00 00  00 00 00 00 00 00 00 00
00 00 00 00 00 00 00 00  00 00 00 00 00 00 00 00
00 00 00 00 00 00 00 00  00 00 00 00 00 00 00 00
00 00 00 00 00 00 00 00  00 00 00 00 00 00 00 00
00 00 00 00 00 00 00 00  00 00 00 00 00 00 00 00
src regs sR: { 69 00 01 02 }
dst regs dR: { 03 04 }
IS: 1 IP: 0
. === machine state === 
mem M:
01 0C 5A 00 38 20 9C 80  7A 00 6D 34 EB 12 00 5B
00 39 00 92 00 70 00 7E  2A 6F 08 00 6C 00 4A 00
93 00 71 00 74 2B 80 09  00 62 00 40 00 A4 00 82
00 75 3C 76 1A 00 63 00  41 00 9A 00 78 00 86 32
77 10 00 74 00 52 00 9B  00 79 00 7C 33 88 11 00
6A 00 48 00 AC 00 8A 00  7D 44 7E 22 00 6B 00 49
00 AC 03 80 00 8E 3A 7F  18 00 7C 00 5A 00 4D 14
81 00 84 3B 90 19 00 72  00 50 00 5E 0A 92 00 85
4C 86 2A 00 73 00 51 00  54 0B 88 00 96 42 87 20
00 84 00 62 00 55 1C 89  00 8C 43 98 21 00 7A 00
58 00 66 12 9A 00 8D 54  8E 32 00 7B 00 59 00 5C
13 90 00 9E 4A 8F 28 00  8C 00 6A 00 5D 24 91 00
94 4B A0 29 00 82 00 60  00 6E 1A A2 00 95 5C 96
3A 00 83 00 61 00 64 1B  98 00 A6 52 97 30 00 94
00 72 00 65 2C 99 00 9C  53 A8 31 00 8A 00 68 00
76 22 AA 00 9D 64 9E 42  00 8B 00 69 00 6C 23 A0
src regs sR: { 01 01 07 5D }
dst regs dR: { 03 0C }
IS: 3 IP: 13

[balance] Running test 5/5...

 === machine state === 
mem M:
01 02 04 08 10 20 40 80  00 00 00 00 00 00 00 00
00 00 00 00 00 00 00 00  00 00 00 00 00 00 00 00
00 00 00 00 00 00 00 00  00 00 00 00 00 00 00 00
00 00 00 00 00 00 00 00  00 00 00 00 00 00 00 00
00 00 00 00 00 00 00 00  00 00 00 00 00 00 00 00
00 00 00 00 00 00 00 00  00 00 00 00 00 00 00 00
00 00 00 00 00 00 00 00  00 00 00 00 00 00 00 00
00 00 00 00 00 00 00 00  00 00 00 00 00 00 00 00
00 00 00 00 00 00 00 00  00 00 00 00 00 00 00 00
00 00 00 00 00 00 00 00  00 00 00 00 00 00 00 00
00 00 00 00 00 00 00 00  00 00 00 00 00 00 00 00
00 00 00 00 00 00 00 00  00 00 00 00 00 00 00 00
00 00 00 00 00 00 00 00  00 00 00 00 00 00 00 00
00 00 00 00 00 00 00 00  00 00 00 00 00 00 00 00
00 00 00 00 00 00 00 00  00 00 00 00 00 00 00 00
00 00 00 00 00 00 00 00  00 00 00 00 00 00 00 00
src regs sR: { AC 00 01 02 }
dst regs dR: { 03 04 }
IS: 1 IP: 0
. === machine state === 
mem M:
24 0C 04 00 4B 20 46 80  82 00 6D 00 EB 1A 00 05    $...K F. ..m.... 
00 5C 00 3C 00 83 00 7E  00 6F 1B 00 16 00 52 00    .\.<...~ .o..R. 
3D 00 94 00 74 00 80 2C  00 0C 00 53 00 4E 00 8A    =...t.., ...S.N.. 
00 75 00 76 22 00 0D 00  64 00 44 00 8B 00 86 00    .u.v"... d.D..... 
77 23 00 1E 00 5A 00 45  00 9C 00 7C 00 88 34 00    w#..Z.E ...|..4. 
14 00 5B 00 56 00 92 00  7D 00 7E 2A 00 15 00 6C    .[.V... }.~*..l 
00 4C 00 93 00 8E 00 7F  2B 00 26 00 62 00 4D 00    .L..... +.&.b.M. 
A4 00 84 00 90 3C 00 1C  00 63 00 5E 00 9A 00 85    .....<. .c.^.... 
00 86 32 00 1D 00 74 00  54 00 9B 00 96 00 87 33    ..2..t. T......3 
00 2E 00 6A 00 55 00 AC  00 8C 00 98 44 00 24 00    ...j.U.. ....D.$. 
6B 00 66 00 AC 03 8D 00  8E 3A 00 25 00 7C 00 5C    k.f..... .:.%.|.\ 
00 90 14 9E 00 8F 3B 00  36 00 72 00 5D 00 91 0A    .....;. 6.r.]... 
94 00 A0 4C 00 2C 00 73  00 6E 00 A2 0B 95 00 96    ...L.,.s .n...... 
42 00 2D 00 84 00 64 00  98 1C A6 00 97 43 00 3E    B.-...d. ....C.> 
00 7A 00 65 00 99 12 9C  00 A8 54 00 34 00 7B 00    .z.e.... ..T.4.{. 
76 00 AA 13 9D 00 9E 4A  00 35 00 8C 00 6C 00 A0    v......J .5...l.. 
src regs sR: { 01 01 07 A0 }
dst regs dR: { 03 0C }
IS: 3 IP: 13
Your code solved puzzle copyreg!
BLNCE.CRE=172@999999|f3cfc78f0f7434ec53324fb4581aea4
% 
[balance] Running test 1/5...

 === machine state === 
mem M:
01 02 04 08 10 20 40 80  00 00 00 00 00 00 00 00
00 00 00 00 00 00 00 00  00 00 00 00 00 00 00 00
00 00 00 00 00 00 00 00  00 00 00 00 00 00 00 00
00 00 00 00 00 00 00 00  00 00 00 00 00 00 00 00
00 00 00 00 00 00 00 00  00 00 00 00 00 00 00 00
00 00 00 00 00 00 00 00  00 00 00 00 00 00 00 00
00 00 00 00 00 00 00 00  00 00 00 00 00 00 00 00
00 00 00 00 00 00 00 00  00 00 00 00 00 00 00 00
00 00 00 00 00 00 00 00  00 00 00 00 00 00 00 00
00 00 00 00 00 00 00 00  00 00 00 00 00 00 00 00
00 00 00 00 00 00 00 00  00 00 00 00 00 00 00 00
00 00 00 00 00 00 00 00  00 00 00 00 00 00 00 00
00 00 00 00 00 00 00 00  00 00 00 00 00 00 00 00
00 00 00 00 00 00 00 00  00 00 00 00 00 00 00 00
00 00 00 00 00 00 00 00  00 00 00 00 00 00 00 00
00 00 00 00 00 00 00 00  00 00 00 00 00 00 00 00
src regs sR: { 61 00 01 02 }
dst regs dR: { 03 04 }
IS: 1 IP: 0
Your code halted, but didn't solve puzzle copyreg.
Try again to balance the score
 === machine state === 
mem M:
01 02 04 00 10 20 40 80  00 00 00 00 00 12 00 05
00 06 00 00 00 00 00 00  00 00 08 00 16 00 07 00
00 00 00 00 00 00 00 09  00 0C 00 18 00 00 00 00
00 00 00 00 1A 00 0D 00  0E 00 00 00 00 00 00 00
00 10 00 1E 00 0F 00 00  00 00 00 00 00 00 11 00
14 00 20 00 00 00 00 00  00 00 03 22 00 15 00 16
00 00 00 00 00 00 00 14  18 00 26 00 17 00 00 00
00 00 00 00 0A 19 00 1C  00 28 00 00 00 00 00 00
00 0B 2A 00 1D 00 1E 00  00 00 00 00 00 00 1C 20
00 2E 00 1F 00 00 00 00  00 00 00 12 21 00 24 00
30 00 00 00 00 00 00 00  13 32 00 25 00 26 00 00
00 00 00 00 00 24 28 00  A8 00 27 00 00 00 00 00
00 00 1A 00 00 00 00 00  00 00 00 00 00 00 00 1B
00 00 00 00 00 00 00 00  00 00 00 00 2C 00 00 00
00 00 00 00 00 00 00 00  00 22 00 00 00 00 00 00
00 00 00 00 00 00 23 00  00 00 00 00 00 00 00 00
src regs sR: { 01 B6 07 B6 }
dst regs dR: { 03 B8 }
IS: 3 IP: 13
% 
[balance] Running test 1/5...

 === machine state === 
mem M:
01 02 04 08 10 20 40 80  00 00 00 00 00 00 00 00
00 00 00 00 00 00 00 00  00 00 00 00 00 00 00 00
00 00 00 00 00 00 00 00  00 00 00 00 00 00 00 00
00 00 00 00 00 00 00 00  00 00 00 00 00 00 00 00
00 00 00 00 00 00 00 00  00 00 00 00 00 00 00 00
00 00 00 00 00 00 00 00  00 00 00 00 00 00 00 00
00 00 00 00 00 00 00 00  00 00 00 00 00 00 00 00
00 00 00 00 00 00 00 00  00 00 00 00 00 00 00 00
00 00 00 00 00 00 00 00  00 00 00 00 00 00 00 00
00 00 00 00 00 00 00 00  00 00 00 00 00 00 00 00
00 00 00 00 00 00 00 00  00 00 00 00 00 00 00 00
00 00 00 00 00 00 00 00  00 00 00 00 00 00 00 00
00 00 00 00 00 00 00 00  00 00 00 00 00 00 00 00
00 00 00 00 00 00 00 00  00 00 00 00 00 00 00 00
00 00 00 00 00 00 00 00  00 00 00 00 00 00 00 00
00 00 00 00 00 00 00 00  00 00 00 00 00 00 00 00
src regs sR: { E2 00 01 02 }
dst regs dR: { 03 04 }
IS: 1 IP: 0
.Your code halted, but didn't solve puzzle copyreg.
Try again to balance the score
 === machine state === 
mem M:
01 0C 0B 00 38 20 42 80  7A 00 84 00 EB 12 00 1C
00 39 00 43 00 70 00 7A  00 6F 08 00 12 00 4A 00
54 00 71 00 7B 00 80 09  00 13 00 40 00 4A 00 82
00 8C 00 76 1A 00 24 00  41 00 4B 00 78 00 82 00
77 10 00 1A 00 52 00 5C  00 79 00 83 00 88 11 00
1B 00 48 00 52 00 8A 00  94 00 7E 22 00 2C 00 49
00 53 00 80 00 8A 00 7F  18 00 22 00 5A 00 64 00
81 00 8B 00 90 19 00 23  00 50 00 5A 00 92 00 9C
00 86 2A 00 34 00 51 00  5B 00 88 00 92 00 87 20
00 2A 00 62 00 6C 00 89  00 93 00 98 21 00 2B 00
58 00 62 00 9A 00 A4 00  8E 32 00 3C 00 59 00 63
00 90 00 9A 00 8F 28 00  32 00 6A 00 74 00 91 00
9B 00 A0 29 00 33 00 60  00 6A 00 A2 00 AC 00 96
3A 00 44 00 61 00 6B 00  98 00 AC 03 97 30 00 3A
00 72 00 7C 00 99 00 9C  14 A8 31 00 3B 00 68 00
72 00 AA 00 9D 0A 9E 42  00 4C 00 69 00 73 00 A0
src regs sR: { 01 01 07 D6 }
dst regs dR: { 03 0C }
IS: 3 IP: 13
% 
[balance] Running test 1/5...

 === machine state === 
mem M:
01 02 04 08 10 20 40 80  00 00 00 00 00 00 00 00
00 00 00 00 00 00 00 00  00 00 00 00 00 00 00 00
00 00 00 00 00 00 00 00  00 00 00 00 00 00 00 00
00 00 00 00 00 00 00 00  00 00 00 00 00 00 00 00
00 00 00 00 00 00 00 00  00 00 00 00 00 00 00 00
00 00 00 00 00 00 00 00  00 00 00 00 00 00 00 00
00 00 00 00 00 00 00 00  00 00 00 00 00 00 00 00
00 00 00 00 00 00 00 00  00 00 00 00 00 00 00 00
00 00 00 00 00 00 00 00  00 00 00 00 00 00 00 00
00 00 00 00 00 00 00 00  00 00 00 00 00 00 00 00
00 00 00 00 00 00 00 00  00 00 00 00 00 00 00 00
00 00 00 00 00 00 00 00  00 00 00 00 00 00 00 00
00 00 00 00 00 00 00 00  00 00 00 00 00 00 00 00
00 00 00 00 00 00 00 00  00 00 00 00 00 00 00 00
00 00 00 00 00 00 00 00  00 00 00 00 00 00 00 00
00 00 00 00 00 00 00 00  00 00 00 00 00 00 00 00
src regs sR: { CF 00 01 02 }
dst regs dR: { 03 04 }
IS: 1 IP: 0
.Your code halted, but didn't solve puzzle copyreg.
Try again to balance the score
 === machine state === 
mem M:
43 0C 04 00 7A 20 46 80  7A 12 6D 00 EB 54 00 05
00 7B 00 3C 00 70 13 7E  00 6F 4A 00 16 00 8C 00
3D 00 71 24 74 00 80 4B  00 0C 00 82 00 4E 00 82
1A 75 00 76 5C 00 0D 00  83 00 44 00 78 1B 86 00
77 52 00 1E 00 94 00 45  00 79 2C 7C 00 88 53 00
14 00 8A 00 56 00 8A 22  7D 00 7E 64 00 15 00 8B
00 4C 00 80 23 8E 00 7F  5A 00 26 00 9C 00 4D 00
81 34 84 00 90 5B 00 1C  00 92 00 5E 00 92 2A 85
00 86 6C 00 1D 00 93 00  54 00 88 2B 96 00 87 62
00 2E 00 A4 00 55 00 89  3C 8C 00 98 63 00 24 00
9A 00 66 00 9A 32 8D 00  8E 74 00 25 00 9B 00 5C
00 90 33 9E 00 8F 6A 00  36 00 AC 00 5D 00 91 44
94 00 A0 6B 00 2C 00 AC  03 6E 00 A2 3A 95 00 96
7C 00 2D 00 61 14 64 00  98 3B A6 00 97 72 00 3E
00 72 0A 65 00 99 4C 9C  00 A8 73 00 34 00 68 0B
76 00 AA 42 9D 00 9E 84  00 35 00 69 1C 6C 00 A0
src regs sR: { 01 01 07 C3 }
dst regs dR: { 03 0C }
IS: 3 IP: 13
% 
[balance] Running test 1/5...

 === machine state === 
mem M:
01 02 04 08 10 20 40 80  00 00 00 00 00 00 00 00
00 00 00 00 00 00 00 00  00 00 00 00 00 00 00 00
00 00 00 00 00 00 00 00  00 00 00 00 00 00 00 00
00 00 00 00 00 00 00 00  00 00 00 00 00 00 00 00
00 00 00 00 00 00 00 00  00 00 00 00 00 00 00 00
00 00 00 00 00 00 00 00  00 00 00 00 00 00 00 00
00 00 00 00 00 00 00 00  00 00 00 00 00 00 00 00
00 00 00 00 00 00 00 00  00 00 00 00 00 00 00 00
00 00 00 00 00 00 00 00  00 00 00 00 00 00 00 00
00 00 00 00 00 00 00 00  00 00 00 00 00 00 00 00
00 00 00 00 00 00 00 00  00 00 00 00 00 00 00 00
00 00 00 00 00 00 00 00  00 00 00 00 00 00 00 00
00 00 00 00 00 00 00 00  00 00 00 00 00 00 00 00
00 00 00 00 00 00 00 00  00 00 00 00 00 00 00 00
00 00 00 00 00 00 00 00  00 00 00 00 00 00 00 00
00 00 00 00 00 00 00 00  00 00 00 00 00 00 00 00
src regs sR: { B8 00 01 02 }
dst regs dR: { 03 04 }
IS: 1 IP: 0
Your code halted, but didn't solve puzzle copyreg.
Try again to balance the score
 === machine state === 
mem M:
01 02 04 00 38 20 46 80  37 00 00 00 24 12 00 05
00 39 00 3C 00 48 00 00  00 1A 08 00 16 00 4A 00
3D 00 3E 00 00 00 1B 09  00 0C 00 40 00 4E 00 3F
00 00 00 2C 1A 00 0D 00  41 00 44 00 50 00 00 00
22 10 00 1E 00 52 00 45  00 46 00 00 00 23 11 00
14 00 48 00 56 00 47 00  00 00 34 22 00 15 00 49
00 C9 00 58 00 00 00 2A  18 00 26 00 17 00 00 00
00 00 00 00 2B 19 00 1C  00 28 00 00 00 00 00 00
00 3C 2A 00 1D 00 1E 00  00 00 00 00 00 00 32 20
00 2E 00 1F 00 00 00 00  00 00 00 33 21 00 24 00
30 00 00 00 00 00 00 00  44 32 00 25 00 26 00 00
00 03 00 00 00 3A 28 00  36 00 27 00 00 00 14 00
00 00 3B 29 00 2C 00 38  00 00 00 0A 00 00 00 4C
3A 00 2D 00 2E 00 00 00  0B 00 00 00 42 30 00 3E
00 2F 00 00 00 1C 00 00  00 43 31 00 34 00 40 00
00 00 12 00 00 00 54 42  00 35 00 36 00 00 00 13
src regs sR: { 01 5F 07 5F }
dst regs dR: { 03 61 }
IS: 3 IP: 13
% 
[balance] Running test 1/5...

 === machine state === 
mem M:
01 02 04 08 10 20 40 80  00 00 00 00 00 00 00 00
00 00 00 00 00 00 00 00  00 00 00 00 00 00 00 00
00 00 00 00 00 00 00 00  00 00 00 00 00 00 00 00
00 00 00 00 00 00 00 00  00 00 00 00 00 00 00 00
00 00 00 00 00 00 00 00  00 00 00 00 00 00 00 00
00 00 00 00 00 00 00 00  00 00 00 00 00 00 00 00
00 00 00 00 00 00 00 00  00 00 00 00 00 00 00 00
00 00 00 00 00 00 00 00  00 00 00 00 00 00 00 00
00 00 00 00 00 00 00 00  00 00 00 00 00 00 00 00
00 00 00 00 00 00 00 00  00 00 00 00 00 00 00 00
00 00 00 00 00 00 00 00  00 00 00 00 00 00 00 00
00 00 00 00 00 00 00 00  00 00 00 00 00 00 00 00
00 00 00 00 00 00 00 00  00 00 00 00 00 00 00 00
00 00 00 00 00 00 00 00  00 00 00 00 00 00 00 00
00 00 00 00 00 00 00 00  00 00 00 00 00 00 00 00
00 00 00 00 00 00 00 00  00 00 00 00 00 00 00 00
src regs sR: { CA 00 01 02 }
dst regs dR: { 03 04 }
IS: 1 IP: 0
.Your code halted, but didn't solve puzzle copyreg.
Try again to balance the score
 === machine state === 
mem M:
01 0C 04 00 38 20 46 80  7A 00 6D 00 11 12 00 05
00 39 00 3C 00 70 00 7E  00 8C 08 00 16 00 4A 00
3D 00 71 00 74 00 82 09  00 0C 00 40 00 4E 00 82
00 75 00 83 1A 00 0D 00  41 00 44 00 78 00 86 00
94 10 00 1E 00 52 00 45  00 79 00 7C 00 8A 11 00
14 00 48 00 56 00 8A 00  7D 00 8B 22 00 15 00 49
00 4C 00 80 00 8E 00 9C  18 00 26 00 5A 00 4D 00
81 00 84 00 92 19 00 1C  00 50 00 5E 00 92 00 85
00 93 2A 00 1D 00 51 00  54 00 88 00 96 00 A4 20
00 2E 00 62 00 55 00 89  00 8C 00 9A 21 00 24 00
58 00 66 00 9A 00 8D 00  9B 32 00 25 00 59 00 5C
00 90 00 9E 00 AC 28 00  36 00 6A 00 5D 00 91 00
94 00 AC 29 00 2C 00 60  00 6E 00 A2 00 95 00 96
3A 00 2D 00 61 00 64 00  98 00 A6 00 97 30 00 3E
00 72 00 65 00 99 00 9C  00 A8 31 00 34 00 68 00
76 00 AA 00 9D 00 9E 42  00 35 00 69 00 6C 00 A0
src regs sR: { 01 01 07 BE }
dst regs dR: { 03 0C }
IS: 3 IP: 13
% 
[balance] Running test 1/5...

 === machine state === 
mem M:
01 02 04 08 10 20 40 80  00 00 00 00 00 00 00 00
00 00 00 00 00 00 00 00  00 00 00 00 00 00 00 00
00 00 00 00 00 00 00 00  00 00 00 00 00 00 00 00
00 00 00 00 00 00 00 00  00 00 00 00 00 00 00 00
00 00 00 00 00 00 00 00  00 00 00 00 00 00 00 00
00 00 00 00 00 00 00 00  00 00 00 00 00 00 00 00
00 00 00 00 00 00 00 00  00 00 00 00 00 00 00 00
00 00 00 00 00 00 00 00  00 00 00 00 00 00 00 00
00 00 00 00 00 00 00 00  00 00 00 00 00 00 00 00
00 00 00 00 00 00 00 00  00 00 00 00 00 00 00 00
00 00 00 00 00 00 00 00  00 00 00 00 00 00 00 00
00 00 00 00 00 00 00 00  00 00 00 00 00 00 00 00
00 00 00 00 00 00 00 00  00 00 00 00 00 00 00 00
00 00 00 00 00 00 00 00  00 00 00 00 00 00 00 00
00 00 00 00 00 00 00 00  00 00 00 00 00 00 00 00
00 00 00 00 00 00 00 00  00 00 00 00 00 00 00 00
src regs sR: { 89 00 01 02 }
dst regs dR: { 03 04 }
IS: 1 IP: 0
. === machine state === 
mem M:
01 0C 04 00 38 20 46 80  7A 00 6D 00 12 12 00 05
00 39 00 3C 00 70 00 7E  00 8B 08 00 16 00 4A 00
3D 00 71 00 74 00 9C 09  00 0C 00 40 00 4E 00 82
00 75 00 92 1A 00 0D 00  41 00 44 00 78 00 86 00
93 10 00 1E 00 52 00 45  00 79 00 7C 00 A4 11 00
14 00 48 00 56 00 8A 00  7D 00 9A 22 00 15 00 49
00 4C 00 80 00 8E 00 9B  18 00 26 00 5A 00 4D 00
81 00 84 00 AC 19 00 1C  00 50 00 5E 00 92 00 85
00 AC 2A 00 1D 00 51 00  54 00 88 00 96 00 87 20
00 2E 00 62 00 55 00 89  00 8C 00 98 21 00 24 00
58 00 66 00 9A 00 8D 00  8E 32 00 25 00 59 00 5C
00 90 00 9E 00 8F 28 00  36 00 6A 00 5D 00 91 00
94 00 A0 29 00 2C 00 60  00 6E 00 A2 00 95 00 96
3A 00 2D 00 61 00 64 00  98 00 A6 00 97 30 00 3E
00 72 00 65 00 99 00 9C  00 A8 31 00 34 00 68 00
76 00 AA 00 9D 00 9E 42  00 35 00 69 00 6C 00 A0
src regs sR: { 01 01 07 7D }
dst regs dR: { 03 0C }
IS: 3 IP: 13

[balance] Running test 2/5...

 === machine state === 
mem M:
01 02 04 08 10 20 40 80  00 00 00 00 00 00 00 00
00 00 00 00 00 00 00 00  00 00 00 00 00 00 00 00
00 00 00 00 00 00 00 00  00 00 00 00 00 00 00 00
00 00 00 00 00 00 00 00  00 00 00 00 00 00 00 00
00 00 00 00 00 00 00 00  00 00 00 00 00 00 00 00
00 00 00 00 00 00 00 00  00 00 00 00 00 00 00 00
00 00 00 00 00 00 00 00  00 00 00 00 00 00 00 00
00 00 00 00 00 00 00 00  00 00 00 00 00 00 00 00
00 00 00 00 00 00 00 00  00 00 00 00 00 00 00 00
00 00 00 00 00 00 00 00  00 00 00 00 00 00 00 00
00 00 00 00 00 00 00 00  00 00 00 00 00 00 00 00
00 00 00 00 00 00 00 00  00 00 00 00 00 00 00 00
00 00 00 00 00 00 00 00  00 00 00 00 00 00 00 00
00 00 00 00 00 00 00 00  00 00 00 00 00 00 00 00
00 00 00 00 00 00 00 00  00 00 00 00 00 00 00 00
00 00 00 00 00 00 00 00  00 00 00 00 00 00 00 00
src regs sR: { 4B 00 01 02 }
dst regs dR: { 03 04 }
IS: 1 IP: 0
. === machine state === 
mem M:
01 0C 93 08 38 20 46 2B  7A 00 6D 62 40 12 00 A4
00 39 00 3C 3C 70 00 7E  63 6F 08 00 9A 00 4A 00
3D 32 71 00 74 74 80 09  00 9B 00 40 00 4E 33 82
00 75 6A 76 1A 00 AC 00  41 00 44 44 78 00 86 6B
77 10 00 AC 03 52 00 45  3A 79 00 7C 7C 88 11 00
14 14 48 00 56 3B 8A 00  7D 72 7E 22 00 15 0A 49
00 4C 4C 80 00 8E 73 7F  18 00 26 0B 5A 00 4D 42
81 00 84 84 90 19 00 1C  1C 50 00 5E 43 92 00 85
7A 86 2A 00 1D 12 51 00  54 54 88 00 96 7B 87 20
00 2E 13 62 00 55 4A 89  00 8C 8C 98 21 00 24 24
58 00 66 4B 9A 00 8D 82  8E 32 00 25 1A 59 00 5C
5C 90 00 9E 83 8F 28 00  36 1B 6A 00 5D 52 91 00
94 94 A0 29 00 2C 2C 60  00 6E 53 A2 00 95 8A 96
3A 00 2D 22 61 00 64 64  98 00 A6 8B 97 30 00 3E
23 72 00 65 5A 99 00 9C  9C A8 31 00 34 34 68 00
76 5B AA 00 9D 92 9E 42  00 35 2A 69 00 6C 6C A0
src regs sR: { 01 01 07 3F }
dst regs dR: { 03 0C }
IS: 3 IP: 13

[balance] Running test 3/5...

 === machine state === 
mem M:
01 02 04 08 10 20 40 80  00 00 00 00 00 00 00 00
00 00 00 00 00 00 00 00  00 00 00 00 00 00 00 00
00 00 00 00 00 00 00 00  00 00 00 00 00 00 00 00
00 00 00 00 00 00 00 00  00 00 00 00 00 00 00 00
00 00 00 00 00 00 00 00  00 00 00 00 00 00 00 00
00 00 00 00 00 00 00 00  00 00 00 00 00 00 00 00
00 00 00 00 00 00 00 00  00 00 00 00 00 00 00 00
00 00 00 00 00 00 00 00  00 00 00 00 00 00 00 00
00 00 00 00 00 00 00 00  00 00 00 00 00 00 00 00
00 00 00 00 00 00 00 00  00 00 00 00 00 00 00 00
00 00 00 00 00 00 00 00  00 00 00 00 00 00 00 00
00 00 00 00 00 00 00 00  00 00 00 00 00 00 00 00
00 00 00 00 00 00 00 00  00 00 00 00 00 00 00 00
00 00 00 00 00 00 00 00  00 00 00 00 00 00 00 00
00 00 00 00 00 00 00 00  00 00 00 00 00 00 00 00
00 00 00 00 00 00 00 00  00 00 00 00 00 00 00 00
src regs sR: { 7B 00 01 02 }
dst regs dR: { 03 04 }
IS: 1 IP: 0
Your code halted, but didn't solve puzzle copyreg.
Try again to balance the score
 === machine state === 
mem M:
01 02 04 00 10 20 40 80  00 00 00 00 00 12 00 05
00 06 00 00 00 00 00 00  00 00 08 00 16 00 07 00
00 00 00 00 00 00 00 09  00 0C 00 18 00 00 00 00
00 00 00 00 1A 00 0D 00  0E 00 00 00 00 00 00 00
00 10 00 1E 00 0F 00 00  00 00 00 00 00 00 11 00
14 00 20 00 00 00 00 00  00 00 00 22 00 15 00 16
00 00 00 00 00 00 00 00  18 00 26 00 17 00 00 00
00 00 00 00 03 19 00 1C  00 28 00 00 00 00 00 00
00 14 2A 00 1D 00 1E 00  00 00 00 00 00 00 0A 20
00 2E 00 1F 00 00 00 00  00 00 00 0B 21 00 A1 00
30 00 00 00 00 00 00 00  1C 00 00 00 00 00 00 00
00 00 00 00 00 12 00 00  00 00 00 00 00 00 00 00
00 00 13 00 00 00 00 00  00 00 00 00 00 00 00 24
00 00 00 00 00 00 00 00  00 00 00 00 1A 00 00 00
00 00 00 00 00 00 00 00  00 1B 00 00 00 00 00 00
00 00 00 00 00 00 2C 00  00 00 00 00 00 00 00 00
src regs sR: { 01 9C 07 9C }
dst regs dR: { 03 9E }
IS: 3 IP: 13
% 
[balance] Running test 1/5...

 === machine state === 
mem M:
01 02 04 08 10 20 40 80  00 00 00 00 00 00 00 00
00 00 00 00 00 00 00 00  00 00 00 00 00 00 00 00
00 00 00 00 00 00 00 00  00 00 00 00 00 00 00 00
00 00 00 00 00 00 00 00  00 00 00 00 00 00 00 00
00 00 00 00 00 00 00 00  00 00 00 00 00 00 00 00
00 00 00 00 00 00 00 00  00 00 00 00 00 00 00 00
00 00 00 00 00 00 00 00  00 00 00 00 00 00 00 00
00 00 00 00 00 00 00 00  00 00 00 00 00 00 00 00
00 00 00 00 00 00 00 00  00 00 00 00 00 00 00 00
00 00 00 00 00 00 00 00  00 00 00 00 00 00 00 00
00 00 00 00 00 00 00 00  00 00 00 00 00 00 00 00
00 00 00 00 00 00 00 00  00 00 00 00 00 00 00 00
00 00 00 00 00 00 00 00  00 00 00 00 00 00 00 00
00 00 00 00 00 00 00 00  00 00 00 00 00 00 00 00
00 00 00 00 00 00 00 00  00 00 00 00 00 00 00 00
00 00 00 00 00 00 00 00  00 00 00 00 00 00 00 00
src regs sR: { CE 00 01 02 }
dst regs dR: { 03 04 }
IS: 1 IP: 0
.Your code halted, but didn't solve puzzle copyreg.
Try again to balance the score
 === machine state === 
mem M:
01 02 04 00 38 20 46 80  7A 00 6D 00 6E 12 00 05
00 39 00 3C 00 70 00 7E  00 6F 08 00 16 00 4A 00
3D 00 71 00 74 00 80 09  00 0C 00 40 00 4E 00 82
00 75 00 76 1A 00 0D 00  41 00 44 00 78 00 86 00
77 10 00 1E 00 52 00 45  00 79 00 F9 00 88 11 00
14 00 48 00 56 00 47 00  00 00 64 22 00 15 00 49
00 4C 00 58 00 00 00 5A  18 00 26 00 5A 00 4D 00
4E 00 00 00 5B 19 00 1C  00 50 00 5E 00 4F 00 00
00 6C 2A 00 1D 00 51 00  54 00 60 00 00 00 62 20
00 2E 00 62 00 55 00 56  00 00 00 63 21 00 24 00
58 00 66 00 57 00 00 00  74 32 00 25 00 59 00 5C
00 68 00 00 00 6A 28 00  36 00 6A 00 5D 00 5E 00
00 00 6B 29 00 2C 00 60  00 6E 00 5F 00 00 00 7C
3A 00 2D 00 61 00 64 00  70 00 00 00 72 30 00 3E
00 72 00 65 00 66 00 00  00 73 31 00 34 00 68 00
76 00 67 00 00 00 84 42  00 35 00 69 00 6C 00 78
src regs sR: { 01 49 07 49 }
dst regs dR: { 03 4B }
IS: 3 IP: 13
% 
[balance] Running test 1/5...

 === machine state === 
mem M:
01 02 04 08 10 20 40 80  00 00 00 00 00 00 00 00
00 00 00 00 00 00 00 00  00 00 00 00 00 00 00 00
00 00 00 00 00 00 00 00  00 00 00 00 00 00 00 00
00 00 00 00 00 00 00 00  00 00 00 00 00 00 00 00
00 00 00 00 00 00 00 00  00 00 00 00 00 00 00 00
00 00 00 00 00 00 00 00  00 00 00 00 00 00 00 00
00 00 00 00 00 00 00 00  00 00 00 00 00 00 00 00
00 00 00 00 00 00 00 00  00 00 00 00 00 00 00 00
00 00 00 00 00 00 00 00  00 00 00 00 00 00 00 00
00 00 00 00 00 00 00 00  00 00 00 00 00 00 00 00
00 00 00 00 00 00 00 00  00 00 00 00 00 00 00 00
00 00 00 00 00 00 00 00  00 00 00 00 00 00 00 00
00 00 00 00 00 00 00 00  00 00 00 00 00 00 00 00
00 00 00 00 00 00 00 00  00 00 00 00 00 00 00 00
00 00 00 00 00 00 00 00  00 00 00 00 00 00 00 00
00 00 00 00 00 00 00 00  00 00 00 00 00 00 00 00
src regs sR: { E0 00 01 02 }
dst regs dR: { 03 04 }
IS: 1 IP: 0
.Your code halted, but didn't solve puzzle copyreg.
Try again to balance the score
 === machine state === 
mem M:
0B 0C 04 00 42 20 46 80  84 00 6D 00 EB 1C 00 05
00 43 00 3C 00 7A 00 7E  00 6F 12 00 16 00 54 00
3D 00 7B 00 74 00 80 13  00 0C 00 4A 00 4E 00 8C
00 75 00 76 24 00 0D 00  4B 00 44 00 82 00 86 00
77 1A 00 1E 00 5C 00 45  00 83 00 7C 00 88 1B 00
14 00 52 00 56 00 94 00  7D 00 7E 2C 00 15 00 53
00 4C 00 8A 00 8E 00 7F  22 00 26 00 64 00 4D 00
8B 00 84 00 90 23 00 1C  00 5A 00 5E 00 9C 00 85
00 86 34 00 1D 00 5B 00  54 00 92 00 96 00 87 2A
00 2E 00 6C 00 55 00 93  00 8C 00 98 2B 00 24 00
62 00 66 00 A4 00 8D 00  8E 3C 00 25 00 63 00 5C
00 9A 00 9E 00 8F 32 00  36 00 74 00 5D 00 9B 00
94 00 A0 33 00 2C 00 6A  00 6E 00 AC 00 95 00 96
44 00 2D 00 6B 00 64 00  AC 03 A6 00 97 3A 00 3E
00 7C 00 65 00 99 14 9C  00 A8 3B 00 34 00 72 00
76 00 AA 0A 9D 00 9E 4C  00 35 00 73 00 6C 00 A0
src regs sR: { 01 01 07 D4 }
dst regs dR: { 03 0C }
IS: 3 IP: 13
% 
[balance] Running test 1/5...

 === machine state === 
mem M:
01 02 04 08 10 20 40 80  00 00 00 00 00 00 00 00
00 00 00 00 00 00 00 00  00 00 00 00 00 00 00 00
00 00 00 00 00 00 00 00  00 00 00 00 00 00 00 00
00 00 00 00 00 00 00 00  00 00 00 00 00 00 00 00
00 00 00 00 00 00 00 00  00 00 00 00 00 00 00 00
00 00 00 00 00 00 00 00  00 00 00 00 00 00 00 00
00 00 00 00 00 00 00 00  00 00 00 00 00 00 00 00
00 00 00 00 00 00 00 00  00 00 00 00 00 00 00 00
00 00 00 00 00 00 00 00  00 00 00 00 00 00 00 00
00 00 00 00 00 00 00 00  00 00 00 00 00 00 00 00
00 00 00 00 00 00 00 00  00 00 00 00 00 00 00 00
00 00 00 00 00 00 00 00  00 00 00 00 00 00 00 00
00 00 00 00 00 00 00 00  00 00 00 00 00 00 00 00
00 00 00 00 00 00 00 00  00 00 00 00 00 00 00 00
00 00 00 00 00 00 00 00  00 00 00 00 00 00 00 00
00 00 00 00 00 00 00 00  00 00 00 00 00 00 00 00
src regs sR: { 38 00 01 02 }
dst regs dR: { 03 04 }
IS: 1 IP: 0
.Your code halted, but didn't solve puzzle copyreg.
Try again to balance the score
 === machine state === 
mem M:
01 D2 04 80 4B 30 56 80  20 34 4D 00 94 12 A0 05
00 83 75 BD 00 87 6C 92  00 86 08 D8 16 00 C8 DC
F5 00 BF B1 F9 00 CB 09  1D 0C 00 2F 14 3A 00 04
B1 31 00 32 1A 84 0D 00  67 59 A1 00 6B 00 76 00
6A 10 BC 1E 00 AC C0 D9  00 A3 00 DD 00 AF 11 01
14 00 13 F8 1E 00 E8 00  15 00 16 22 68 15 00 4B
3D 85 00 4F 00 5A 00 4E  18 A0 26 00 90 A4 BD 00
87 00 C1 00 93 19 E5 1C  00 F7 DC 02 00 CC 00 F9
00 FA 2A 4C 1D 00 2F 21  69 00 33 00 3E 00 32 20
84 2E 00 74 88 A1 00 6B  00 A5 00 77 21 C9 24 00
DB C0 E6 00 B0 00 DD 00  DE 32 30 25 00 13 05 4D
00 17 00 22 00 16 28 68  36 00 58 6C 85 00 4F 00
89 00 5B 29 AD 2C 00 BF  A4 CA 00 94 00 C1 00 C2
3A 14 2D 00 F7 E9 31 00  FB 00 06 00 FA 67 4C 72
00 3C 50 69 00 33 00 6D  00 3F 9F 91 D9 00 A3 88
AE 00 78 00 A5 00 A6 E4  F8 11 00 DB CD 15 00 DF
src regs sR: { 01 01 07 2C }
dst regs dR: { 03 0C }
IS: 3 IP: 13
% 
[balance] Running test 1/5...

 === machine state === 
mem M:
01 02 04 08 10 20 40 80  00 00 00 00 00 00 00 00
00 00 00 00 00 00 00 00  00 00 00 00 00 00 00 00
00 00 00 00 00 00 00 00  00 00 00 00 00 00 00 00
00 00 00 00 00 00 00 00  00 00 00 00 00 00 00 00
00 00 00 00 00 00 00 00  00 00 00 00 00 00 00 00
00 00 00 00 00 00 00 00  00 00 00 00 00 00 00 00
00 00 00 00 00 00 00 00  00 00 00 00 00 00 00 00
00 00 00 00 00 00 00 00  00 00 00 00 00 00 00 00
00 00 00 00 00 00 00 00  00 00 00 00 00 00 00 00
00 00 00 00 00 00 00 00  00 00 00 00 00 00 00 00
00 00 00 00 00 00 00 00  00 00 00 00 00 00 00 00
00 00 00 00 00 00 00 00  00 00 00 00 00 00 00 00
00 00 00 00 00 00 00 00  00 00 00 00 00 00 00 00
00 00 00 00 00 00 00 00  00 00 00 00 00 00 00 00
00 00 00 00 00 00 00 00  00 00 00 00 00 00 00 00
00 00 00 00 00 00 00 00  00 00 00 00 00 00 00 00
src regs sR: { CF 00 01 02 }
dst regs dR: { 03 04 }
IS: 1 IP: 0
.Your code halted, but didn't solve puzzle copyreg.
Try again to balance the score
 === machine state === 
mem M:
43 0C 04 00 7A 20 46 80  7A 12 6D 00 EB 54 00 05
00 7B 00 3C 00 70 13 7E  00 6F 4A 00 16 00 8C 00
3D 00 71 24 74 00 80 4B  00 0C 00 82 00 4E 00 82
1A 75 00 76 5C 00 0D 00  83 00 44 00 78 1B 86 00
77 52 00 1E 00 94 00 45  00 79 2C 7C 00 88 53 00
14 00 8A 00 56 00 8A 22  7D 00 7E 64 00 15 00 8B
00 4C 00 80 23 8E 00 7F  5A 00 26 00 9C 00 4D 00
81 34 84 00 90 5B 00 1C  00 92 00 5E 00 92 2A 85
00 86 6C 00 1D 00 93 00  54 00 88 2B 96 00 87 62
00 2E 00 A4 00 55 00 89  3C 8C 00 98 63 00 24 00
9A 00 66 00 9A 32 8D 00  8E 74 00 25 00 9B 00 5C
00 90 33 9E 00 8F 6A 00  36 00 AC 00 5D 00 91 44
94 00 A0 6B 00 2C 00 AC  03 6E 00 A2 3A 95 00 96
7C 00 2D 00 61 14 64 00  98 3B A6 00 97 72 00 3E
00 72 0A 65 00 99 4C 9C  00 A8 73 00 34 00 68 0B
76 00 AA 42 9D 00 9E 84  00 35 00 69 1C 6C 00 A0
src regs sR: { 01 01 07 C3 }
dst regs dR: { 03 0C }
IS: 3 IP: 13
% 
[balance] Running test 1/5...

 === machine state === 
mem M:
01 02 04 08 10 20 40 80  00 00 00 00 00 00 00 00
00 00 00 00 00 00 00 00  00 00 00 00 00 00 00 00
00 00 00 00 00 00 00 00  00 00 00 00 00 00 00 00
00 00 00 00 00 00 00 00  00 00 00 00 00 00 00 00
00 00 00 00 00 00 00 00  00 00 00 00 00 00 00 00
00 00 00 00 00 00 00 00  00 00 00 00 00 00 00 00
00 00 00 00 00 00 00 00  00 00 00 00 00 00 00 00
00 00 00 00 00 00 00 00  00 00 00 00 00 00 00 00
00 00 00 00 00 00 00 00  00 00 00 00 00 00 00 00
00 00 00 00 00 00 00 00  00 00 00 00 00 00 00 00
00 00 00 00 00 00 00 00  00 00 00 00 00 00 00 00
00 00 00 00 00 00 00 00  00 00 00 00 00 00 00 00
00 00 00 00 00 00 00 00  00 00 00 00 00 00 00 00
00 00 00 00 00 00 00 00  00 00 00 00 00 00 00 00
00 00 00 00 00 00 00 00  00 00 00 00 00 00 00 00
00 00 00 00 00 00 00 00  00 00 00 00 00 00 00 00
src regs sR: { 29 00 01 02 }
dst regs dR: { 03 04 }
IS: 1 IP: 0
 === machine state === 
mem M:
01 02 04 00 38 20 46 80  37 00 00 00 33 12 00 05
00 39 00 3C 00 48 00 00  00 44 08 00 16 00 4A 00
3D 00 3E 00 00 00 3A 09  00 0C 00 40 00 4E 00 3F
00 00 00 3B 1A 00 0D 00  41 00 44 00 50 00 00 00
4C 10 00 1E 00 52 00 45  00 46 00 00 00 42 11 00
14 00 48 00 56 00 47 00  00 00 43 22 00 15 00 49
00 4C 00 58 00 00 00 54  18 00 26 00 5A 00 4D 00
4E 00 00 00 4A 19 00 1C  00 50 00 5E 00 4F 00 00
00 4B 2A 00 1D 00 51 00  54 00 60 00 00 00 5C 20
00 2E 00 62 00 55 00 56  00 00 00 52 21 00 24 00
58 00 66 00 57 00 00 00  53 32 00 25 00 59 00 5C
00 68 00 00 00 64 28 00  36 00 6A 00 5D 00 5E 00
00 00 5A 29 00 2C 00 60  00 6E 00 5F 00 00 00 5B
3A 00 2D 00 61 00 64 00  70 00 00 00 6C 30 00 3E
00 72 00 65 00 66 00 00  00 62 31 00 34 00 68 00
E8 00 67 00 00 00 63 42  00 35 00 36 00 00 00 32
src regs sR: { 01 EE 07 EE }
dst regs dR: { 03 F0 }
IS: 3 IP: 13

[balance] Running test 2/5...

 === machine state === 
mem M:
01 02 04 08 10 20 40 80  00 00 00 00 00 00 00 00
00 00 00 00 00 00 00 00  00 00 00 00 00 00 00 00
00 00 00 00 00 00 00 00  00 00 00 00 00 00 00 00
00 00 00 00 00 00 00 00  00 00 00 00 00 00 00 00
00 00 00 00 00 00 00 00  00 00 00 00 00 00 00 00
00 00 00 00 00 00 00 00  00 00 00 00 00 00 00 00
00 00 00 00 00 00 00 00  00 00 00 00 00 00 00 00
00 00 00 00 00 00 00 00  00 00 00 00 00 00 00 00
00 00 00 00 00 00 00 00  00 00 00 00 00 00 00 00
00 00 00 00 00 00 00 00  00 00 00 00 00 00 00 00
00 00 00 00 00 00 00 00  00 00 00 00 00 00 00 00
00 00 00 00 00 00 00 00  00 00 00 00 00 00 00 00
00 00 00 00 00 00 00 00  00 00 00 00 00 00 00 00
00 00 00 00 00 00 00 00  00 00 00 00 00 00 00 00
00 00 00 00 00 00 00 00  00 00 00 00 00 00 00 00
00 00 00 00 00 00 00 00  00 00 00 00 00 00 00 00
src regs sR: { 54 00 01 02 }
dst regs dR: { 03 04 }
IS: 1 IP: 0
Your code halted, but didn't solve puzzle copyreg.
Try again to balance the score
 === machine state === 
mem M:
01 02 04 00 10 20 40 80  00 00 00 00 00 12 00 05
00 06 00 00 00 00 00 00  00 00 08 00 16 00 07 00
00 00 00 00 00 00 00 09  00 0C 00 18 00 00 00 00
00 00 00 00 1A 00 0D 00  0E 00 00 00 00 00 00 00
00 10 00 1E 00 0F 00 00  00 00 00 00 00 03 11 00
14 00 20 00 00 00 00 00  00 00 14 22 00 15 00 16
00 00 00 00 00 00 00 0A  18 00 26 00 17 00 00 00
00 00 00 00 0B 19 00 1C  00 28 00 00 00 00 00 00
00 1C 2A 00 1D 00 1E 00  00 00 00 00 00 00 12 20
00 2E 00 1F 00 00 00 00  00 00 00 13 21 00 24 00
30 00 00 00 00 00 00 00  24 32 00 25 00 26 00 00
00 00 00 00 00 1A 28 00  36 00 27 00 00 00 00 00
00 00 1B 29 00 A9 00 38  00 00 00 00 00 00 00 2C
00 00 00 00 00 00 00 00  00 00 00 00 22 00 00 00
00 00 00 00 00 00 00 00  00 23 00 00 00 00 00 00
00 00 00 00 00 00 34 00  00 00 00 00 00 00 00 00
src regs sR: { 01 C3 07 C3 }
dst regs dR: { 03 C5 }
IS: 3 IP: 13
% 
[balance] Running test 1/5...

 === machine state === 
mem M:
01 02 04 08 10 20 40 80  00 00 00 00 00 00 00 00
00 00 00 00 00 00 00 00  00 00 00 00 00 00 00 00
00 00 00 00 00 00 00 00  00 00 00 00 00 00 00 00
00 00 00 00 00 00 00 00  00 00 00 00 00 00 00 00
00 00 00 00 00 00 00 00  00 00 00 00 00 00 00 00
00 00 00 00 00 00 00 00  00 00 00 00 00 00 00 00
00 00 00 00 00 00 00 00  00 00 00 00 00 00 00 00
00 00 00 00 00 00 00 00  00 00 00 00 00 00 00 00
00 00 00 00 00 00 00 00  00 00 00 00 00 00 00 00
00 00 00 00 00 00 00 00  00 00 00 00 00 00 00 00
00 00 00 00 00 00 00 00  00 00 00 00 00 00 00 00
00 00 00 00 00 00 00 00  00 00 00 00 00 00 00 00
00 00 00 00 00 00 00 00  00 00 00 00 00 00 00 00
00 00 00 00 00 00 00 00  00 00 00 00 00 00 00 00
00 00 00 00 00 00 00 00  00 00 00 00 00 00 00 00
00 00 00 00 00 00 00 00  00 00 00 00 00 00 00 00
src regs sR: { 62 00 01 02 }
dst regs dR: { 03 04 }
IS: 1 IP: 0
. === machine state === 
mem M:
01 0C 04 00 38 20 46 80  7A 00 6D 00 0A 12 00 05
00 39 00 3C 00 70 00 7E  00 93 08 00 16 00 4A 00
3D 00 71 00 74 00 A4 09  00 0C 00 40 00 4E 00 82
00 75 00 9A 1A 00 0D 00  41 00 44 00 78 00 86 00
9B 10 00 1E 00 52 00 45  00 79 00 7C 00 AC 11 00
14 00 48 00 56 00 8A 00  7D 00 AC 22 00 15 00 49
00 4C 00 80 00 8E 00 7F  18 00 26 00 5A 00 4D 00
81 00 84 00 90 19 00 1C  00 50 00 5E 00 92 00 85
00 86 2A 00 1D 00 51 00  54 00 88 00 96 00 87 20
00 2E 00 62 00 55 00 89  00 8C 00 98 21 00 24 00
58 00 66 00 9A 00 8D 00  8E 32 00 25 00 59 00 5C
00 90 00 9E 00 8F 28 00  36 00 6A 00 5D 00 91 00
94 00 A0 29 00 2C 00 60  00 6E 00 A2 00 95 00 96
3A 00 2D 00 61 00 64 00  98 00 A6 00 97 30 00 3E
00 72 00 65 00 99 00 9C  00 A8 31 00 34 00 68 00
76 00 AA 00 9D 00 9E 42  00 35 00 69 00 6C 00 A0
src regs sR: { 01 01 07 56 }
dst regs dR: { 03 0C }
IS: 3 IP: 13

[balance] Running test 2/5...

 === machine state === 
mem M:
01 02 04 08 10 20 40 80  00 00 00 00 00 00 00 00
00 00 00 00 00 00 00 00  00 00 00 00 00 00 00 00
00 00 00 00 00 00 00 00  00 00 00 00 00 00 00 00
00 00 00 00 00 00 00 00  00 00 00 00 00 00 00 00
00 00 00 00 00 00 00 00  00 00 00 00 00 00 00 00
00 00 00 00 00 00 00 00  00 00 00 00 00 00 00 00
00 00 00 00 00 00 00 00  00 00 00 00 00 00 00 00
00 00 00 00 00 00 00 00  00 00 00 00 00 00 00 00
00 00 00 00 00 00 00 00  00 00 00 00 00 00 00 00
00 00 00 00 00 00 00 00  00 00 00 00 00 00 00 00
00 00 00 00 00 00 00 00  00 00 00 00 00 00 00 00
00 00 00 00 00 00 00 00  00 00 00 00 00 00 00 00
00 00 00 00 00 00 00 00  00 00 00 00 00 00 00 00
00 00 00 00 00 00 00 00  00 00 00 00 00 00 00 00
00 00 00 00 00 00 00 00  00 00 00 00 00 00 00 00
00 00 00 00 00 00 00 00  00 00 00 00 00 00 00 00
src regs sR: { 50 00 01 02 }
dst regs dR: { 03 04 }
IS: 1 IP: 0
 === machine state === 
mem M:
01 02 04 00 38 20 46 80  37 00 00 00 2B 12 00 05
00 39 00 3C 00 48 00 00  00 3C 08 00 16 00 4A 00
3D 00 3E 00 00 00 32 09  00 0C 00 40 00 4E 00 3F
00 00 00 33 1A 00 0D 00  41 00 44 00 50 00 00 00
44 10 00 1E 00 52 00 45  00 46 00 00 00 3A 11 00
14 00 48 00 56 00 47 00  00 00 3B 22 00 15 00 49
00 4C 00 58 00 00 00 4C  18 00 26 00 5A 00 4D 00
4E 00 00 00 42 19 00 1C  00 50 00 5E 00 4F 00 00
00 43 2A 00 1D 00 51 00  54 00 60 00 00 00 54 20
00 2E 00 62 00 55 00 56  00 00 00 4A 21 00 24 00
58 00 66 00 57 00 00 00  4B 32 00 25 00 59 00 5C
00 68 00 00 00 5C 28 00  36 00 6A 00 5D 00 5E 00
00 00 52 29 00 2C 00 60  00 E0 00 5F 00 00 00 53
3A 00 2D 00 2E 00 00 00  22 00 00 00 64 30 00 3E
00 2F 00 00 00 23 00 00  00 5A 31 00 34 00 40 00
00 00 34 00 00 00 5B 42  00 35 00 36 00 00 00 2A
src regs sR: { 01 C7 07 C7 }
dst regs dR: { 03 C9 }
IS: 3 IP: 13

[balance] Running test 3/5...

 === machine state === 
mem M:
01 02 04 08 10 20 40 80  00 00 00 00 00 00 00 00
00 00 00 00 00 00 00 00  00 00 00 00 00 00 00 00
00 00 00 00 00 00 00 00  00 00 00 00 00 00 00 00
00 00 00 00 00 00 00 00  00 00 00 00 00 00 00 00
00 00 00 00 00 00 00 00  00 00 00 00 00 00 00 00
00 00 00 00 00 00 00 00  00 00 00 00 00 00 00 00
00 00 00 00 00 00 00 00  00 00 00 00 00 00 00 00
00 00 00 00 00 00 00 00  00 00 00 00 00 00 00 00
00 00 00 00 00 00 00 00  00 00 00 00 00 00 00 00
00 00 00 00 00 00 00 00  00 00 00 00 00 00 00 00
00 00 00 00 00 00 00 00  00 00 00 00 00 00 00 00
00 00 00 00 00 00 00 00  00 00 00 00 00 00 00 00
00 00 00 00 00 00 00 00  00 00 00 00 00 00 00 00
00 00 00 00 00 00 00 00  00 00 00 00 00 00 00 00
00 00 00 00 00 00 00 00  00 00 00 00 00 00 00 00
00 00 00 00 00 00 00 00  00 00 00 00 00 00 00 00
src regs sR: { 1C 00 01 02 }
dst regs dR: { 03 04 }
IS: 1 IP: 0
 === machine state === 
mem M:
01 02 04 00 38 20 46 80  37 00 00 00 44 12 00 05
00 39 00 3C 00 48 00 00  00 3A 08 00 16 00 4A 00
3D 00 3E 00 00 00 3B 09  00 0C 00 40 00 4E 00 3F
00 00 00 4C 1A 00 0D 00  41 00 44 00 50 00 00 00
42 10 00 1E 00 52 00 45  00 46 00 00 00 43 11 00
14 00 48 00 56 00 47 00  00 00 54 22 00 15 00 49
00 4C 00 58 00 00 00 4A  18 00 26 00 5A 00 4D 00
4E 00 00 00 4B 19 00 1C  00 50 00 5E 00 4F 00 00
00 5C 2A 00 1D 00 51 00  54 00 60 00 00 00 52 20
00 2E 00 62 00 55 00 56  00 00 00 53 21 00 24 00
58 00 66 00 57 00 00 00  64 32 00 25 00 59 00 5C
00 68 00 00 00 5A 28 00  36 00 6A 00 5D 00 5E 00
00 00 5B 29 00 2C 00 60  00 6E 00 5F 00 00 00 6C
3A 00 2D 00 61 00 64 00  70 00 00 00 62 30 00 3E
00 72 00 65 00 66 00 00  00 63 31 00 34 00 68 00
76 00 67 00 00 00 74 42  00 35 00 69 00 E9 00 78
src regs sR: { 01 FB 07 FB }
dst regs dR: { 03 FD }
IS: 3 IP: 13

[balance] Running test 4/5...

 === machine state === 
mem M:
01 02 04 08 10 20 40 80  00 00 00 00 00 00 00 00
00 00 00 00 00 00 00 00  00 00 00 00 00 00 00 00
00 00 00 00 00 00 00 00  00 00 00 00 00 00 00 00
00 00 00 00 00 00 00 00  00 00 00 00 00 00 00 00
00 00 00 00 00 00 00 00  00 00 00 00 00 00 00 00
00 00 00 00 00 00 00 00  00 00 00 00 00 00 00 00
00 00 00 00 00 00 00 00  00 00 00 00 00 00 00 00
00 00 00 00 00 00 00 00  00 00 00 00 00 00 00 00
00 00 00 00 00 00 00 00  00 00 00 00 00 00 00 00
00 00 00 00 00 00 00 00  00 00 00 00 00 00 00 00
00 00 00 00 00 00 00 00  00 00 00 00 00 00 00 00
00 00 00 00 00 00 00 00  00 00 00 00 00 00 00 00
00 00 00 00 00 00 00 00  00 00 00 00 00 00 00 00
00 00 00 00 00 00 00 00  00 00 00 00 00 00 00 00
00 00 00 00 00 00 00 00  00 00 00 00 00 00 00 00
00 00 00 00 00 00 00 00  00 00 00 00 00 00 00 00
src regs sR: { 55 00 01 02 }
dst regs dR: { 03 04 }
IS: 1 IP: 0
. === machine state === 
mem M:
01 0C 04 00 38 20 46 80  7A 00 6D 00 F9 12 00 05
00 39 00 3C 00 70 00 7E  00 A4 08 00 16 00 4A 00
3D 00 71 00 74 00 9A 09  00 0C 00 40 00 4E 00 82
00 75 00 9B 1A 00 0D 00  41 00 44 00 78 00 86 00
AC 10 00 1E 00 52 00 45  00 79 00 7C 00 AC 11 00
14 00 48 00 56 00 8A 00  7D 00 7E 22 00 15 00 49
00 4C 00 80 00 8E 00 7F  18 00 26 00 5A 00 4D 00
81 00 84 00 90 19 00 1C  00 50 00 5E 00 92 00 85
00 86 2A 00 1D 00 51 00  54 00 88 00 96 00 87 20
00 2E 00 62 00 55 00 89  00 8C 00 98 21 00 24 00
58 00 66 00 9A 00 8D 00  8E 32 00 25 00 59 00 5C
00 90 00 9E 00 8F 28 00  36 00 6A 00 5D 00 91 00
94 00 A0 29 00 2C 00 60  00 6E 00 A2 00 95 00 96
3A 00 2D 00 61 00 64 00  98 00 A6 00 97 30 00 3E
00 72 00 65 00 99 00 9C  00 A8 31 00 34 00 68 00
76 00 AA 00 9D 00 9E 42  00 35 00 69 00 6C 00 A0
src regs sR: { 01 01 07 49 }
dst regs dR: { 03 0C }
IS: 3 IP: 13

[balance] Running test 5/5...

 === machine state === 
mem M:
01 02 04 08 10 20 40 80  00 00 00 00 00 00 00 00
00 00 00 00 00 00 00 00  00 00 00 00 00 00 00 00
00 00 00 00 00 00 00 00  00 00 00 00 00 00 00 00
00 00 00 00 00 00 00 00  00 00 00 00 00 00 00 00
00 00 00 00 00 00 00 00  00 00 00 00 00 00 00 00
00 00 00 00 00 00 00 00  00 00 00 00 00 00 00 00
00 00 00 00 00 00 00 00  00 00 00 00 00 00 00 00
00 00 00 00 00 00 00 00  00 00 00 00 00 00 00 00
00 00 00 00 00 00 00 00  00 00 00 00 00 00 00 00
00 00 00 00 00 00 00 00  00 00 00 00 00 00 00 00
00 00 00 00 00 00 00 00  00 00 00 00 00 00 00 00
00 00 00 00 00 00 00 00  00 00 00 00 00 00 00 00
00 00 00 00 00 00 00 00  00 00 00 00 00 00 00 00
00 00 00 00 00 00 00 00  00 00 00 00 00 00 00 00
00 00 00 00 00 00 00 00  00 00 00 00 00 00 00 00
00 00 00 00 00 00 00 00  00 00 00 00 00 00 00 00
src regs sR: { A6 00 01 02 }
dst regs dR: { 03 04 }
IS: 1 IP: 0
. === machine state === 
mem M:
01 0C 82 08 38 20 46 1A  7A 00 6D 5C 71 12 00 83    ....8 F z.m\q... 
00 39 00 3C 1B 70 00 7E  52 6F 08 00 94 00 4A 00    .9.<p.~ Ro....J. 
3D 2C 71 00 74 53 80 09  00 8A 00 40 00 4E 22 82    =,q.tS.. ...@.N". 
00 75 64 76 1A 00 8B 00  41 00 44 23 78 00 86 5A    .udv... A.D#x..Z 
77 10 00 9C 00 52 00 45  34 79 00 7C 5B 88 11 00    w....R.E 4y.|[... 
92 00 48 00 56 2A 8A 00  7D 6C 7E 22 00 93 00 49    ..H.V*.. }l~"...I 
00 4C 2B 80 00 8E 62 7F  18 00 A4 00 5A 00 4D 3C    .L+...b ...Z.M< 
81 00 84 63 90 19 00 9A  00 50 00 5E 32 92 00 85    ...c... .P.^2... 
74 86 2A 00 9B 00 51 00  54 33 88 00 96 6A 87 20    t.*...Q. T3...j.  
00 AC 00 62 00 55 44 89  00 8C 6B 98 21 00 AC 03    ...b.UD. ..k.!... 
58 00 66 3A 9A 00 8D 7C  8E 32 00 25 14 59 00 5C    X.f:...| .2.%Y.\ 
3B 90 00 9E 72 8F 28 00  36 0A 6A 00 5D 4C 91 00    ;...r.(. 6.j.]L.. 
94 73 A0 29 00 2C 0B 60  00 6E 42 A2 00 95 84 96    .s.).,.` .nB..... 
3A 00 2D 1C 61 00 64 43  98 00 A6 7A 97 30 00 3E    :.-a.dC ...z.0.> 
12 72 00 65 54 99 00 9C  7B A8 31 00 34 13 68 00    .r.eT... {.1.4.h. 
76 4A AA 00 9D 8C 9E 42  00 35 24 69 00 6C 4B A0    vJ.....B .5$i.lK. 
src regs sR: { 01 01 07 9A }
dst regs dR: { 03 0C }
IS: 3 IP: 13
Your code solved puzzle copyreg!
BLNCE.CRE=172@999999|f3cfc78f0f7434ec53324fb4581aea4
% 
[balance] Running test 1/5...

 === machine state === 
mem M:
01 02 04 08 10 20 40 80  00 00 00 00 00 00 00 00
00 00 00 00 00 00 00 00  00 00 00 00 00 00 00 00
00 00 00 00 00 00 00 00  00 00 00 00 00 00 00 00
00 00 00 00 00 00 00 00  00 00 00 00 00 00 00 00
00 00 00 00 00 00 00 00  00 00 00 00 00 00 00 00
00 00 00 00 00 00 00 00  00 00 00 00 00 00 00 00
00 00 00 00 00 00 00 00  00 00 00 00 00 00 00 00
00 00 00 00 00 00 00 00  00 00 00 00 00 00 00 00
00 00 00 00 00 00 00 00  00 00 00 00 00 00 00 00
00 00 00 00 00 00 00 00  00 00 00 00 00 00 00 00
00 00 00 00 00 00 00 00  00 00 00 00 00 00 00 00
00 00 00 00 00 00 00 00  00 00 00 00 00 00 00 00
00 00 00 00 00 00 00 00  00 00 00 00 00 00 00 00
00 00 00 00 00 00 00 00  00 00 00 00 00 00 00 00
00 00 00 00 00 00 00 00  00 00 00 00 00 00 00 00
00 00 00 00 00 00 00 00  00 00 00 00 00 00 00 00
src regs sR: { 08 00 01 02 }
dst regs dR: { 03 04 }
IS: 1 IP: 0
 === machine state === 
mem M:
01 F5 04 00 E6 DB E7 80  D7 00 00 00 00 05 FA EA
00 CC C1 D0 00 DC 00 00  00 00 EE E3 EF 00 D1 C6
B6 00 C5 00 00 00 00 D4  C9 D8 00 BA AF BB 00 AB
00 00 00 00 D9 CE BE 00  A0 95 A4 00 B0 00 00 00
00 C2 B7 C3 00 A5 9A 8A  00 99 00 00 00 00 A8 9D
AC 00 8E 83 8F 00 7F 00  00 00 00 AD A2 92 00 74
69 78 00 84 00 00 00 00  96 8B 97 00 79 6E 5E 00
6D 00 00 00 00 7C 71 80  00 62 57 63 00 53 00 00
00 00 81 76 66 00 48 3D  4C 00 58 00 00 00 00 6A
5F 6B 00 4D 42 32 00 41  00 00 00 00 50 45 54 00
36 2B 37 00 27 00 00 00  00 55 4A 3A 00 1C 11 20
00 2C 00 00 00 00 3E 33  3F 00 21 16 06 00 15 00
00 00 00 24 19 28 00 0A  FF 0B 00 FB 00 00 00 00
29 1E 0E 00 F0 E5 F4 00  00 00 00 00 00 12 07 13
00 1E 00 00 00 00 00 00  00 00 F8 ED FC 00 08 00
00 00 00 00 00 00 00 FD  F2 E2 00 F1 00 00 00 00
src regs sR: { 01 D6 DC D1 }
dst regs dR: { 03 E1 }
IS: 3 IP: 13

[balance] Running test 2/5...

 === machine state === 
mem M:
01 02 04 08 10 20 40 80  00 00 00 00 00 00 00 00
00 00 00 00 00 00 00 00  00 00 00 00 00 00 00 00
00 00 00 00 00 00 00 00  00 00 00 00 00 00 00 00
00 00 00 00 00 00 00 00  00 00 00 00 00 00 00 00
00 00 00 00 00 00 00 00  00 00 00 00 00 00 00 00
00 00 00 00 00 00 00 00  00 00 00 00 00 00 00 00
00 00 00 00 00 00 00 00  00 00 00 00 00 00 00 00
00 00 00 00 00 00 00 00  00 00 00 00 00 00 00 00
00 00 00 00 00 00 00 00  00 00 00 00 00 00 00 00
00 00 00 00 00 00 00 00  00 00 00 00 00 00 00 00
00 00 00 00 00 00 00 00  00 00 00 00 00 00 00 00
00 00 00 00 00 00 00 00  00 00 00 00 00 00 00 00
00 00 00 00 00 00 00 00  00 00 00 00 00 00 00 00
00 00 00 00 00 00 00 00  00 00 00 00 00 00 00 00
00 00 00 00 00 00 00 00  00 00 00 00 00 00 00 00
00 00 00 00 00 00 00 00  00 00 00 00 00 00 00 00
src regs sR: { 45 00 01 02 }
dst regs dR: { 03 04 }
IS: 1 IP: 0
. === machine state === 
mem M:
01 0C 04 00 DA 3B 03 80  F5 56 DA 00 3D 12 72 05
00 E8 49 14 00 06 67 2F  00 F7 08 83 16 00 3D 9E
22 00 14 75 40 00 4C 09  91 0C 00 4E AF 77 00 69
CA 4E 00 5D 1A E6 0D 00  5C BD 88 00 7A CA A3 00
6B 10 F7 1E 00 B1 12 96  00 88 00 B4 00 C0 11 05
14 00 C2 23 EB 00 DD 00  C2 00 D1 22 5A 15 00 D0
31 FC 00 EE 00 17 00 DF  18 6B 26 00 25 86 0A 00
FC 00 28 00 34 19 79 1C  00 36 97 5F 00 51 00 36
00 45 2A CE 1D 00 44 A5  70 00 62 00 8B 00 53 20
DF 2E 00 99 FA 7E 00 70  00 9C 00 A8 21 ED 24 00
AA 0B D3 00 C5 00 AA 00  B9 32 42 25 00 B8 19 E4
00 D6 00 FF 00 C7 28 53  36 00 0D 6E F2 00 E4 00
10 00 1C 29 61 2C 00 1E  7F 47 00 39 00 1E 00 2D
55 B6 3A 00 2C 8D 58 00  4A 00 73 00 3B 66 C7 8F
00 81 E2 66 00 58 00 84  00 90 74 D5 A0 00 92 F3
BB 00 AD 00 92 00 A1 C9  2A AE 00 A0 01 CC 00 BE
src regs sR: { 01 01 07 39 }
dst regs dR: { 03 0C }
IS: 3 IP: 13

[balance] Running test 3/5...

 === machine state === 
mem M:
01 02 04 08 10 20 40 80  00 00 00 00 00 00 00 00
00 00 00 00 00 00 00 00  00 00 00 00 00 00 00 00
00 00 00 00 00 00 00 00  00 00 00 00 00 00 00 00
00 00 00 00 00 00 00 00  00 00 00 00 00 00 00 00
00 00 00 00 00 00 00 00  00 00 00 00 00 00 00 00
00 00 00 00 00 00 00 00  00 00 00 00 00 00 00 00
00 00 00 00 00 00 00 00  00 00 00 00 00 00 00 00
00 00 00 00 00 00 00 00  00 00 00 00 00 00 00 00
00 00 00 00 00 00 00 00  00 00 00 00 00 00 00 00
00 00 00 00 00 00 00 00  00 00 00 00 00 00 00 00
00 00 00 00 00 00 00 00  00 00 00 00 00 00 00 00
00 00 00 00 00 00 00 00  00 00 00 00 00 00 00 00
00 00 00 00 00 00 00 00  00 00 00 00 00 00 00 00
00 00 00 00 00 00 00 00  00 00 00 00 00 00 00 00
00 00 00 00 00 00 00 00  00 00 00 00 00 00 00 00
00 00 00 00 00 00 00 00  00 00 00 00 00 00 00 00
src regs sR: { 18 00 01 02 }
dst regs dR: { 03 04 }
IS: 1 IP: 0
. === machine state === 
mem M:
01 6C 04 80 50 20 54 80  A0 00 A4 00 A2 12 00 08
00 54 00 58 00 A4 00 A8  00 A6 08 00 0C 00 58 00
5C 00 A8 00 AC 00 AA 0C  00 10 00 5C 00 60 00 AC
00 B0 00 AE 10 00 14 00  60 00 64 00 B0 00 B4 00
B2 14 00 18 00 64 00 68  00 B4 00 B8 00 B6 18 00
1C 00 68 00 6C 00 B8 00  BC 00 BA 1C 00 20 00 6C
00 70 00 BC 00 C0 00 BE  20 00 24 00 70 00 74 00
C0 00 C4 00 C2 24 00 28  00 74 00 78 00 C4 00 C8
00 C6 28 00 2C 00 78 00  7C 00 C8 00 CC 00 CA 2C
00 30 00 7C 00 80 00 CC  00 D0 00 CE 30 00 34 00
80 00 84 00 D0 00 D4 00  D2 34 00 38 00 84 00 88
00 D4 00 D8 00 D6 38 00  3C 00 88 00 8C 00 D8 00
DC 00 DA 3C 00 40 00 8C  00 90 00 DC 00 E0 00 DE
40 00 44 00 90 00 94 00  E0 00 E4 00 E2 44 00 48
00 94 00 98 00 E4 00 E8  00 E6 48 00 4C 00 98 00
9C 00 E8 00 EC 00 EA 4C  00 50 00 9C 00 A0 00 EC
src regs sR: { 01 FF 07 FF }
dst regs dR: { 03 01 }
IS: 3 IP: 13

[balance] Running test 4/5...

 === machine state === 
mem M:
01 02 04 08 10 20 40 80  00 00 00 00 00 00 00 00
00 00 00 00 00 00 00 00  00 00 00 00 00 00 00 00
00 00 00 00 00 00 00 00  00 00 00 00 00 00 00 00
00 00 00 00 00 00 00 00  00 00 00 00 00 00 00 00
00 00 00 00 00 00 00 00  00 00 00 00 00 00 00 00
00 00 00 00 00 00 00 00  00 00 00 00 00 00 00 00
00 00 00 00 00 00 00 00  00 00 00 00 00 00 00 00
00 00 00 00 00 00 00 00  00 00 00 00 00 00 00 00
00 00 00 00 00 00 00 00  00 00 00 00 00 00 00 00
00 00 00 00 00 00 00 00  00 00 00 00 00 00 00 00
00 00 00 00 00 00 00 00  00 00 00 00 00 00 00 00
00 00 00 00 00 00 00 00  00 00 00 00 00 00 00 00
00 00 00 00 00 00 00 00  00 00 00 00 00 00 00 00
00 00 00 00 00 00 00 00  00 00 00 00 00 00 00 00
00 00 00 00 00 00 00 00  00 00 00 00 00 00 00 00
00 00 00 00 00 00 00 00  00 00 00 00 00 00 00 00
src regs sR: { AE 00 01 02 }
dst regs dR: { 03 04 }
IS: 1 IP: 0
.Your code halted, but didn't solve puzzle copyreg.
Try again to balance the score
 === machine state === 
mem M:
01 0C 24 00 38 20 4B 80  7A 00 82 00 EB 12 00 1A
00 39 00 5C 00 70 00 83  00 6F 08 00 1B 00 4A 00
52 00 71 00 94 00 80 09  00 2C 00 40 00 53 00 82
00 8A 00 76 1A 00 22 00  41 00 64 00 78 00 8B 00
77 10 00 23 00 52 00 5A  00 79 00 9C 00 88 11 00
34 00 48 00 5B 00 8A 00  92 00 7E 22 00 2A 00 49
00 6C 00 80 00 93 00 7F  18 00 2B 00 5A 00 62 00
81 00 A4 00 90 19 00 3C  00 50 00 63 00 92 00 9A
00 86 2A 00 32 00 51 00  74 00 88 00 9B 00 87 20
00 33 00 62 00 6A 00 89  00 AC 00 98 21 00 44 00
58 00 6B 00 9A 00 AC 03  8E 32 00 3A 00 59 00 7C
00 90 00 9E 14 8F 28 00  3B 00 6A 00 72 00 91 00
94 0A A0 29 00 4C 00 60  00 73 00 A2 00 95 0B 96
3A 00 42 00 61 00 84 00  98 00 A6 1C 97 30 00 43
00 72 00 7A 00 99 00 9C  12 A8 31 00 54 00 68 00
7B 00 AA 00 9D 13 9E 42  00 4A 00 69 00 8C 00 A0
src regs sR: { 01 01 07 A2 }
dst regs dR: { 03 0C }
IS: 3 IP: 13
% 
[balance] Running test 1/5...

 === machine state === 
mem M:
01 02 04 08 10 20 40 80  00 00 00 00 00 00 00 00
00 00 00 00 00 00 00 00  00 00 00 00 00 00 00 00
00 00 00 00 00 00 00 00  00 00 00 00 00 00 00 00
00 00 00 00 00 00 00 00  00 00 00 00 00 00 00 00
00 00 00 00 00 00 00 00  00 00 00 00 00 00 00 00
00 00 00 00 00 00 00 00  00 00 00 00 00 00 00 00
00 00 00 00 00 00 00 00  00 00 00 00 00 00 00 00
00 00 00 00 00 00 00 00  00 00 00 00 00 00 00 00
00 00 00 00 00 00 00 00  00 00 00 00 00 00 00 00
00 00 00 00 00 00 00 00  00 00 00 00 00 00 00 00
00 00 00 00 00 00 00 00  00 00 00 00 00 00 00 00
00 00 00 00 00 00 00 00  00 00 00 00 00 00 00 00
00 00 00 00 00 00 00 00  00 00 00 00 00 00 00 00
00 00 00 00 00 00 00 00  00 00 00 00 00 00 00 00
00 00 00 00 00 00 00 00  00 00 00 00 00 00 00 00
00 00 00 00 00 00 00 00  00 00 00 00 00 00 00 00
src regs sR: { F6 00 01 02 }
dst regs dR: { 03 04 }
IS: 1 IP: 0
.Your code halted, but didn't solve puzzle copyreg.
Try again to balance the score
 === machine state === 
mem M:
3B 0C 04 00 72 20 46 80  7A 0A 6D 00 EB 4C 00 05
00 73 00 3C 00 70 0B 7E  00 6F 42 00 16 00 84 00
3D 00 71 1C 74 00 80 43  00 0C 00 7A 00 4E 00 82
12 75 00 76 54 00 0D 00  7B 00 44 00 78 13 86 00
77 4A 00 1E 00 8C 00 45  00 79 24 7C 00 88 4B 00
14 00 82 00 56 00 8A 1A  7D 00 7E 5C 00 15 00 83
00 4C 00 80 1B 8E 00 7F  52 00 26 00 94 00 4D 00
81 2C 84 00 90 53 00 1C  00 8A 00 5E 00 92 22 85
00 86 64 00 1D 00 8B 00  54 00 88 23 96 00 87 5A
00 2E 00 9C 00 55 00 89  34 8C 00 98 5B 00 24 00
92 00 66 00 9A 2A 8D 00  8E 6C 00 25 00 93 00 5C
00 90 2B 9E 00 8F 62 00  36 00 A4 00 5D 00 91 3C
94 00 A0 63 00 2C 00 9A  00 6E 00 A2 32 95 00 96
74 00 2D 00 9B 00 64 00  98 33 A6 00 97 6A 00 3E
00 AC 00 65 00 99 44 9C  00 A8 6B 00 34 00 AC 03
76 00 AA 3A 9D 00 9E 7C  00 35 00 69 14 6C 00 A0
src regs sR: { 01 01 07 EA }
dst regs dR: { 03 0C }
IS: 3 IP: 13
% 
[balance] Running test 1/5...

 === machine state === 
mem M:
01 02 04 08 10 20 40 80  00 00 00 00 00 00 00 00
00 00 00 00 00 00 00 00  00 00 00 00 00 00 00 00
00 00 00 00 00 00 00 00  00 00 00 00 00 00 00 00
00 00 00 00 00 00 00 00  00 00 00 00 00 00 00 00
00 00 00 00 00 00 00 00  00 00 00 00 00 00 00 00
00 00 00 00 00 00 00 00  00 00 00 00 00 00 00 00
00 00 00 00 00 00 00 00  00 00 00 00 00 00 00 00
00 00 00 00 00 00 00 00  00 00 00 00 00 00 00 00
00 00 00 00 00 00 00 00  00 00 00 00 00 00 00 00
00 00 00 00 00 00 00 00  00 00 00 00 00 00 00 00
00 00 00 00 00 00 00 00  00 00 00 00 00 00 00 00
00 00 00 00 00 00 00 00  00 00 00 00 00 00 00 00
00 00 00 00 00 00 00 00  00 00 00 00 00 00 00 00
00 00 00 00 00 00 00 00  00 00 00 00 00 00 00 00
00 00 00 00 00 00 00 00  00 00 00 00 00 00 00 00
00 00 00 00 00 00 00 00  00 00 00 00 00 00 00 00
src regs sR: { 2B 00 01 02 }
dst regs dR: { 03 04 }
IS: 1 IP: 0
. === machine state === 
mem M:
01 FF 04 80 FC E3 3A 80  A0 79 D0 00 11 12 AD 05
00 6A 23 7A 00 E0 C7 1E  00 0F 08 FB 16 00 B8 91
E8 00 4E C7 5E 00 5D 09  3B 0C 00 F8 DF 36 00 9C
00 CC 00 9D 1A A9 0D 00  66 1F 76 00 DC 00 1A 00
0B 10 F7 1E 00 B4 8D E4  00 4A 00 5A 00 59 11 37
14 00 F4 DB 32 00 98 00  C8 00 99 22 A5 15 00 62
1B 72 00 D8 00 16 00 07  18 F3 26 00 B0 89 E0 00
46 00 56 00 55 19 33 1C  00 F0 D7 2E 00 94 00 C4
00 95 2A A1 1D 00 5E 17  6E 00 D4 00 12 00 03 20
EF 2E 00 AC 85 DC 00 42  00 52 00 51 21 2F 24 00
EC D3 2A 00 90 00 C0 00  91 32 9D 25 00 5A 13 6A
00 D0 00 0E 00 FF 28 EB  36 00 A8 81 D8 00 3E 00
4E 00 4D 29 2B 2C 00 E8  CF 26 00 8C 00 BC 00 8D
3A 99 2D 00 56 0F 66 00  CC 00 0A 00 FB 30 E7 3E
00 A4 7D D4 00 3A 00 4A  00 49 6E 27 7E 00 E4 CB
22 00 88 00 B8 00 89 BC  95 EC 00 52 0B 62 00 C8
src regs sR: { 01 01 07 1F }
dst regs dR: { 03 0C }
IS: 3 IP: 13

[balance] Running test 2/5...

 === machine state === 
mem M:
01 02 04 08 10 20 40 80  00 00 00 00 00 00 00 00
00 00 00 00 00 00 00 00  00 00 00 00 00 00 00 00
00 00 00 00 00 00 00 00  00 00 00 00 00 00 00 00
00 00 00 00 00 00 00 00  00 00 00 00 00 00 00 00
00 00 00 00 00 00 00 00  00 00 00 00 00 00 00 00
00 00 00 00 00 00 00 00  00 00 00 00 00 00 00 00
00 00 00 00 00 00 00 00  00 00 00 00 00 00 00 00
00 00 00 00 00 00 00 00  00 00 00 00 00 00 00 00
00 00 00 00 00 00 00 00  00 00 00 00 00 00 00 00
00 00 00 00 00 00 00 00  00 00 00 00 00 00 00 00
00 00 00 00 00 00 00 00  00 00 00 00 00 00 00 00
00 00 00 00 00 00 00 00  00 00 00 00 00 00 00 00
00 00 00 00 00 00 00 00  00 00 00 00 00 00 00 00
00 00 00 00 00 00 00 00  00 00 00 00 00 00 00 00
00 00 00 00 00 00 00 00  00 00 00 00 00 00 00 00
00 00 00 00 00 00 00 00  00 00 00 00 00 00 00 00
src regs sR: { B1 00 01 02 }
dst regs dR: { 03 04 }
IS: 1 IP: 0
.Your code halted, but didn't solve puzzle copyreg.
Try again to balance the score
 === machine state === 
mem M:
8C 0C 04 00 38 24 46 80  7A 4B 6D 00 EB 82 00 05
00 39 1A 3C 00 70 5C 7E  00 6F 83 00 16 00 4A 1B
3D 00 71 52 74 00 80 94  00 0C 00 40 2C 4E 00 82
53 75 00 76 8A 00 0D 00  41 22 44 00 78 64 86 00
77 8B 00 1E 00 52 23 45  00 79 5A 7C 00 88 9C 00
14 00 48 34 56 00 8A 5B  7D 00 7E 92 00 15 00 49
2A 4C 00 80 6C 8E 00 7F  93 00 26 00 5A 2B 4D 00
81 62 84 00 90 A4 00 1C  00 50 3C 5E 00 92 63 85
00 86 9A 00 1D 00 51 32  54 00 88 74 96 00 87 9B
00 2E 00 62 33 55 00 89  6A 8C 00 98 AC 00 24 00
58 44 66 00 9A 6B 8D 00  8E AC 03 25 00 59 3A 5C
00 90 7C 9E 00 8F 28 14  36 00 6A 3B 5D 00 91 72
94 00 A0 29 0A 2C 00 60  4C 6E 00 A2 73 95 00 96
3A 0B 2D 00 61 42 64 00  98 84 A6 00 97 30 1C 3E
00 72 43 65 00 99 7A 9C  00 A8 31 12 34 00 68 54
76 00 AA 7B 9D 00 9E 42  13 35 00 69 4A 6C 00 A0
src regs sR: { 01 01 07 A5 }
dst regs dR: { 03 0C }
IS: 3 IP: 13
% 
[balance] Running test 1/5...

 === machine state === 
mem M:
01 02 04 08 10 20 40 80  00 00 00 00 00 00 00 00
00 00 00 00 00 00 00 00  00 00 00 00 00 00 00 00
00 00 00 00 00 00 00 00  00 00 00 00 00 00 00 00
00 00 00 00 00 00 00 00  00 00 00 00 00 00 00 00
00 00 00 00 00 00 00 00  00 00 00 00 00 00 00 00
00 00 00 00 00 00 00 00  00 00 00 00 00 00 00 00
00 00 00 00 00 00 00 00  00 00 00 00 00 00 00 00
00 00 00 00 00 00 00 00  00 00 00 00 00 00 00 00
00 00 00 00 00 00 00 00  00 00 00 00 00 00 00 00
00 00 00 00 00 00 00 00  00 00 00 00 00 00 00 00
00 00 00 00 00 00 00 00  00 00 00 00 00 00 00 00
00 00 00 00 00 00 00 00  00 00 00 00 00 00 00 00
00 00 00 00 00 00 00 00  00 00 00 00 00 00 00 00
00 00 00 00 00 00 00 00  00 00 00 00 00 00 00 00
00 00 00 00 00 00 00 00  00 00 00 00 00 00 00 00
00 00 00 00 00 00 00 00  00 00 00 00 00 00 00 00
src regs sR: { C1 00 01 02 }
dst regs dR: { 03 04 }
IS: 1 IP: 0
.Your code halted, but didn't solve puzzle copyreg.
Try again to balance the score
 === machine state === 
mem M:
01 02 04 80 38 20 46 80  7A 00 6D 00 6E 12 00 05
00 39 00 3C 00 70 00 7E  00 6F 08 00 16 00 4A 00
3D 00 71 00 74 00 80 09  00 0C 00 40 00 4E 00 82
00 75 00 76 1A 00 0D 00  41 00 44 00 78 00 86 00
77 10 00 1E 00 52 00 45  00 79 00 7C 00 88 11 00
14 00 48 00 56 00 8A 00  0A 00 7E 22 00 15 00 49
00 4C 00 58 00 00 00 5B  18 00 26 00 5A 00 4D 00
4E 00 00 00 6C 19 00 1C  00 50 00 5E 00 4F 00 00
00 62 2A 00 1D 00 51 00  54 00 60 00 00 00 63 20
00 2E 00 62 00 55 00 56  00 00 00 74 21 00 24 00
58 00 66 00 57 00 00 00  6A 32 00 25 00 59 00 5C
00 68 00 00 00 6B 28 00  36 00 6A 00 5D 00 5E 00
00 00 7C 29 00 2C 00 60  00 6E 00 5F 00 00 00 72
3A 00 2D 00 61 00 64 00  70 00 00 00 73 30 00 3E
00 72 00 65 00 66 00 00  00 84 31 00 34 00 68 00
76 00 67 00 00 00 7A 42  00 35 00 69 00 6C 00 78
src regs sR: { 01 56 07 56 }
dst regs dR: { 03 58 }
IS: 3 IP: 13
% 
[balance] Running test 1/5...

 === machine state === 
mem M:
01 02 04 08 10 20 40 80  00 00 00 00 00 00 00 00
00 00 00 00 00 00 00 00  00 00 00 00 00 00 00 00
00 00 00 00 00 00 00 00  00 00 00 00 00 00 00 00
00 00 00 00 00 00 00 00  00 00 00 00 00 00 00 00
00 00 00 00 00 00 00 00  00 00 00 00 00 00 00 00
00 00 00 00 00 00 00 00  00 00 00 00 00 00 00 00
00 00 00 00 00 00 00 00  00 00 00 00 00 00 00 00
00 00 00 00 00 00 00 00  00 00 00 00 00 00 00 00
00 00 00 00 00 00 00 00  00 00 00 00 00 00 00 00
00 00 00 00 00 00 00 00  00 00 00 00 00 00 00 00
00 00 00 00 00 00 00 00  00 00 00 00 00 00 00 00
00 00 00 00 00 00 00 00  00 00 00 00 00 00 00 00
00 00 00 00 00 00 00 00  00 00 00 00 00 00 00 00
00 00 00 00 00 00 00 00  00 00 00 00 00 00 00 00
00 00 00 00 00 00 00 00  00 00 00 00 00 00 00 00
00 00 00 00 00 00 00 00  00 00 00 00 00 00 00 00
src regs sR: { 50 00 01 02 }
dst regs dR: { 03 04 }
IS: 1 IP: 0
 === machine state === 
mem M:
01 02 04 00 38 20 46 80  37 00 00 00 2B 12 00 05
00 39 00 3C 00 48 00 00  00 3C 08 00 16 00 4A 00
3D 00 3E 00 00 00 32 09  00 0C 00 40 00 4E 00 3F
00 00 00 33 1A 00 0D 00  41 00 44 00 50 00 00 00
44 10 00 1E 00 52 00 45  00 46 00 00 00 3A 11 00
14 00 48 00 56 00 47 00  00 00 3B 22 00 15 00 49
00 4C 00 58 00 00 00 4C  18 00 26 00 5A 00 4D 00
4E 00 00 00 42 19 00 1C  00 50 00 5E 00 4F 00 00
00 43 2A 00 1D 00 51 00  54 00 60 00 00 00 54 20
00 2E 00 62 00 55 00 56  00 00 00 4A 21 00 24 00
58 00 66 00 57 00 00 00  4B 32 00 25 00 59 00 5C
00 68 00 00 00 5C 28 00  36 00 6A 00 5D 00 5E 00
00 00 52 29 00 2C 00 60  00 E0 00 5F 00 00 00 53
3A 00 2D 00 2E 00 00 00  22 00 00 00 64 30 00 3E
00 2F 00 00 00 23 00 00  00 5A 31 00 34 00 40 00
00 00 34 00 00 00 5B 42  00 35 00 36 00 00 00 2A
src regs sR: { 01 C7 07 C7 }
dst regs dR: { 03 C9 }
IS: 3 IP: 13

[balance] Running test 2/5...

 === machine state === 
mem M:
01 02 04 08 10 20 40 80  00 00 00 00 00 00 00 00
00 00 00 00 00 00 00 00  00 00 00 00 00 00 00 00
00 00 00 00 00 00 00 00  00 00 00 00 00 00 00 00
00 00 00 00 00 00 00 00  00 00 00 00 00 00 00 00
00 00 00 00 00 00 00 00  00 00 00 00 00 00 00 00
00 00 00 00 00 00 00 00  00 00 00 00 00 00 00 00
00 00 00 00 00 00 00 00  00 00 00 00 00 00 00 00
00 00 00 00 00 00 00 00  00 00 00 00 00 00 00 00
00 00 00 00 00 00 00 00  00 00 00 00 00 00 00 00
00 00 00 00 00 00 00 00  00 00 00 00 00 00 00 00
00 00 00 00 00 00 00 00  00 00 00 00 00 00 00 00
00 00 00 00 00 00 00 00  00 00 00 00 00 00 00 00
00 00 00 00 00 00 00 00  00 00 00 00 00 00 00 00
00 00 00 00 00 00 00 00  00 00 00 00 00 00 00 00
00 00 00 00 00 00 00 00  00 00 00 00 00 00 00 00
00 00 00 00 00 00 00 00  00 00 00 00 00 00 00 00
src regs sR: { 29 00 01 02 }
dst regs dR: { 03 04 }
IS: 1 IP: 0
 === machine state === 
mem M:
01 02 04 00 38 20 46 80  37 00 00 00 33 12 00 05
00 39 00 3C 00 48 00 00  00 44 08 00 16 00 4A 00
3D 00 3E 00 00 00 3A 09  00 0C 00 40 00 4E 00 3F
00 00 00 3B 1A 00 0D 00  41 00 44 00 50 00 00 00
4C 10 00 1E 00 52 00 45  00 46 00 00 00 42 11 00
14 00 48 00 56 00 47 00  00 00 43 22 00 15 00 49
00 4C 00 58 00 00 00 54  18 00 26 00 5A 00 4D 00
4E 00 00 00 4A 19 00 1C  00 50 00 5E 00 4F 00 00
00 4B 2A 00 1D 00 51 00  54 00 60 00 00 00 5C 20
00 2E 00 62 00 55 00 56  00 00 00 52 21 00 24 00
58 00 66 00 57 00 00 00  53 32 00 25 00 59 00 5C
00 68 00 00 00 64 28 00  36 00 6A 00 5D 00 5E 00
00 00 5A 29 00 2C 00 60  00 6E 00 5F 00 00 00 5B
3A 00 2D 00 61 00 64 00  70 00 00 00 6C 30 00 3E
00 72 00 65 00 66 00 00  00 62 31 00 34 00 68 00
E8 00 67 00 00 00 63 42  00 35 00 36 00 00 00 32
src regs sR: { 01 EE 07 EE }
dst regs dR: { 03 F0 }
IS: 3 IP: 13

[balance] Running test 3/5...

 === machine state === 
mem M:
01 02 04 08 10 20 40 80  00 00 00 00 00 00 00 00
00 00 00 00 00 00 00 00  00 00 00 00 00 00 00 00
00 00 00 00 00 00 00 00  00 00 00 00 00 00 00 00
00 00 00 00 00 00 00 00  00 00 00 00 00 00 00 00
00 00 00 00 00 00 00 00  00 00 00 00 00 00 00 00
00 00 00 00 00 00 00 00  00 00 00 00 00 00 00 00
00 00 00 00 00 00 00 00  00 00 00 00 00 00 00 00
00 00 00 00 00 00 00 00  00 00 00 00 00 00 00 00
00 00 00 00 00 00 00 00  00 00 00 00 00 00 00 00
00 00 00 00 00 00 00 00  00 00 00 00 00 00 00 00
00 00 00 00 00 00 00 00  00 00 00 00 00 00 00 00
00 00 00 00 00 00 00 00  00 00 00 00 00 00 00 00
00 00 00 00 00 00 00 00  00 00 00 00 00 00 00 00
00 00 00 00 00 00 00 00  00 00 00 00 00 00 00 00
00 00 00 00 00 00 00 00  00 00 00 00 00 00 00 00
00 00 00 00 00 00 00 00  00 00 00 00 00 00 00 00
src regs sR: { A6 00 01 02 }
dst regs dR: { 03 04 }
IS: 1 IP: 0
. === machine state === 
mem M:
01 0C 82 08 38 20 46 1A  7A 00 6D 5C 71 12 00 83
00 39 00 3C 1B 70 00 7E  52 6F 08 00 94 00 4A 00
3D 2C 71 00 74 53 80 09  00 8A 00 40 00 4E 22 82
00 75 64 76 1A 00 8B 00  41 00 44 23 78 00 86 5A
77 10 00 9C 00 52 00 45  34 79 00 7C 5B 88 11 00
92 00 48 00 56 2A 8A 00  7D 6C 7E 22 00 93 00 49
00 4C 2B 80 00 8E 62 7F  18 00 A4 00 5A 00 4D 3C
81 00 84 63 90 19 00 9A  00 50 00 5E 32 92 00 85
74 86 2A 00 9B 00 51 00  54 33 88 00 96 6A 87 20
00 AC 00 62 00 55 44 89  00 8C 6B 98 21 00 AC 03
58 00 66 3A 9A 00 8D 7C  8E 32 00 25 14 59 00 5C
3B 90 00 9E 72 8F 28 00  36 0A 6A 00 5D 4C 91 00
94 73 A0 29 00 2C 0B 60  00 6E 42 A2 00 95 84 96
3A 00 2D 1C 61 00 64 43  98 00 A6 7A 97 30 00 3E
12 72 00 65 54 99 00 9C  7B A8 31 00 34 13 68 00
76 4A AA 00 9D 8C 9E 42  00 35 24 69 00 6C 4B A0
src regs sR: { 01 01 07 9A }
dst regs dR: { 03 0C }
IS: 3 IP: 13

[balance] Running test 4/5...

 === machine state === 
mem M:
01 02 04 08 10 20 40 80  00 00 00 00 00 00 00 00
00 00 00 00 00 00 00 00  00 00 00 00 00 00 00 00
00 00 00 00 00 00 00 00  00 00 00 00 00 00 00 00
00 00 00 00 00 00 00 00  00 00 00 00 00 00 00 00
00 00 00 00 00 00 00 00  00 00 00 00 00 00 00 00
00 00 00 00 00 00 00 00  00 00 00 00 00 00 00 00
00 00 00 00 00 00 00 00  00 00 00 00 00 00 00 00
00 00 00 00 00 00 00 00  00 00 00 00 00 00 00 00
00 00 00 00 00 00 00 00  00 00 00 00 00 00 00 00
00 00 00 00 00 00 00 00  00 00 00 00 00 00 00 00
00 00 00 00 00 00 00 00  00 00 00 00 00 00 00 00
00 00 00 00 00 00 00 00  00 00 00 00 00 00 00 00
00 00 00 00 00 00 00 00  00 00 00 00 00 00 00 00
00 00 00 00 00 00 00 00  00 00 00 00 00 00 00 00
00 00 00 00 00 00 00 00  00 00 00 00 00 00 00 00
00 00 00 00 00 00 00 00  00 00 00 00 00 00 00 00
src regs sR: { CB 00 01 02 }
dst regs dR: { 03 04 }
IS: 1 IP: 0
.Your code halted, but didn't solve puzzle copyreg.
Try again to balance the score
 === machine state === 
mem M:
7A 0C 04 00 38 12 46 80  7A 54 6D 00 EB 7B 00 05
00 39 13 3C 00 70 4A 7E  00 6F 8C 00 16 00 4A 24
3D 00 71 4B 74 00 80 82  00 0C 00 40 1A 4E 00 82
5C 75 00 76 83 00 0D 00  41 1B 44 00 78 52 86 00
77 94 00 1E 00 52 2C 45  00 79 53 7C 00 88 8A 00
14 00 48 22 56 00 8A 64  7D 00 7E 8B 00 15 00 49
23 4C 00 80 5A 8E 00 7F  9C 00 26 00 5A 34 4D 00
81 5B 84 00 90 92 00 1C  00 50 2A 5E 00 92 6C 85
00 86 93 00 1D 00 51 2B  54 00 88 62 96 00 87 A4
00 2E 00 62 3C 55 00 89  63 8C 00 98 9A 00 24 00
58 32 66 00 9A 74 8D 00  8E 9B 00 25 00 59 33 5C
00 90 6A 9E 00 8F AC 00  36 00 6A 44 5D 00 91 6B
94 00 A0 AC 03 2C 00 60  3A 6E 00 A2 7C 95 00 96
3A 14 2D 00 61 3B 64 00  98 72 A6 00 97 30 0A 3E
00 72 4C 65 00 99 73 9C  00 A8 31 0B 34 00 68 42
76 00 AA 84 9D 00 9E 42  1C 35 00 69 43 6C 00 A0
src regs sR: { 01 01 07 BF }
dst regs dR: { 03 0C }
IS: 3 IP: 13
% 
[balance] Running test 1/5...

 === machine state === 
mem M:
01 02 04 08 10 20 40 80  00 00 00 00 00 00 00 00
00 00 00 00 00 00 00 00  00 00 00 00 00 00 00 00
00 00 00 00 00 00 00 00  00 00 00 00 00 00 00 00
00 00 00 00 00 00 00 00  00 00 00 00 00 00 00 00
00 00 00 00 00 00 00 00  00 00 00 00 00 00 00 00
00 00 00 00 00 00 00 00  00 00 00 00 00 00 00 00
00 00 00 00 00 00 00 00  00 00 00 00 00 00 00 00
00 00 00 00 00 00 00 00  00 00 00 00 00 00 00 00
00 00 00 00 00 00 00 00  00 00 00 00 00 00 00 00
00 00 00 00 00 00 00 00  00 00 00 00 00 00 00 00
00 00 00 00 00 00 00 00  00 00 00 00 00 00 00 00
00 00 00 00 00 00 00 00  00 00 00 00 00 00 00 00
00 00 00 00 00 00 00 00  00 00 00 00 00 00 00 00
00 00 00 00 00 00 00 00  00 00 00 00 00 00 00 00
00 00 00 00 00 00 00 00  00 00 00 00 00 00 00 00
00 00 00 00 00 00 00 00  00 00 00 00 00 00 00 00
src regs sR: { C4 00 01 02 }
dst regs dR: { 03 04 }
IS: 1 IP: 0
.Your code halted, but didn't solve puzzle copyreg.
Try again to balance the score
 === machine state === 
mem M:
01 0C 54 00 38 20 7B 80  7A 00 6D 13 EB 12 00 4A
00 39 00 8C 00 70 00 7E  24 6F 08 00 4B 00 4A 00
82 00 71 00 74 1A 80 09  00 5C 00 40 00 83 00 82
00 75 1B 76 1A 00 52 00  41 00 94 00 78 00 86 2C
77 10 00 53 00 52 00 8A  00 79 00 7C 22 88 11 00
64 00 48 00 8B 00 8A 00  7D 23 7E 22 00 5A 00 49
00 9C 00 80 00 8E 34 7F  18 00 5B 00 5A 00 92 00
81 00 84 2A 90 19 00 6C  00 50 00 93 00 92 00 85
2B 86 2A 00 62 00 51 00  A4 00 88 00 96 3C 87 20
00 63 00 62 00 9A 00 89  00 8C 32 98 21 00 74 00
58 00 9B 00 9A 00 8D 33  8E 32 00 6A 00 59 00 AC
00 90 00 9E 44 8F 28 00  6B 00 6A 00 AC 03 91 00
94 3A A0 29 00 7C 00 60  00 6E 14 A2 00 95 3B 96
3A 00 72 00 61 00 64 0A  98 00 A6 4C 97 30 00 73
00 72 00 65 0B 99 00 9C  42 A8 31 00 84 00 68 00
76 1C AA 00 9D 43 9E 42  00 7A 00 69 00 6C 12 A0
src regs sR: { 01 01 07 B8 }
dst regs dR: { 03 0C }
IS: 3 IP: 13
% 
[balance] Running test 1/5...

 === machine state === 
mem M:
01 02 04 08 10 20 40 80  00 00 00 00 00 00 00 00
00 00 00 00 00 00 00 00  00 00 00 00 00 00 00 00
00 00 00 00 00 00 00 00  00 00 00 00 00 00 00 00
00 00 00 00 00 00 00 00  00 00 00 00 00 00 00 00
00 00 00 00 00 00 00 00  00 00 00 00 00 00 00 00
00 00 00 00 00 00 00 00  00 00 00 00 00 00 00 00
00 00 00 00 00 00 00 00  00 00 00 00 00 00 00 00
00 00 00 00 00 00 00 00  00 00 00 00 00 00 00 00
00 00 00 00 00 00 00 00  00 00 00 00 00 00 00 00
00 00 00 00 00 00 00 00  00 00 00 00 00 00 00 00
00 00 00 00 00 00 00 00  00 00 00 00 00 00 00 00
00 00 00 00 00 00 00 00  00 00 00 00 00 00 00 00
00 00 00 00 00 00 00 00  00 00 00 00 00 00 00 00
00 00 00 00 00 00 00 00  00 00 00 00 00 00 00 00
00 00 00 00 00 00 00 00  00 00 00 00 00 00 00 00
00 00 00 00 00 00 00 00  00 00 00 00 00 00 00 00
src regs sR: { BF 00 01 02 }
dst regs dR: { 03 04 }
IS: 1 IP: 0
.Your code halted, but didn't solve puzzle copyreg.
Try again to balance the score
 === machine state === 
mem M:
01 0C 04 00 38 20 46 80  7A 00 6D 00 B7 12 62 05
00 39 00 3C 00 70 00 7E  00 6F 08 C3 16 00 4A 00
3D 00 71 00 74 00 80 09  21 0C 00 40 00 4E 00 82
00 75 00 76 1A 16 0D 00  41 00 44 00 78 00 86 00
77 10 77 1E 00 52 00 45  00 79 00 7C 00 88 11 D5
14 00 48 00 56 00 F5 00  DA 00 E9 22 CA 15 00 49
00 4C 00 56 00 CF 00 47  18 2B 26 00 5A 00 4D 00
B4 00 30 00 3C 19 89 1C  00 50 00 5E 00 A9 00 8E
00 9D 2A 7E 1D 00 51 00  54 00 0A 00 83 00 FB 20
DF 2E 00 62 00 55 00 68  00 E4 00 F0 21 3D 24 00
58 00 66 00 5D 00 42 00  51 32 32 25 00 59 00 5C
00 BE 00 37 00 AF 28 32  36 00 6A 00 5D 00 1C 00
98 00 A4 29 00 2C 00 60  00 6E 00 11 00 F6 00 05
3A 00 2D 00 61 00 64 00  72 00 EB 00 63 30 00 3E
00 72 00 65 00 D0 00 4C  00 58 31 00 34 00 68 00
76 00 C5 00 AA 00 B9 42  00 35 00 69 00 6C 00 26
src regs sR: { 01 01 07 B3 }
dst regs dR: { 03 0C }
IS: 3 IP: 13
% 
[balance] Running test 1/5...

 === machine state === 
mem M:
01 02 04 08 10 20 40 80  00 00 00 00 00 00 00 00
00 00 00 00 00 00 00 00  00 00 00 00 00 00 00 00
00 00 00 00 00 00 00 00  00 00 00 00 00 00 00 00
00 00 00 00 00 00 00 00  00 00 00 00 00 00 00 00
00 00 00 00 00 00 00 00  00 00 00 00 00 00 00 00
00 00 00 00 00 00 00 00  00 00 00 00 00 00 00 00
00 00 00 00 00 00 00 00  00 00 00 00 00 00 00 00
00 00 00 00 00 00 00 00  00 00 00 00 00 00 00 00
00 00 00 00 00 00 00 00  00 00 00 00 00 00 00 00
00 00 00 00 00 00 00 00  00 00 00 00 00 00 00 00
00 00 00 00 00 00 00 00  00 00 00 00 00 00 00 00
00 00 00 00 00 00 00 00  00 00 00 00 00 00 00 00
00 00 00 00 00 00 00 00  00 00 00 00 00 00 00 00
00 00 00 00 00 00 00 00  00 00 00 00 00 00 00 00
00 00 00 00 00 00 00 00  00 00 00 00 00 00 00 00
00 00 00 00 00 00 00 00  00 00 00 00 00 00 00 00
src regs sR: { 05 00 01 02 }
dst regs dR: { 03 04 }
IS: 1 IP: 0
.Your code halted, but didn't solve puzzle copyreg.
Try again to balance the score
 === machine state === 
mem M:
01 0C 3A 00 38 20 7C 80  7A 00 6D 14 EB 12 00 3B
00 39 00 72 00 70 00 7E  0A 6F 08 00 4C 00 4A 00
73 00 71 00 74 0B 80 09  00 42 00 40 00 84 00 82
00 75 1C 76 1A 00 43 00  41 00 7A 00 78 00 86 12
77 10 00 54 00 52 00 7B  00 79 00 7C 13 88 11 00
4A 00 48 00 8C 00 8A 00  7D 24 7E 22 00 4B 00 49
00 82 00 80 00 8E 1A 7F  18 00 5C 00 5A 00 83 00
81 00 84 1B 90 19 00 52  00 50 00 94 00 92 00 85
2C 86 2A 00 53 00 51 00  8A 00 88 00 96 22 87 20
00 64 00 62 00 8B 00 89  00 8C 23 98 21 00 5A 00
58 00 9C 00 9A 00 8D 34  8E 32 00 5B 00 59 00 92
00 90 00 9E 2A 8F 28 00  6C 00 6A 00 93 00 91 00
94 2B A0 29 00 62 00 60  00 A4 00 A2 00 95 3C 96
3A 00 63 00 61 00 9A 00  98 00 A6 32 97 30 00 74
00 72 00 9B 00 99 00 9C  33 A8 31 00 6A 00 68 00
AC 00 AA 00 9D 44 9E 42  00 6B 00 69 00 AC 03 A0
src regs sR: { 01 01 07 F9 }
dst regs dR: { 03 0C }
IS: 3 IP: 13
% 
[balance] Running test 1/5...

 === machine state === 
mem M:
01 02 04 08 10 20 40 80  00 00 00 00 00 00 00 00
00 00 00 00 00 00 00 00  00 00 00 00 00 00 00 00
00 00 00 00 00 00 00 00  00 00 00 00 00 00 00 00
00 00 00 00 00 00 00 00  00 00 00 00 00 00 00 00
00 00 00 00 00 00 00 00  00 00 00 00 00 00 00 00
00 00 00 00 00 00 00 00  00 00 00 00 00 00 00 00
00 00 00 00 00 00 00 00  00 00 00 00 00 00 00 00
00 00 00 00 00 00 00 00  00 00 00 00 00 00 00 00
00 00 00 00 00 00 00 00  00 00 00 00 00 00 00 00
00 00 00 00 00 00 00 00  00 00 00 00 00 00 00 00
00 00 00 00 00 00 00 00  00 00 00 00 00 00 00 00
00 00 00 00 00 00 00 00  00 00 00 00 00 00 00 00
00 00 00 00 00 00 00 00  00 00 00 00 00 00 00 00
00 00 00 00 00 00 00 00  00 00 00 00 00 00 00 00
00 00 00 00 00 00 00 00  00 00 00 00 00 00 00 00
00 00 00 00 00 00 00 00  00 00 00 00 00 00 00 00
src regs sR: { 64 00 01 02 }
dst regs dR: { 03 04 }
IS: 1 IP: 0
. === machine state === 
mem M:
01 72 04 00 38 20 46 80  7A 00 6D 00 FD 12 C0 05
00 39 00 3C 00 70 00 7E  00 6F 08 58 16 00 4A 00
3D 00 71 00 74 00 80 09  FD 0C 00 40 00 4E 00 82
00 75 00 76 1A 24 0D 00  41 00 44 00 78 00 86 00
77 10 BC 1E 00 52 00 45  00 79 00 7C 00 88 11 61
14 00 48 00 56 00 8A 00  7D 00 7E 22 61 15 00 49
00 4C 00 80 00 8E 00 7F  18 00 26 00 5A 00 4D 00
81 00 84 00 90 19 00 1C  00 50 00 5E 00 92 00 85
00 86 2A 00 1D 00 51 00  54 00 88 00 96 00 87 20
00 2E 00 62 00 55 00 89  00 8C 00 98 21 00 24 00
58 00 66 00 9A 00 8D 00  8E 32 00 25 00 59 00 5C
00 27 00 32 00 26 28 00  36 00 6A 00 5D 00 BF 00
59 00 CB 29 00 2C 00 60  00 6E 00 64 00 F1 00 F2
3A 00 2D 00 61 00 64 00  8B 00 96 00 8A 30 00 3E
00 72 00 65 00 23 00 BD  00 2F 31 00 34 00 68 00
76 00 C8 00 55 00 56 42  00 35 00 69 00 6C 00 EF
src regs sR: { 01 01 07 58 }
dst regs dR: { 03 0C }
IS: 3 IP: 13

[balance] Running test 2/5...

 === machine state === 
mem M:
01 02 04 08 10 20 40 80  00 00 00 00 00 00 00 00
00 00 00 00 00 00 00 00  00 00 00 00 00 00 00 00
00 00 00 00 00 00 00 00  00 00 00 00 00 00 00 00
00 00 00 00 00 00 00 00  00 00 00 00 00 00 00 00
00 00 00 00 00 00 00 00  00 00 00 00 00 00 00 00
00 00 00 00 00 00 00 00  00 00 00 00 00 00 00 00
00 00 00 00 00 00 00 00  00 00 00 00 00 00 00 00
00 00 00 00 00 00 00 00  00 00 00 00 00 00 00 00
00 00 00 00 00 00 00 00  00 00 00 00 00 00 00 00
00 00 00 00 00 00 00 00  00 00 00 00 00 00 00 00
00 00 00 00 00 00 00 00  00 00 00 00 00 00 00 00
00 00 00 00 00 00 00 00  00 00 00 00 00 00 00 00
00 00 00 00 00 00 00 00  00 00 00 00 00 00 00 00
00 00 00 00 00 00 00 00  00 00 00 00 00 00 00 00
00 00 00 00 00 00 00 00  00 00 00 00 00 00 00 00
00 00 00 00 00 00 00 00  00 00 00 00 00 00 00 00
src regs sR: { B5 00 01 02 }
dst regs dR: { 03 04 }
IS: 1 IP: 0
.Your code halted, but didn't solve puzzle copyreg.
Try again to balance the score
 === machine state === 
mem M:
4A 0C 04 00 8C 20 46 80  7A 24 6D 00 EB 4B 00 05
00 82 00 3C 00 70 1A 7E  00 6F 5C 00 16 00 83 00
3D 00 71 1B 74 00 80 52  00 0C 00 94 00 4E 00 82
2C 75 00 76 53 00 0D 00  8A 00 44 00 78 22 86 00
77 64 00 1E 00 8B 00 45  00 79 23 7C 00 88 5A 00
14 00 9C 00 56 00 8A 34  7D 00 7E 5B 00 15 00 92
00 4C 00 80 2A 8E 00 7F  6C 00 26 00 93 00 4D 00
81 2B 84 00 90 62 00 1C  00 A4 00 5E 00 92 3C 85
00 86 63 00 1D 00 9A 00  54 00 88 32 96 00 87 74
00 2E 00 9B 00 55 00 89  33 8C 00 98 6A 00 24 00
AC 00 66 00 9A 44 8D 00  8E 6B 00 25 00 AC 03 5C
00 90 3A 9E 00 8F 7C 00  36 00 6A 14 5D 00 91 3B
94 00 A0 72 00 2C 00 60  0A 6E 00 A2 4C 95 00 96
73 00 2D 00 61 0B 64 00  98 42 A6 00 97 84 00 3E
00 72 1C 65 00 99 43 9C  00 A8 7A 00 34 00 68 12
76 00 AA 54 9D 00 9E 7B  00 35 00 69 13 6C 00 A0
src regs sR: { 01 01 07 A9 }
dst regs dR: { 03 0C }
IS: 3 IP: 13
% 
[balance] Running test 1/5...

 === machine state === 
mem M:
01 02 04 08 10 20 40 80  00 00 00 00 00 00 00 00
00 00 00 00 00 00 00 00  00 00 00 00 00 00 00 00
00 00 00 00 00 00 00 00  00 00 00 00 00 00 00 00
00 00 00 00 00 00 00 00  00 00 00 00 00 00 00 00
00 00 00 00 00 00 00 00  00 00 00 00 00 00 00 00
00 00 00 00 00 00 00 00  00 00 00 00 00 00 00 00
00 00 00 00 00 00 00 00  00 00 00 00 00 00 00 00
00 00 00 00 00 00 00 00  00 00 00 00 00 00 00 00
00 00 00 00 00 00 00 00  00 00 00 00 00 00 00 00
00 00 00 00 00 00 00 00  00 00 00 00 00 00 00 00
00 00 00 00 00 00 00 00  00 00 00 00 00 00 00 00
00 00 00 00 00 00 00 00  00 00 00 00 00 00 00 00
00 00 00 00 00 00 00 00  00 00 00 00 00 00 00 00
00 00 00 00 00 00 00 00  00 00 00 00 00 00 00 00
00 00 00 00 00 00 00 00  00 00 00 00 00 00 00 00
00 00 00 00 00 00 00 00  00 00 00 00 00 00 00 00
src regs sR: { 8C 00 01 02 }
dst regs dR: { 03 04 }
IS: 1 IP: 0
. === machine state === 
mem M:
01 0C 94 0C 38 20 46 2C  7A 00 6D 53 47 12 00 8A
00 39 00 3C 22 70 00 7E  64 6F 08 00 8B 00 4A 00
3D 23 71 00 74 5A 80 09  00 9C 00 40 00 4E 34 82
00 75 5B 76 1A 00 92 00  41 00 44 2A 78 00 86 6C
77 10 00 93 00 52 00 45  2B 79 00 7C 62 88 11 00
A4 00 48 00 56 3C 8A 00  7D 63 7E 22 00 9A 00 49
00 4C 32 80 00 8E 74 7F  18 00 9B 00 5A 00 4D 33
81 00 84 6A 90 19 00 AC  00 50 00 5E 44 92 00 85
6B 86 2A 00 AC 03 51 00  54 3A 88 00 96 7C 87 20
00 2E 14 62 00 55 3B 89  00 8C 72 98 21 00 24 0A
58 00 66 4C 9A 00 8D 73  8E 32 00 25 0B 59 00 5C
42 90 00 9E 84 8F 28 00  36 1C 6A 00 5D 43 91 00
94 7A A0 29 00 2C 12 60  00 6E 54 A2 00 95 7B 96
3A 00 2D 13 61 00 64 4A  98 00 A6 8C 97 30 00 3E
24 72 00 65 4B 99 00 9C  82 A8 31 00 34 1A 68 00
76 5C AA 00 9D 83 9E 42  00 35 1B 69 00 6C 52 A0
src regs sR: { 01 01 07 80 }
dst regs dR: { 03 0C }
IS: 3 IP: 13

[balance] Running test 2/5...

 === machine state === 
mem M:
01 02 04 08 10 20 40 80  00 00 00 00 00 00 00 00
00 00 00 00 00 00 00 00  00 00 00 00 00 00 00 00
00 00 00 00 00 00 00 00  00 00 00 00 00 00 00 00
00 00 00 00 00 00 00 00  00 00 00 00 00 00 00 00
00 00 00 00 00 00 00 00  00 00 00 00 00 00 00 00
00 00 00 00 00 00 00 00  00 00 00 00 00 00 00 00
00 00 00 00 00 00 00 00  00 00 00 00 00 00 00 00
00 00 00 00 00 00 00 00  00 00 00 00 00 00 00 00
00 00 00 00 00 00 00 00  00 00 00 00 00 00 00 00
00 00 00 00 00 00 00 00  00 00 00 00 00 00 00 00
00 00 00 00 00 00 00 00  00 00 00 00 00 00 00 00
00 00 00 00 00 00 00 00  00 00 00 00 00 00 00 00
00 00 00 00 00 00 00 00  00 00 00 00 00 00 00 00
00 00 00 00 00 00 00 00  00 00 00 00 00 00 00 00
00 00 00 00 00 00 00 00  00 00 00 00 00 00 00 00
00 00 00 00 00 00 00 00  00 00 00 00 00 00 00 00
src regs sR: { DB 00 01 02 }
dst regs dR: { 03 04 }
IS: 1 IP: 0
.Your code halted, but didn't solve puzzle copyreg.
Try again to balance the score
 === machine state === 
mem M:
01 02 04 00 38 20 46 80  7A 00 6D 00 6E 12 00 05
00 39 00 3C 00 70 00 7E  00 6F 08 00 16 00 4A 00
3D 00 71 00 74 00 80 09  00 0C 00 40 00 4E 00 82
00 75 00 76 1A 00 0D 00  41 00 44 00 78 00 F8 00
77 10 00 1E 00 52 00 45  00 46 00 00 00 52 11 00
14 00 48 00 56 00 47 00  00 00 53 22 00 15 00 49
00 4C 00 58 00 00 00 64  18 00 26 00 5A 00 4D 00
4E 00 00 00 5A 19 00 1C  00 50 00 5E 00 4F 00 00
00 5B 2A 00 1D 00 51 00  54 00 60 00 00 00 6C 20
00 2E 00 62 00 55 00 56  00 00 00 62 21 00 24 00
58 00 66 00 57 00 00 00  63 32 00 25 00 59 00 5C
00 68 00 00 00 74 28 00  36 00 6A 00 5D 00 5E 00
00 00 6A 29 00 2C 00 60  00 6E 00 5F 00 00 00 6B
3A 00 2D 00 61 00 64 00  70 00 00 00 7C 30 00 3E
00 72 00 65 00 66 00 00  00 72 31 00 34 00 68 00
76 00 67 00 00 00 73 42  00 35 00 69 00 6C 00 78
src regs sR: { 01 3C 07 3C }
dst regs dR: { 03 3E }
IS: 3 IP: 13
% 
[balance] Running test 1/5...

 === machine state === 
mem M:
01 02 04 08 10 20 40 80  00 00 00 00 00 00 00 00
00 00 00 00 00 00 00 00  00 00 00 00 00 00 00 00
00 00 00 00 00 00 00 00  00 00 00 00 00 00 00 00
00 00 00 00 00 00 00 00  00 00 00 00 00 00 00 00
00 00 00 00 00 00 00 00  00 00 00 00 00 00 00 00
00 00 00 00 00 00 00 00  00 00 00 00 00 00 00 00
00 00 00 00 00 00 00 00  00 00 00 00 00 00 00 00
00 00 00 00 00 00 00 00  00 00 00 00 00 00 00 00
00 00 00 00 00 00 00 00  00 00 00 00 00 00 00 00
00 00 00 00 00 00 00 00  00 00 00 00 00 00 00 00
00 00 00 00 00 00 00 00  00 00 00 00 00 00 00 00
00 00 00 00 00 00 00 00  00 00 00 00 00 00 00 00
00 00 00 00 00 00 00 00  00 00 00 00 00 00 00 00
00 00 00 00 00 00 00 00  00 00 00 00 00 00 00 00
00 00 00 00 00 00 00 00  00 00 00 00 00 00 00 00
00 00 00 00 00 00 00 00  00 00 00 00 00 00 00 00
src regs sR: { 68 00 01 02 }
dst regs dR: { 03 04 }
IS: 1 IP: 0
.Your code halted, but didn't solve puzzle copyreg.
Try again to balance the score
 === machine state === 
mem M:
01 FF 04 80 38 43 46 80  6C 00 C4 00 DD 12 25 05
00 39 AB 3C 00 D4 00 3A  00 2B 08 9B 16 00 4A 69
3D 00 92 00 A2 00 A1 09  03 0C 00 40 DF 4E 00 08
00 60 00 09 1A C1 0D 00  41 47 44 00 70 00 D6 00
C7 10 37 1E 00 52 05 45  00 2E 00 3E 00 3D 11 9F
14 00 48 7B 56 00 A4 00  FC 00 A5 22 5D 15 00 49
7B 4C 00 0C 00 72 00 63  18 D3 26 00 5A 00 4D 00
CA 00 DA 00 D9 19 3B 1C  00 50 00 5E 00 40 00 98
00 41 2A F9 1D 00 51 00  54 00 A8 00 0E 00 FF 20
6F 2E 00 62 00 55 00 66  00 76 00 75 21 D7 24 00
58 00 66 00 DC 00 34 00  DD 32 95 25 00 BE 00 CE
00 44 00 AA 00 9B 28 0B  36 00 34 00 8C 00 02 00
12 00 11 29 73 2C 00 9C  00 02 00 78 00 D0 00 79
3A 31 2D 00 5A 00 6A 00  E0 00 46 00 37 30 A7 3E
00 D0 00 28 00 9E 00 AE  00 AD 31 0F 34 00 38 00
9E 00 14 00 6C 00 15 42  CD 35 00 F6 00 06 00 7C
src regs sR: { 01 01 07 5C }
dst regs dR: { 03 0C }
IS: 3 IP: 13
% 
[balance] Running test 1/5...

 === machine state === 
mem M:
01 02 04 08 10 20 40 80  00 00 00 00 00 00 00 00
00 00 00 00 00 00 00 00  00 00 00 00 00 00 00 00
00 00 00 00 00 00 00 00  00 00 00 00 00 00 00 00
00 00 00 00 00 00 00 00  00 00 00 00 00 00 00 00
00 00 00 00 00 00 00 00  00 00 00 00 00 00 00 00
00 00 00 00 00 00 00 00  00 00 00 00 00 00 00 00
00 00 00 00 00 00 00 00  00 00 00 00 00 00 00 00
00 00 00 00 00 00 00 00  00 00 00 00 00 00 00 00
00 00 00 00 00 00 00 00  00 00 00 00 00 00 00 00
00 00 00 00 00 00 00 00  00 00 00 00 00 00 00 00
00 00 00 00 00 00 00 00  00 00 00 00 00 00 00 00
00 00 00 00 00 00 00 00  00 00 00 00 00 00 00 00
00 00 00 00 00 00 00 00  00 00 00 00 00 00 00 00
00 00 00 00 00 00 00 00  00 00 00 00 00 00 00 00
00 00 00 00 00 00 00 00  00 00 00 00 00 00 00 00
00 00 00 00 00 00 00 00  00 00 00 00 00 00 00 00
src regs sR: { D8 00 01 02 }
dst regs dR: { 03 04 }
IS: 1 IP: 0
.Your code halted, but didn't solve puzzle copyreg.
Try again to balance the score
 === machine state === 
mem M:
84 0C 04 00 38 1C 46 80  7A 43 6D 00 EB 7A 00 05
00 39 12 3C 00 70 54 7E  00 6F 7B 00 16 00 4A 13
3D 00 71 4A 74 00 80 8C  00 0C 00 40 24 4E 00 82
4B 75 00 76 82 00 0D 00  41 1A 44 00 78 5C 86 00
77 83 00 1E 00 52 1B 45  00 79 52 7C 00 88 94 00
14 00 48 2C 56 00 8A 53  7D 00 7E 8A 00 15 00 49
22 4C 00 80 64 8E 00 7F  8B 00 26 00 5A 23 4D 00
81 5A 84 00 90 9C 00 1C  00 50 34 5E 00 92 5B 85
00 86 92 00 1D 00 51 2A  54 00 88 6C 96 00 87 93
00 2E 00 62 2B 55 00 89  62 8C 00 98 A4 00 24 00
58 3C 66 00 9A 63 8D 00  8E 9A 00 25 00 59 32 5C
00 90 74 9E 00 8F 9B 00  36 00 6A 33 5D 00 91 6A
94 00 A0 AC 00 2C 00 60  44 6E 00 A2 6B 95 00 96
AC 03 2D 00 61 3A 64 00  98 7C A6 00 97 30 14 3E
00 72 3B 65 00 99 72 9C  00 A8 31 0A 34 00 68 4C
76 00 AA 73 9D 00 9E 42  0B 35 00 69 42 6C 00 A0
src regs sR: { 01 01 07 CC }
dst regs dR: { 03 0C }
IS: 3 IP: 13
% 
[balance] Running test 1/5...

 === machine state === 
mem M:
01 02 04 08 10 20 40 80  00 00 00 00 00 00 00 00
00 00 00 00 00 00 00 00  00 00 00 00 00 00 00 00
00 00 00 00 00 00 00 00  00 00 00 00 00 00 00 00
00 00 00 00 00 00 00 00  00 00 00 00 00 00 00 00
00 00 00 00 00 00 00 00  00 00 00 00 00 00 00 00
00 00 00 00 00 00 00 00  00 00 00 00 00 00 00 00
00 00 00 00 00 00 00 00  00 00 00 00 00 00 00 00
00 00 00 00 00 00 00 00  00 00 00 00 00 00 00 00
00 00 00 00 00 00 00 00  00 00 00 00 00 00 00 00
00 00 00 00 00 00 00 00  00 00 00 00 00 00 00 00
00 00 00 00 00 00 00 00  00 00 00 00 00 00 00 00
00 00 00 00 00 00 00 00  00 00 00 00 00 00 00 00
00 00 00 00 00 00 00 00  00 00 00 00 00 00 00 00
00 00 00 00 00 00 00 00  00 00 00 00 00 00 00 00
00 00 00 00 00 00 00 00  00 00 00 00 00 00 00 00
00 00 00 00 00 00 00 00  00 00 00 00 00 00 00 00
src regs sR: { 7B 00 01 02 }
dst regs dR: { 03 04 }
IS: 1 IP: 0
Your code halted, but didn't solve puzzle copyreg.
Try again to balance the score
 === machine state === 
mem M:
01 02 04 00 10 20 40 80  00 00 00 00 00 12 00 05
00 06 00 00 00 00 00 00  00 00 08 00 16 00 07 00
00 00 00 00 00 00 00 09  00 0C 00 18 00 00 00 00
00 00 00 00 1A 00 0D 00  0E 00 00 00 00 00 00 00
00 10 00 1E 00 0F 00 00  00 00 00 00 00 00 11 00
14 00 20 00 00 00 00 00  00 00 00 22 00 15 00 16
00 00 00 00 00 00 00 00  18 00 26 00 17 00 00 00
00 00 00 00 03 19 00 1C  00 28 00 00 00 00 00 00
00 14 2A 00 1D 00 1E 00  00 00 00 00 00 00 0A 20
00 2E 00 1F 00 00 00 00  00 00 00 0B 21 00 A1 00
30 00 00 00 00 00 00 00  1C 00 00 00 00 00 00 00
00 00 00 00 00 12 00 00  00 00 00 00 00 00 00 00
00 00 13 00 00 00 00 00  00 00 00 00 00 00 00 24
00 00 00 00 00 00 00 00  00 00 00 00 1A 00 00 00
00 00 00 00 00 00 00 00  00 1B 00 00 00 00 00 00
00 00 00 00 00 00 2C 00  00 00 00 00 00 00 00 00
src regs sR: { 01 9C 07 9C }
dst regs dR: { 03 9E }
IS: 3 IP: 13
% 
[balance] Running test 1/5...

 === machine state === 
mem M:
01 02 04 08 10 20 40 80  00 00 00 00 00 00 00 00
00 00 00 00 00 00 00 00  00 00 00 00 00 00 00 00
00 00 00 00 00 00 00 00  00 00 00 00 00 00 00 00
00 00 00 00 00 00 00 00  00 00 00 00 00 00 00 00
00 00 00 00 00 00 00 00  00 00 00 00 00 00 00 00
00 00 00 00 00 00 00 00  00 00 00 00 00 00 00 00
00 00 00 00 00 00 00 00  00 00 00 00 00 00 00 00
00 00 00 00 00 00 00 00  00 00 00 00 00 00 00 00
00 00 00 00 00 00 00 00  00 00 00 00 00 00 00 00
00 00 00 00 00 00 00 00  00 00 00 00 00 00 00 00
00 00 00 00 00 00 00 00  00 00 00 00 00 00 00 00
00 00 00 00 00 00 00 00  00 00 00 00 00 00 00 00
00 00 00 00 00 00 00 00  00 00 00 00 00 00 00 00
00 00 00 00 00 00 00 00  00 00 00 00 00 00 00 00
00 00 00 00 00 00 00 00  00 00 00 00 00 00 00 00
00 00 00 00 00 00 00 00  00 00 00 00 00 00 00 00
src regs sR: { CC 00 01 02 }
dst regs dR: { 03 04 }
IS: 1 IP: 0
. === machine state === 
mem M:
01 FF 04 80 38 20 46 80  7A 00 6D 00 E2 12 85 05
00 39 00 3C 00 70 00 7E  00 6F 08 1B 16 00 4A 00
3D 00 71 00 74 00 80 09  A3 0C 00 40 00 4E 00 82
00 75 00 76 1A A1 0D 00  41 00 44 00 78 00 86 00
77 10 37 1E 00 52 00 45  00 FE 00 0E 00 0D 11 BF
14 00 48 00 56 00 94 00  0C 00 95 22 BD 15 00 49
00 4C 00 1C 00 A2 00 93  18 53 26 00 5A 00 4D 00
1A 00 2A 00 29 19 DB 1C  00 50 00 5E 00 B0 00 28
00 B1 2A D9 1D 00 51 00  54 00 38 00 BE 00 AF 20
6F 2E 00 62 00 55 00 36  00 46 00 45 21 F7 24 00
58 00 66 00 CC 00 44 00  CD 32 F5 25 00 59 00 5C
00 54 00 DA 00 CB 28 8B  36 00 6A 00 5D 00 52 00
62 00 61 29 8B 2C 00 60  00 6E 00 E8 00 60 00 E9
3A 00 2D 00 61 00 64 00  70 00 F6 00 E7 30 00 3E
00 72 00 65 00 6E 00 7E  00 7D 31 00 34 00 68 00
76 00 04 00 7C 00 05 42  00 35 00 69 00 6C 00 8C
src regs sR: { 01 01 07 C0 }
dst regs dR: { 03 0C }
IS: 3 IP: 13

[balance] Running test 2/5...

 === machine state === 
mem M:
01 02 04 08 10 20 40 80  00 00 00 00 00 00 00 00
00 00 00 00 00 00 00 00  00 00 00 00 00 00 00 00
00 00 00 00 00 00 00 00  00 00 00 00 00 00 00 00
00 00 00 00 00 00 00 00  00 00 00 00 00 00 00 00
00 00 00 00 00 00 00 00  00 00 00 00 00 00 00 00
00 00 00 00 00 00 00 00  00 00 00 00 00 00 00 00
00 00 00 00 00 00 00 00  00 00 00 00 00 00 00 00
00 00 00 00 00 00 00 00  00 00 00 00 00 00 00 00
00 00 00 00 00 00 00 00  00 00 00 00 00 00 00 00
00 00 00 00 00 00 00 00  00 00 00 00 00 00 00 00
00 00 00 00 00 00 00 00  00 00 00 00 00 00 00 00
00 00 00 00 00 00 00 00  00 00 00 00 00 00 00 00
00 00 00 00 00 00 00 00  00 00 00 00 00 00 00 00
00 00 00 00 00 00 00 00  00 00 00 00 00 00 00 00
00 00 00 00 00 00 00 00  00 00 00 00 00 00 00 00
00 00 00 00 00 00 00 00  00 00 00 00 00 00 00 00
src regs sR: { 60 00 01 02 }
dst regs dR: { 03 04 }
IS: 1 IP: 0
. === machine state === 
mem M:
01 0C 34 00 38 20 5B 80  7A 00 92 00 EB 12 00 2A
00 39 00 6C 00 70 00 93  00 6F 08 00 2B 00 4A 00
62 00 71 00 A4 00 80 09  00 3C 00 40 00 63 00 82
00 9A 00 76 1A 00 32 00  41 00 74 00 78 00 9B 00
77 10 00 33 00 52 00 6A  00 79 00 AC 00 88 11 00
44 00 48 00 6B 00 8A 00  AC 03 7E 22 00 3A 00 49
00 7C 00 80 00 8E 14 7F  18 00 3B 00 5A 00 72 00
81 00 84 0A 90 19 00 4C  00 50 00 73 00 92 00 85
0B 86 2A 00 42 00 51 00  84 00 88 00 96 1C 87 20
00 43 00 62 00 7A 00 89  00 8C 12 98 21 00 54 00
58 00 7B 00 9A 00 8D 13  8E 32 00 4A 00 59 00 8C
00 90 00 9E 24 8F 28 00  4B 00 6A 00 82 00 91 00
94 1A A0 29 00 5C 00 60  00 83 00 A2 00 95 1B 96
3A 00 52 00 61 00 94 00  98 00 A6 2C 97 30 00 53
00 72 00 8A 00 99 00 9C  22 A8 31 00 64 00 68 00
8B 00 AA 00 9D 23 9E 42  00 5A 00 69 00 9C 00 A0
src regs sR: { 01 01 07 54 }
dst regs dR: { 03 0C }
IS: 3 IP: 13

[balance] Running test 3/5...

 === machine state === 
mem M:
01 02 04 08 10 20 40 80  00 00 00 00 00 00 00 00
00 00 00 00 00 00 00 00  00 00 00 00 00 00 00 00
00 00 00 00 00 00 00 00  00 00 00 00 00 00 00 00
00 00 00 00 00 00 00 00  00 00 00 00 00 00 00 00
00 00 00 00 00 00 00 00  00 00 00 00 00 00 00 00
00 00 00 00 00 00 00 00  00 00 00 00 00 00 00 00
00 00 00 00 00 00 00 00  00 00 00 00 00 00 00 00
00 00 00 00 00 00 00 00  00 00 00 00 00 00 00 00
00 00 00 00 00 00 00 00  00 00 00 00 00 00 00 00
00 00 00 00 00 00 00 00  00 00 00 00 00 00 00 00
00 00 00 00 00 00 00 00  00 00 00 00 00 00 00 00
00 00 00 00 00 00 00 00  00 00 00 00 00 00 00 00
00 00 00 00 00 00 00 00  00 00 00 00 00 00 00 00
00 00 00 00 00 00 00 00  00 00 00 00 00 00 00 00
00 00 00 00 00 00 00 00  00 00 00 00 00 00 00 00
00 00 00 00 00 00 00 00  00 00 00 00 00 00 00 00
src regs sR: { FF 00 01 02 }
dst regs dR: { 03 04 }
IS: 1 IP: 0
.Your code halted, but didn't solve puzzle copyreg.
Try again to balance the score
 === machine state === 
mem M:
7C 0C 04 00 38 14 46 80  7A 3B 6D 00 EB 72 00 05
00 39 0A 3C 00 70 4C 7E  00 6F 73 00 16 00 4A 0B
3D 00 71 42 74 00 80 84  00 0C 00 40 1C 4E 00 82
43 75 00 76 7A 00 0D 00  41 12 44 00 78 54 86 00
77 7B 00 1E 00 52 13 45  00 79 4A 7C 00 88 8C 00
14 00 48 24 56 00 8A 4B  7D 00 7E 82 00 15 00 49
1A 4C 00 80 5C 8E 00 7F  83 00 26 00 5A 1B 4D 00
81 52 84 00 90 94 00 1C  00 50 2C 5E 00 92 53 85
00 86 8A 00 1D 00 51 22  54 00 88 64 96 00 87 8B
00 2E 00 62 23 55 00 89  5A 8C 00 98 9C 00 24 00
58 34 66 00 9A 5B 8D 00  8E 92 00 25 00 59 2A 5C
00 90 6C 9E 00 8F 93 00  36 00 6A 2B 5D 00 91 62
94 00 A0 A4 00 2C 00 60  3C 6E 00 A2 63 95 00 96
9A 00 2D 00 61 32 64 00  98 74 A6 00 97 9B 00 3E
00 72 33 65 00 99 6A 9C  00 A8 AC 00 34 00 68 44
76 00 AA 6B 9D 00 9E AC  03 35 00 69 3A 6C 00 A0
src regs sR: { 01 01 07 F3 }
dst regs dR: { 03 0C }
IS: 3 IP: 13
% 
[balance] Running test 1/5...

 === machine state === 
mem M:
01 02 04 08 10 20 40 80  00 00 00 00 00 00 00 00
00 00 00 00 00 00 00 00  00 00 00 00 00 00 00 00
00 00 00 00 00 00 00 00  00 00 00 00 00 00 00 00
00 00 00 00 00 00 00 00  00 00 00 00 00 00 00 00
00 00 00 00 00 00 00 00  00 00 00 00 00 00 00 00
00 00 00 00 00 00 00 00  00 00 00 00 00 00 00 00
00 00 00 00 00 00 00 00  00 00 00 00 00 00 00 00
00 00 00 00 00 00 00 00  00 00 00 00 00 00 00 00
00 00 00 00 00 00 00 00  00 00 00 00 00 00 00 00
00 00 00 00 00 00 00 00  00 00 00 00 00 00 00 00
00 00 00 00 00 00 00 00  00 00 00 00 00 00 00 00
00 00 00 00 00 00 00 00  00 00 00 00 00 00 00 00
00 00 00 00 00 00 00 00  00 00 00 00 00 00 00 00
00 00 00 00 00 00 00 00  00 00 00 00 00 00 00 00
00 00 00 00 00 00 00 00  00 00 00 00 00 00 00 00
00 00 00 00 00 00 00 00  00 00 00 00 00 00 00 00
src regs sR: { 2F 00 01 02 }
dst regs dR: { 03 04 }
IS: 1 IP: 0
.Your code halted, but didn't solve puzzle copyreg.
Try again to balance the score
 === machine state === 
mem M:
9A 0C 04 00 38 32 46 80  7A 74 6D 00 EB 9B 00 05
00 39 33 3C 00 70 6A 7E  00 6F AC 00 16 00 4A 44
3D 00 71 6B 74 00 80 AC  03 0C 00 40 3A 4E 00 82
7C 75 00 76 1A 14 0D 00  41 3B 44 00 78 72 86 00
77 10 0A 1E 00 52 4C 45  00 79 73 7C 00 88 11 0B
14 00 48 42 56 00 8A 84  7D 00 7E 22 1C 15 00 49
43 4C 00 80 7A 8E 00 7F  18 12 26 00 5A 54 4D 00
81 7B 84 00 90 19 13 1C  00 50 4A 5E 00 92 8C 85
00 86 2A 24 1D 00 51 4B  54 00 88 82 96 00 87 20
1A 2E 00 62 5C 55 00 89  83 8C 00 98 21 1B 24 00
58 52 66 00 9A 94 8D 00  8E 32 2C 25 00 59 53 5C
00 90 8A 9E 00 8F 28 22  36 00 6A 64 5D 00 91 8B
94 00 A0 29 23 2C 00 60  5A 6E 00 A2 9C 95 00 96
3A 34 2D 00 61 5B 64 00  98 92 A6 00 97 30 2A 3E
00 72 6C 65 00 99 93 9C  00 A8 31 2B 34 00 68 62
76 00 AA A4 9D 00 9E 42  3C 35 00 69 63 6C 00 A0
src regs sR: { 01 01 07 23 }
dst regs dR: { 03 0C }
IS: 3 IP: 13
% 
[balance] Running test 1/5...

 === machine state === 
mem M:
01 02 04 08 10 20 40 80  00 00 00 00 00 00 00 00
00 00 00 00 00 00 00 00  00 00 00 00 00 00 00 00
00 00 00 00 00 00 00 00  00 00 00 00 00 00 00 00
00 00 00 00 00 00 00 00  00 00 00 00 00 00 00 00
00 00 00 00 00 00 00 00  00 00 00 00 00 00 00 00
00 00 00 00 00 00 00 00  00 00 00 00 00 00 00 00
00 00 00 00 00 00 00 00  00 00 00 00 00 00 00 00
00 00 00 00 00 00 00 00  00 00 00 00 00 00 00 00
00 00 00 00 00 00 00 00  00 00 00 00 00 00 00 00
00 00 00 00 00 00 00 00  00 00 00 00 00 00 00 00
00 00 00 00 00 00 00 00  00 00 00 00 00 00 00 00
00 00 00 00 00 00 00 00  00 00 00 00 00 00 00 00
00 00 00 00 00 00 00 00  00 00 00 00 00 00 00 00
00 00 00 00 00 00 00 00  00 00 00 00 00 00 00 00
00 00 00 00 00 00 00 00  00 00 00 00 00 00 00 00
00 00 00 00 00 00 00 00  00 00 00 00 00 00 00 00
src regs sR: { 7D 00 01 02 }
dst regs dR: { 03 04 }
IS: 1 IP: 0
. === machine state === 
mem M:
8A 0C 04 00 38 22 46 80  7A 64 6D 00 EB 8B 00 05
00 39 23 3C 00 70 5A 7E  00 6F 9C 00 16 00 4A 34
3D 00 71 5B 74 00 80 92  00 0C 00 40 2A 4E 00 82
6C 75 00 76 93 00 0D 00  41 2B 44 00 78 62 86 00
77 A4 00 1E 00 52 3C 45  00 79 63 7C 00 88 9A 00
14 00 48 32 56 00 8A 74  7D 00 7E 9B 00 15 00 49
33 4C 00 80 6A 8E 00 7F  AC 00 26 00 5A 44 4D 00
81 6B 84 00 90 AC 03 1C  00 50 3A 5E 00 92 7C 85
00 86 2A 14 1D 00 51 3B  54 00 88 72 96 00 87 20
0A 2E 00 62 4C 55 00 89  73 8C 00 98 21 0B 24 00
58 42 66 00 9A 84 8D 00  8E 32 1C 25 00 59 43 5C
00 90 7A 9E 00 8F 28 12  36 00 6A 54 5D 00 91 7B
94 00 A0 29 13 2C 00 60  4A 6E 00 A2 8C 95 00 96
3A 24 2D 00 61 4B 64 00  98 82 A6 00 97 30 1A 3E
00 72 5C 65 00 99 83 9C  00 A8 31 1B 34 00 68 52
76 00 AA 94 9D 00 9E 42  2C 35 00 69 53 6C 00 A0
src regs sR: { 01 01 07 71 }
dst regs dR: { 03 0C }
IS: 3 IP: 13

[balance] Running test 2/5...

 === machine state === 
mem M:
01 02 04 08 10 20 40 80  00 00 00 00 00 00 00 00
00 00 00 00 00 00 00 00  00 00 00 00 00 00 00 00
00 00 00 00 00 00 00 00  00 00 00 00 00 00 00 00
00 00 00 00 00 00 00 00  00 00 00 00 00 00 00 00
00 00 00 00 00 00 00 00  00 00 00 00 00 00 00 00
00 00 00 00 00 00 00 00  00 00 00 00 00 00 00 00
00 00 00 00 00 00 00 00  00 00 00 00 00 00 00 00
00 00 00 00 00 00 00 00  00 00 00 00 00 00 00 00
00 00 00 00 00 00 00 00  00 00 00 00 00 00 00 00
00 00 00 00 00 00 00 00  00 00 00 00 00 00 00 00
00 00 00 00 00 00 00 00  00 00 00 00 00 00 00 00
00 00 00 00 00 00 00 00  00 00 00 00 00 00 00 00
00 00 00 00 00 00 00 00  00 00 00 00 00 00 00 00
00 00 00 00 00 00 00 00  00 00 00 00 00 00 00 00
00 00 00 00 00 00 00 00  00 00 00 00 00 00 00 00
00 00 00 00 00 00 00 00  00 00 00 00 00 00 00 00
src regs sR: { 25 00 01 02 }
dst regs dR: { 03 04 }
IS: 1 IP: 0
. === machine state === 
mem M:
01 02 04 80 38 20 46 80  7A 00 6D 00 6E 12 00 05
00 39 00 3C 00 70 00 7E  00 6F 08 00 16 00 4A 00
3D 00 71 00 74 00 80 09  00 0C 00 40 00 4E 00 82
00 75 00 76 1A 00 0D 00  41 00 44 00 78 00 86 00
77 10 00 1E 00 52 00 45  00 79 00 7C 00 88 11 00
14 00 48 00 56 00 8A 00  7D 00 7E 22 00 15 00 49
00 4C 00 80 00 8E 00 7F  18 00 26 00 5A 00 4D 00
81 00 84 00 90 19 00 1C  00 50 00 5E 00 92 00 85
00 86 2A 00 1D 00 51 00  54 00 88 00 96 00 87 20
00 2E 00 62 00 55 00 89  00 8C 00 98 21 00 24 00
58 00 66 00 9A 00 8D 00  8E 32 00 25 00 59 00 5C
00 90 00 9E 00 8F 28 00  36 00 6A 00 5D 00 91 00
94 00 A0 29 00 2C 00 60  00 6E 00 A2 00 95 00 96
3A 00 2D 00 61 00 64 00  98 00 A6 00 97 30 00 3E
00 72 00 65 00 99 00 9C  00 A8 31 00 34 00 68 00
76 00 AA 00 2A 00 9E 42  00 35 00 69 00 6C 00 78
src regs sR: { 01 F2 07 F2 }
dst regs dR: { 03 F4 }
IS: 3 IP: 13

[balance] Running test 3/5...

 === machine state === 
mem M:
01 02 04 08 10 20 40 80  00 00 00 00 00 00 00 00
00 00 00 00 00 00 00 00  00 00 00 00 00 00 00 00
00 00 00 00 00 00 00 00  00 00 00 00 00 00 00 00
00 00 00 00 00 00 00 00  00 00 00 00 00 00 00 00
00 00 00 00 00 00 00 00  00 00 00 00 00 00 00 00
00 00 00 00 00 00 00 00  00 00 00 00 00 00 00 00
00 00 00 00 00 00 00 00  00 00 00 00 00 00 00 00
00 00 00 00 00 00 00 00  00 00 00 00 00 00 00 00
00 00 00 00 00 00 00 00  00 00 00 00 00 00 00 00
00 00 00 00 00 00 00 00  00 00 00 00 00 00 00 00
00 00 00 00 00 00 00 00  00 00 00 00 00 00 00 00
00 00 00 00 00 00 00 00  00 00 00 00 00 00 00 00
00 00 00 00 00 00 00 00  00 00 00 00 00 00 00 00
00 00 00 00 00 00 00 00  00 00 00 00 00 00 00 00
00 00 00 00 00 00 00 00  00 00 00 00 00 00 00 00
00 00 00 00 00 00 00 00  00 00 00 00 00 00 00 00
src regs sR: { 1D 00 01 02 }
dst regs dR: { 03 04 }
IS: 1 IP: 0
. === machine state === 
mem M:
33 0C 04 00 6A 20 46 80  AC 00 6D 00 EB 44 00 05
00 6B 00 3C 00 AC 03 7E  00 6F 3A 00 16 00 7C 00
3D 00 71 14 74 00 80 3B  00 0C 00 72 00 4E 00 82
0A 75 00 76 4C 00 0D 00  73 00 44 00 78 0B 86 00
77 42 00 1E 00 84 00 45  00 79 1C 7C 00 88 43 00
14 00 7A 00 56 00 8A 12  7D 00 7E 54 00 15 00 7B
00 4C 00 80 13 8E 00 7F  4A 00 26 00 8C 00 4D 00
81 24 84 00 90 4B 00 1C  00 82 00 5E 00 92 1A 85
00 86 5C 00 1D 00 83 00  54 00 88 1B 96 00 87 52
00 2E 00 94 00 55 00 89  2C 8C 00 98 53 00 24 00
8A 00 66 00 9A 22 8D 00  8E 64 00 25 00 8B 00 5C
00 90 23 9E 00 8F 5A 00  36 00 9C 00 5D 00 91 34
94 00 A0 5B 00 2C 00 92  00 6E 00 A2 2A 95 00 96
6C 00 2D 00 93 00 64 00  98 2B A6 00 97 62 00 3E
00 A4 00 65 00 99 3C 9C  00 A8 63 00 34 00 9A 00
76 00 AA 32 9D 00 9E 74  00 35 00 9B 00 6C 00 A0
src regs sR: { 01 01 07 11 }
dst regs dR: { 03 0C }
IS: 3 IP: 13

[balance] Running test 4/5...

 === machine state === 
mem M:
01 02 04 08 10 20 40 80  00 00 00 00 00 00 00 00
00 00 00 00 00 00 00 00  00 00 00 00 00 00 00 00
00 00 00 00 00 00 00 00  00 00 00 00 00 00 00 00
00 00 00 00 00 00 00 00  00 00 00 00 00 00 00 00
00 00 00 00 00 00 00 00  00 00 00 00 00 00 00 00
00 00 00 00 00 00 00 00  00 00 00 00 00 00 00 00
00 00 00 00 00 00 00 00  00 00 00 00 00 00 00 00
00 00 00 00 00 00 00 00  00 00 00 00 00 00 00 00
00 00 00 00 00 00 00 00  00 00 00 00 00 00 00 00
00 00 00 00 00 00 00 00  00 00 00 00 00 00 00 00
00 00 00 00 00 00 00 00  00 00 00 00 00 00 00 00
00 00 00 00 00 00 00 00  00 00 00 00 00 00 00 00
00 00 00 00 00 00 00 00  00 00 00 00 00 00 00 00
00 00 00 00 00 00 00 00  00 00 00 00 00 00 00 00
00 00 00 00 00 00 00 00  00 00 00 00 00 00 00 00
00 00 00 00 00 00 00 00  00 00 00 00 00 00 00 00
src regs sR: { EB 00 01 02 }
dst regs dR: { 03 04 }
IS: 1 IP: 0
. === machine state === 
mem M:
01 0C 4C 00 38 20 73 80  7A 00 6D 0B EB 12 00 42
00 39 00 84 00 70 00 7E  1C 6F 08 00 43 00 4A 00
7A 00 71 00 74 12 80 09  00 54 00 40 00 7B 00 82
00 75 13 76 1A 00 4A 00  41 00 8C 00 78 00 86 24
77 10 00 4B 00 52 00 82  00 79 00 7C 1A 88 11 00
5C 00 48 00 83 00 8A 00  7D 1B 7E 22 00 52 00 49
00 94 00 80 00 8E 2C 7F  18 00 53 00 5A 00 8A 00
81 00 84 22 90 19 00 64  00 50 00 8B 00 92 00 85
23 86 2A 00 5A 00 51 00  9C 00 88 00 96 34 87 20
00 5B 00 62 00 92 00 89  00 8C 2A 98 21 00 6C 00
58 00 93 00 9A 00 8D 2B  8E 32 00 62 00 59 00 A4
00 90 00 9E 3C 8F 28 00  63 00 6A 00 9A 00 91 00
94 32 A0 29 00 74 00 60  00 9B 00 A2 00 95 33 96
3A 00 6A 00 61 00 AC 00  98 00 A6 44 97 30 00 6B
00 72 00 AC 03 99 00 9C  3A A8 31 00 7C 00 68 00
76 14 AA 00 9D 3B 9E 42  00 72 00 69 00 6C 0A A0
src regs sR: { 01 01 07 DF }
dst regs dR: { 03 0C }
IS: 3 IP: 13

[balance] Running test 5/5...

 === machine state === 
mem M:
01 02 04 08 10 20 40 80  00 00 00 00 00 00 00 00
00 00 00 00 00 00 00 00  00 00 00 00 00 00 00 00
00 00 00 00 00 00 00 00  00 00 00 00 00 00 00 00
00 00 00 00 00 00 00 00  00 00 00 00 00 00 00 00
00 00 00 00 00 00 00 00  00 00 00 00 00 00 00 00
00 00 00 00 00 00 00 00  00 00 00 00 00 00 00 00
00 00 00 00 00 00 00 00  00 00 00 00 00 00 00 00
00 00 00 00 00 00 00 00  00 00 00 00 00 00 00 00
00 00 00 00 00 00 00 00  00 00 00 00 00 00 00 00
00 00 00 00 00 00 00 00  00 00 00 00 00 00 00 00
00 00 00 00 00 00 00 00  00 00 00 00 00 00 00 00
00 00 00 00 00 00 00 00  00 00 00 00 00 00 00 00
00 00 00 00 00 00 00 00  00 00 00 00 00 00 00 00
00 00 00 00 00 00 00 00  00 00 00 00 00 00 00 00
00 00 00 00 00 00 00 00  00 00 00 00 00 00 00 00
00 00 00 00 00 00 00 00  00 00 00 00 00 00 00 00
src regs sR: { DF 00 01 02 }
dst regs dR: { 03 04 }
IS: 1 IP: 0
Your code halted, but didn't solve puzzle copyreg.
Try again to balance the score
 === machine state === 
mem M:
01 02 04 00 38 20 46 80  37 00 00 00 1C 12 00 05
00 39 00 3C 00 48 00 00  00 12 08 00 16 00 4A 00
3D 00 3E 00 00 00 13 09  00 0C 00 40 00 4E 00 3F
00 00 00 24 1A 00 0D 00  41 00 C1 00 50 00 00 00
1A 10 00 1E 00 0F 00 00  00 00 00 00 00 1B 11 00
14 00 20 00 00 00 00 00  00 00 2C 22 00 15 00 16
00 00 00 00 00 00 00 22  18 00 26 00 17 00 00 00
00 00 00 00 23 19 00 1C  00 28 00 00 00 00 00 00
00 34 2A 00 1D 00 1E 00  00 00 00 00 00 00 2A 20
00 2E 00 1F 00 00 00 00  00 00 00 2B 21 00 24 00
30 00 00 00 00 00 00 00  3C 32 00 25 00 26 00 00
00 00 00 00 00 32 28 00  36 00 27 00 00 00 00 00
00 00 33 29 00 2C 00 38  00 00 00 00 00 00 00 44
3A 00 2D 00 2E 00 00 00  03 00 00 00 3A 30 00 3E
00 2F 00 00 00 14 00 00  00 3B 31 00 34 00 40 00
00 00 0A 00 00 00 4C 42  00 35 00 36 00 00 00 0B
src regs sR: { 01 38 07 38 }
dst regs dR: { 03 3A }
IS: 3 IP: 13
% 
[balance] Running test 1/5...

 === machine state === 
mem M:
01 02 04 08 10 20 40 80  00 00 00 00 00 00 00 00
00 00 00 00 00 00 00 00  00 00 00 00 00 00 00 00
00 00 00 00 00 00 00 00  00 00 00 00 00 00 00 00
00 00 00 00 00 00 00 00  00 00 00 00 00 00 00 00
00 00 00 00 00 00 00 00  00 00 00 00 00 00 00 00
00 00 00 00 00 00 00 00  00 00 00 00 00 00 00 00
00 00 00 00 00 00 00 00  00 00 00 00 00 00 00 00
00 00 00 00 00 00 00 00  00 00 00 00 00 00 00 00
00 00 00 00 00 00 00 00  00 00 00 00 00 00 00 00
00 00 00 00 00 00 00 00  00 00 00 00 00 00 00 00
00 00 00 00 00 00 00 00  00 00 00 00 00 00 00 00
00 00 00 00 00 00 00 00  00 00 00 00 00 00 00 00
00 00 00 00 00 00 00 00  00 00 00 00 00 00 00 00
00 00 00 00 00 00 00 00  00 00 00 00 00 00 00 00
00 00 00 00 00 00 00 00  00 00 00 00 00 00 00 00
00 00 00 00 00 00 00 00  00 00 00 00 00 00 00 00
src regs sR: { 53 00 01 02 }
dst regs dR: { 03 04 }
IS: 1 IP: 0
. === machine state === 
mem M:
01 0C 2A 00 38 20 6C 80  7A 00 93 00 EB 12 00 2B
00 39 00 62 00 70 00 A4  00 6F 08 00 3C 00 4A 00
63 00 71 00 9A 00 80 09  00 32 00 40 00 74 00 82
00 9B 00 76 1A 00 33 00  41 00 6A 00 78 00 AC 00
77 10 00 44 00 52 00 6B  00 79 00 AC 03 88 11 00
3A 00 48 00 7C 00 8A 00  7D 14 7E 22 00 3B 00 49
00 72 00 80 00 8E 0A 7F  18 00 4C 00 5A 00 73 00
81 00 84 0B 90 19 00 42  00 50 00 84 00 92 00 85
1C 86 2A 00 43 00 51 00  7A 00 88 00 96 12 87 20
00 54 00 62 00 7B 00 89  00 8C 13 98 21 00 4A 00
58 00 8C 00 9A 00 8D 24  8E 32 00 4B 00 59 00 82
00 90 00 9E 1A 8F 28 00  5C 00 6A 00 83 00 91 00
94 1B A0 29 00 52 00 60  00 94 00 A2 00 95 2C 96
3A 00 53 00 61 00 8A 00  98 00 A6 22 97 30 00 64
00 72 00 8B 00 99 00 9C  23 A8 31 00 5A 00 68 00
9C 00 AA 00 9D 34 9E 42  00 5B 00 69 00 92 00 A0
src regs sR: { 01 01 07 47 }
dst regs dR: { 03 0C }
IS: 3 IP: 13

[balance] Running test 2/5...

 === machine state === 
mem M:
01 02 04 08 10 20 40 80  00 00 00 00 00 00 00 00
00 00 00 00 00 00 00 00  00 00 00 00 00 00 00 00
00 00 00 00 00 00 00 00  00 00 00 00 00 00 00 00
00 00 00 00 00 00 00 00  00 00 00 00 00 00 00 00
00 00 00 00 00 00 00 00  00 00 00 00 00 00 00 00
00 00 00 00 00 00 00 00  00 00 00 00 00 00 00 00
00 00 00 00 00 00 00 00  00 00 00 00 00 00 00 00
00 00 00 00 00 00 00 00  00 00 00 00 00 00 00 00
00 00 00 00 00 00 00 00  00 00 00 00 00 00 00 00
00 00 00 00 00 00 00 00  00 00 00 00 00 00 00 00
00 00 00 00 00 00 00 00  00 00 00 00 00 00 00 00
00 00 00 00 00 00 00 00  00 00 00 00 00 00 00 00
00 00 00 00 00 00 00 00  00 00 00 00 00 00 00 00
00 00 00 00 00 00 00 00  00 00 00 00 00 00 00 00
00 00 00 00 00 00 00 00  00 00 00 00 00 00 00 00
00 00 00 00 00 00 00 00  00 00 00 00 00 00 00 00
src regs sR: { BC 00 01 02 }
dst regs dR: { 03 04 }
IS: 1 IP: 0
Your code halted, but didn't solve puzzle copyreg.
Try again to balance the score
 === machine state === 
mem M:
01 02 04 00 10 20 40 80  00 00 00 00 00 12 00 05
00 06 00 00 00 00 00 00  00 00 08 00 16 00 07 00
00 00 00 00 00 00 00 09  00 0C 00 18 00 00 00 00
00 00 00 00 1A 00 0D 00  0E 00 00 00 00 00 00 00
00 10 00 1E 00 0F 00 00  00 00 00 00 00 00 11 00
14 00 20 00 00 00 00 00  00 00 00 22 00 A2 00 16
00 00 00 00 00 00 00 00  00 00 00 00 00 00 00 00
00 00 00 00 00 00 00 00  00 00 00 00 00 00 00 00
00 00 00 00 00 00 00 00  00 00 00 00 00 00 00 00
00 00 00 00 00 00 00 00  00 00 00 00 00 00 00 00
00 00 00 00 00 00 00 00  00 00 00 00 00 00 00 00
00 00 00 00 00 03 00 00  00 00 00 00 00 00 00 00
00 00 14 00 00 00 00 00  00 00 00 00 00 00 00 0A
00 00 00 00 00 00 00 00  00 00 00 00 0B 00 00 00
00 00 00 00 00 00 00 00  00 1C 00 00 00 00 00 00
00 00 00 00 00 00 12 00  00 00 00 00 00 00 00 00
src regs sR: { 01 5B 07 5B }
dst regs dR: { 03 5D }
IS: 3 IP: 13
% 
[balance] Running test 1/5...

 === machine state === 
mem M:
01 02 04 08 10 20 40 80  00 00 00 00 00 00 00 00
00 00 00 00 00 00 00 00  00 00 00 00 00 00 00 00
00 00 00 00 00 00 00 00  00 00 00 00 00 00 00 00
00 00 00 00 00 00 00 00  00 00 00 00 00 00 00 00
00 00 00 00 00 00 00 00  00 00 00 00 00 00 00 00
00 00 00 00 00 00 00 00  00 00 00 00 00 00 00 00
00 00 00 00 00 00 00 00  00 00 00 00 00 00 00 00
00 00 00 00 00 00 00 00  00 00 00 00 00 00 00 00
00 00 00 00 00 00 00 00  00 00 00 00 00 00 00 00
00 00 00 00 00 00 00 00  00 00 00 00 00 00 00 00
00 00 00 00 00 00 00 00  00 00 00 00 00 00 00 00
00 00 00 00 00 00 00 00  00 00 00 00 00 00 00 00
00 00 00 00 00 00 00 00  00 00 00 00 00 00 00 00
00 00 00 00 00 00 00 00  00 00 00 00 00 00 00 00
00 00 00 00 00 00 00 00  00 00 00 00 00 00 00 00
00 00 00 00 00 00 00 00  00 00 00 00 00 00 00 00
src regs sR: { 32 00 01 02 }
dst regs dR: { 03 04 }
IS: 1 IP: 0
. === machine state === 
mem M:
01 02 04 80 38 20 46 80  7A 00 6D 00 6E 12 00 05
00 39 00 3C 00 70 00 7E  00 6F 08 00 16 00 4A 00
3D 00 71 00 74 00 80 09  00 0C 00 40 00 4E 00 82
00 75 00 76 1A 00 0D 00  41 00 44 00 78 00 86 00
77 10 00 1E 00 52 00 45  00 79 00 7C 00 88 11 00
14 00 48 00 56 00 8A 00  7D 00 7E 22 00 15 00 49
00 4C 00 80 00 8E 00 7F  18 00 26 00 5A 00 4D 00
81 00 84 00 90 19 00 1C  00 50 00 5E 00 92 00 85
00 86 2A 00 1D 00 51 00  54 00 88 00 96 00 87 20
00 2E 00 62 00 55 00 89  00 8C 00 98 21 00 24 00
58 00 66 00 9A 00 8D 00  8E 32 00 25 00 59 00 5C
00 90 00 9E 00 8F 28 00  36 00 6A 00 5D 00 91 00
94 00 A0 29 00 2C 00 60  00 6E 00 A2 00 95 00 96
3A 00 2D 00 61 00 64 00  98 00 A6 00 97 30 00 3E
00 72 00 65 00 99 00 19  00 A8 31 00 34 00 68 00
76 00 67 00 00 00 A4 42  00 35 00 69 00 6C 00 78
src regs sR: { 01 E5 07 E5 }
dst regs dR: { 03 E7 }
IS: 3 IP: 13

[balance] Running test 2/5...

 === machine state === 
mem M:
01 02 04 08 10 20 40 80  00 00 00 00 00 00 00 00
00 00 00 00 00 00 00 00  00 00 00 00 00 00 00 00
00 00 00 00 00 00 00 00  00 00 00 00 00 00 00 00
00 00 00 00 00 00 00 00  00 00 00 00 00 00 00 00
00 00 00 00 00 00 00 00  00 00 00 00 00 00 00 00
00 00 00 00 00 00 00 00  00 00 00 00 00 00 00 00
00 00 00 00 00 00 00 00  00 00 00 00 00 00 00 00
00 00 00 00 00 00 00 00  00 00 00 00 00 00 00 00
00 00 00 00 00 00 00 00  00 00 00 00 00 00 00 00
00 00 00 00 00 00 00 00  00 00 00 00 00 00 00 00
00 00 00 00 00 00 00 00  00 00 00 00 00 00 00 00
00 00 00 00 00 00 00 00  00 00 00 00 00 00 00 00
00 00 00 00 00 00 00 00  00 00 00 00 00 00 00 00
00 00 00 00 00 00 00 00  00 00 00 00 00 00 00 00
00 00 00 00 00 00 00 00  00 00 00 00 00 00 00 00
00 00 00 00 00 00 00 00  00 00 00 00 00 00 00 00
src regs sR: { 70 00 01 02 }
dst regs dR: { 03 04 }
IS: 1 IP: 0
. === machine state === 
mem M:
8B 0C 04 00 38 23 46 80  7A 5A 6D 00 EB 9C 00 05
00 39 34 3C 00 70 5B 7E  00 6F 92 00 16 00 4A 2A
3D 00 71 6C 74 00 80 93  00 0C 00 40 2B 4E 00 82
62 75 00 76 A4 00 0D 00  41 3C 44 00 78 63 86 00
77 9A 00 1E 00 52 32 45  00 79 74 7C 00 88 9B 00
14 00 48 33 56 00 8A 6A  7D 00 7E AC 00 15 00 49
44 4C 00 80 6B 8E 00 7F  AC 03 26 00 5A 3A 4D 00
81 7C 84 00 90 19 14 1C  00 50 3B 5E 00 92 72 85
00 86 2A 0A 1D 00 51 4C  54 00 88 73 96 00 87 20
0B 2E 00 62 42 55 00 89  84 8C 00 98 21 1C 24 00
58 43 66 00 9A 7A 8D 00  8E 32 12 25 00 59 54 5C
00 90 7B 9E 00 8F 28 13  36 00 6A 4A 5D 00 91 8C
94 00 A0 29 24 2C 00 60  4B 6E 00 A2 82 95 00 96
3A 1A 2D 00 61 5C 64 00  98 83 A6 00 97 30 1B 3E
00 72 52 65 00 99 94 9C  00 A8 31 2C 34 00 68 53
76 00 AA 8A 9D 00 9E 42  22 35 00 69 64 6C 00 A0
src regs sR: { 01 01 07 64 }
dst regs dR: { 03 0C }
IS: 3 IP: 13

[balance] Running test 3/5...

 === machine state === 
mem M:
01 02 04 08 10 20 40 80  00 00 00 00 00 00 00 00
00 00 00 00 00 00 00 00  00 00 00 00 00 00 00 00
00 00 00 00 00 00 00 00  00 00 00 00 00 00 00 00
00 00 00 00 00 00 00 00  00 00 00 00 00 00 00 00
00 00 00 00 00 00 00 00  00 00 00 00 00 00 00 00
00 00 00 00 00 00 00 00  00 00 00 00 00 00 00 00
00 00 00 00 00 00 00 00  00 00 00 00 00 00 00 00
00 00 00 00 00 00 00 00  00 00 00 00 00 00 00 00
00 00 00 00 00 00 00 00  00 00 00 00 00 00 00 00
00 00 00 00 00 00 00 00  00 00 00 00 00 00 00 00
00 00 00 00 00 00 00 00  00 00 00 00 00 00 00 00
00 00 00 00 00 00 00 00  00 00 00 00 00 00 00 00
00 00 00 00 00 00 00 00  00 00 00 00 00 00 00 00
00 00 00 00 00 00 00 00  00 00 00 00 00 00 00 00
00 00 00 00 00 00 00 00  00 00 00 00 00 00 00 00
00 00 00 00 00 00 00 00  00 00 00 00 00 00 00 00
src regs sR: { EF 00 01 02 }
dst regs dR: { 03 04 }
IS: 1 IP: 0
.Your code halted, but didn't solve puzzle copyreg.
Try again to balance the score
 === machine state === 
mem M:
01 0C 0A 00 38 20 4C 80  7A 00 73 00 EB 12 00 0B
00 39 00 42 00 70 00 84  00 6F 08 00 1C 00 4A 00
43 00 71 00 7A 00 80 09  00 12 00 40 00 54 00 82
00 7B 00 76 1A 00 13 00  41 00 4A 00 78 00 8C 00
77 10 00 24 00 52 00 4B  00 79 00 82 00 88 11 00
1A 00 48 00 5C 00 8A 00  83 00 7E 22 00 1B 00 49
00 52 00 80 00 94 00 7F  18 00 2C 00 5A 00 53 00
81 00 8A 00 90 19 00 22  00 50 00 64 00 92 00 8B
00 86 2A 00 23 00 51 00  5A 00 88 00 9C 00 87 20
00 34 00 62 00 5B 00 89  00 92 00 98 21 00 2A 00
58 00 6C 00 9A 00 93 00  8E 32 00 2B 00 59 00 62
00 90 00 A4 00 8F 28 00  3C 00 6A 00 63 00 91 00
9A 00 A0 29 00 32 00 60  00 74 00 A2 00 9B 00 96
3A 00 33 00 61 00 6A 00  98 00 AC 00 97 30 00 44
00 72 00 6B 00 99 00 AC  03 A8 31 00 3A 00 68 00
7C 00 AA 00 9D 14 9E 42  00 3B 00 69 00 72 00 A0
src regs sR: { 01 01 07 E3 }
dst regs dR: { 03 0C }
IS: 3 IP: 13
% 
[balance] Running test 1/5...

 === machine state === 
mem M:
01 02 04 08 10 20 40 80  00 00 00 00 00 00 00 00
00 00 00 00 00 00 00 00  00 00 00 00 00 00 00 00
00 00 00 00 00 00 00 00  00 00 00 00 00 00 00 00
00 00 00 00 00 00 00 00  00 00 00 00 00 00 00 00
00 00 00 00 00 00 00 00  00 00 00 00 00 00 00 00
00 00 00 00 00 00 00 00  00 00 00 00 00 00 00 00
00 00 00 00 00 00 00 00  00 00 00 00 00 00 00 00
00 00 00 00 00 00 00 00  00 00 00 00 00 00 00 00
00 00 00 00 00 00 00 00  00 00 00 00 00 00 00 00
00 00 00 00 00 00 00 00  00 00 00 00 00 00 00 00
00 00 00 00 00 00 00 00  00 00 00 00 00 00 00 00
00 00 00 00 00 00 00 00  00 00 00 00 00 00 00 00
00 00 00 00 00 00 00 00  00 00 00 00 00 00 00 00
00 00 00 00 00 00 00 00  00 00 00 00 00 00 00 00
00 00 00 00 00 00 00 00  00 00 00 00 00 00 00 00
00 00 00 00 00 00 00 00  00 00 00 00 00 00 00 00
src regs sR: { C8 00 01 02 }
dst regs dR: { 03 04 }
IS: 1 IP: 0
.Your code halted, but didn't solve puzzle copyreg.
Try again to balance the score
 === machine state === 
mem M:
01 0C 12 00 38 20 54 80  7A 00 7B 00 EB 12 00 13
00 39 00 4A 00 70 00 8C  00 6F 08 00 24 00 4A 00
4B 00 71 00 82 00 80 09  00 1A 00 40 00 5C 00 82
00 83 00 76 1A 00 1B 00  41 00 52 00 78 00 94 00
77 10 00 2C 00 52 00 53  00 79 00 8A 00 88 11 00
22 00 48 00 64 00 8A 00  8B 00 7E 22 00 23 00 49
00 5A 00 80 00 9C 00 7F  18 00 34 00 5A 00 5B 00
81 00 92 00 90 19 00 2A  00 50 00 6C 00 92 00 93
00 86 2A 00 2B 00 51 00  62 00 88 00 A4 00 87 20
00 3C 00 62 00 63 00 89  00 9A 00 98 21 00 32 00
58 00 74 00 9A 00 9B 00  8E 32 00 33 00 59 00 6A
00 90 00 AC 00 8F 28 00  44 00 6A 00 6B 00 91 00
AC 03 A0 29 00 3A 00 60  00 7C 00 A2 00 95 14 96
3A 00 3B 00 61 00 72 00  98 00 A6 0A 97 30 00 4C
00 72 00 73 00 99 00 9C  0B A8 31 00 42 00 68 00
84 00 AA 00 9D 1C 9E 42  00 43 00 69 00 7A 00 A0
src regs sR: { 01 01 07 BC }
dst regs dR: { 03 0C }
IS: 3 IP: 13
% 
[balance] Running test 1/5...

 === machine state === 
mem M:
01 02 04 08 10 20 40 80  00 00 00 00 00 00 00 00
00 00 00 00 00 00 00 00  00 00 00 00 00 00 00 00
00 00 00 00 00 00 00 00  00 00 00 00 00 00 00 00
00 00 00 00 00 00 00 00  00 00 00 00 00 00 00 00
00 00 00 00 00 00 00 00  00 00 00 00 00 00 00 00
00 00 00 00 00 00 00 00  00 00 00 00 00 00 00 00
00 00 00 00 00 00 00 00  00 00 00 00 00 00 00 00
00 00 00 00 00 00 00 00  00 00 00 00 00 00 00 00
00 00 00 00 00 00 00 00  00 00 00 00 00 00 00 00
00 00 00 00 00 00 00 00  00 00 00 00 00 00 00 00
00 00 00 00 00 00 00 00  00 00 00 00 00 00 00 00
00 00 00 00 00 00 00 00  00 00 00 00 00 00 00 00
00 00 00 00 00 00 00 00  00 00 00 00 00 00 00 00
00 00 00 00 00 00 00 00  00 00 00 00 00 00 00 00
00 00 00 00 00 00 00 00  00 00 00 00 00 00 00 00
00 00 00 00 00 00 00 00  00 00 00 00 00 00 00 00
src regs sR: { AC 00 01 02 }
dst regs dR: { 03 04 }
IS: 1 IP: 0
. === machine state === 
mem M:
24 0C 04 00 4B 20 46 80  82 00 6D 00 EB 1A 00 05
00 5C 00 3C 00 83 00 7E  00 6F 1B 00 16 00 52 00
3D 00 94 00 74 00 80 2C  00 0C 00 53 00 4E 00 8A
00 75 00 76 22 00 0D 00  64 00 44 00 8B 00 86 00
77 23 00 1E 00 5A 00 45  00 9C 00 7C 00 88 34 00
14 00 5B 00 56 00 92 00  7D 00 7E 2A 00 15 00 6C
00 4C 00 93 00 8E 00 7F  2B 00 26 00 62 00 4D 00
A4 00 84 00 90 3C 00 1C  00 63 00 5E 00 9A 00 85
00 86 32 00 1D 00 74 00  54 00 9B 00 96 00 87 33
00 2E 00 6A 00 55 00 AC  00 8C 00 98 44 00 24 00
6B 00 66 00 AC 03 8D 00  8E 3A 00 25 00 7C 00 5C
00 90 14 9E 00 8F 3B 00  36 00 72 00 5D 00 91 0A
94 00 A0 4C 00 2C 00 73  00 6E 00 A2 0B 95 00 96
42 00 2D 00 84 00 64 00  98 1C A6 00 97 43 00 3E
00 7A 00 65 00 99 12 9C  00 A8 54 00 34 00 7B 00
76 00 AA 13 9D 00 9E 4A  00 35 00 8C 00 6C 00 A0
src regs sR: { 01 01 07 A0 }
dst regs dR: { 03 0C }
IS: 3 IP: 13

[balance] Running test 2/5...

 === machine state === 
mem M:
01 02 04 08 10 20 40 80  00 00 00 00 00 00 00 00
00 00 00 00 00 00 00 00  00 00 00 00 00 00 00 00
00 00 00 00 00 00 00 00  00 00 00 00 00 00 00 00
00 00 00 00 00 00 00 00  00 00 00 00 00 00 00 00
00 00 00 00 00 00 00 00  00 00 00 00 00 00 00 00
00 00 00 00 00 00 00 00  00 00 00 00 00 00 00 00
00 00 00 00 00 00 00 00  00 00 00 00 00 00 00 00
00 00 00 00 00 00 00 00  00 00 00 00 00 00 00 00
00 00 00 00 00 00 00 00  00 00 00 00 00 00 00 00
00 00 00 00 00 00 00 00  00 00 00 00 00 00 00 00
00 00 00 00 00 00 00 00  00 00 00 00 00 00 00 00
00 00 00 00 00 00 00 00  00 00 00 00 00 00 00 00
00 00 00 00 00 00 00 00  00 00 00 00 00 00 00 00
00 00 00 00 00 00 00 00  00 00 00 00 00 00 00 00
00 00 00 00 00 00 00 00  00 00 00 00 00 00 00 00
00 00 00 00 00 00 00 00  00 00 00 00 00 00 00 00
src regs sR: { D4 00 01 02 }
dst regs dR: { 03 04 }
IS: 1 IP: 0
.Your code halted, but didn't solve puzzle copyreg.
Try again to balance the score
 === machine state === 
mem M:
01 F2 04 80 1B B0 26 80  B0 54 BD 00 24 12 40 05
00 33 D5 4D 00 D7 6C E2  00 D6 08 58 16 00 58 FC
65 00 EF 91 09 00 FB 09  7D 0C 00 7F 14 8A 00 14
B8 21 00 22 1A A4 0D 00  97 39 B1 00 3B D0 46 00
3A 27 BC 32 00 BC 60 C9  00 53 F5 6D 00 5F 3F E1
59 00 E3 78 EE 00 78 1C  85 00 86 64 08 71 00 FB
9D 15 00 9F 34 AA 00 9E  8B 20 96 00 20 C4 2D 00
B7 59 D1 00 C3 A3 45 BD  00 47 DC 52 00 DC 80 E9
00 EA C8 6C D5 00 5F 01  79 00 03 98 0E 00 02 EF
84 FA 00 84 28 91 00 1B  BD 35 00 27 07 A9 21 00
AB 40 B6 00 40 E4 4D 00  4E 2C D0 39 00 C3 65 DD
00 67 FC 72 00 66 53 E8  5E 00 E8 8C F5 00 7F 21
99 00 8B 6B 0D 85 00 0F  A4 1A 00 A4 21 B1 00 B2
90 34 9D 00 27 C9 41 00  CB 00 D6 00 CA B7 4C C2
00 4C F0 59 00 E3 00 FD  00 EF CF 71 E9 00 73 08
7E 00 08 00 15 00 16 F4  98 01 00 8B 2D A5 00 2F
src regs sR: { 01 01 07 C8 }
dst regs dR: { 03 0C }
IS: 3 IP: 13
% 
[balance] Running test 1/5...

 === machine state === 
mem M:
01 02 04 08 10 20 40 80  00 00 00 00 00 00 00 00
00 00 00 00 00 00 00 00  00 00 00 00 00 00 00 00
00 00 00 00 00 00 00 00  00 00 00 00 00 00 00 00
00 00 00 00 00 00 00 00  00 00 00 00 00 00 00 00
00 00 00 00 00 00 00 00  00 00 00 00 00 00 00 00
00 00 00 00 00 00 00 00  00 00 00 00 00 00 00 00
00 00 00 00 00 00 00 00  00 00 00 00 00 00 00 00
00 00 00 00 00 00 00 00  00 00 00 00 00 00 00 00
00 00 00 00 00 00 00 00  00 00 00 00 00 00 00 00
00 00 00 00 00 00 00 00  00 00 00 00 00 00 00 00
00 00 00 00 00 00 00 00  00 00 00 00 00 00 00 00
00 00 00 00 00 00 00 00  00 00 00 00 00 00 00 00
00 00 00 00 00 00 00 00  00 00 00 00 00 00 00 00
00 00 00 00 00 00 00 00  00 00 00 00 00 00 00 00
00 00 00 00 00 00 00 00  00 00 00 00 00 00 00 00
00 00 00 00 00 00 00 00  00 00 00 00 00 00 00 00
src regs sR: { 45 00 01 02 }
dst regs dR: { 03 04 }
IS: 1 IP: 0
. === machine state === 
mem M:
01 0C 04 00 DA 3B 03 80  F5 56 DA 00 3D 12 72 05
00 E8 49 14 00 06 67 2F  00 F7 08 83 16 00 3D 9E
22 00 14 75 40 00 4C 09  91 0C 00 4E AF 77 00 69
CA 4E 00 5D 1A E6 0D 00  5C BD 88 00 7A CA A3 00
6B 10 F7 1E 00 B1 12 96  00 88 00 B4 00 C0 11 05
14 00 C2 23 EB 00 DD 00  C2 00 D1 22 5A 15 00 D0
31 FC 00 EE 00 17 00 DF  18 6B 26 00 25 86 0A 00
FC 00 28 00 34 19 79 1C  00 36 97 5F 00 51 00 36
00 45 2A CE 1D 00 44 A5  70 00 62 00 8B 00 53 20
DF 2E 00 99 FA 7E 00 70  00 9C 00 A8 21 ED 24 00
AA 0B D3 00 C5 00 AA 00  B9 32 42 25 00 B8 19 E4
00 D6 00 FF 00 C7 28 53  36 00 0D 6E F2 00 E4 00
10 00 1C 29 61 2C 00 1E  7F 47 00 39 00 1E 00 2D
55 B6 3A 00 2C 8D 58 00  4A 00 73 00 3B 66 C7 8F
00 81 E2 66 00 58 00 84  00 90 74 D5 A0 00 92 F3
BB 00 AD 00 92 00 A1 C9  2A AE 00 A0 01 CC 00 BE
src regs sR: { 01 01 07 39 }
dst regs dR: { 03 0C }
IS: 3 IP: 13

[balance] Running test 2/5...

 === machine state === 
mem M:
01 02 04 08 10 20 40 80  00 00 00 00 00 00 00 00
00 00 00 00 00 00 00 00  00 00 00 00 00 00 00 00
00 00 00 00 00 00 00 00  00 00 00 00 00 00 00 00
00 00 00 00 00 00 00 00  00 00 00 00 00 00 00 00
00 00 00 00 00 00 00 00  00 00 00 00 00 00 00 00
00 00 00 00 00 00 00 00  00 00 00 00 00 00 00 00
00 00 00 00 00 00 00 00  00 00 00 00 00 00 00 00
00 00 00 00 00 00 00 00  00 00 00 00 00 00 00 00
00 00 00 00 00 00 00 00  00 00 00 00 00 00 00 00
00 00 00 00 00 00 00 00  00 00 00 00 00 00 00 00
00 00 00 00 00 00 00 00  00 00 00 00 00 00 00 00
00 00 00 00 00 00 00 00  00 00 00 00 00 00 00 00
00 00 00 00 00 00 00 00  00 00 00 00 00 00 00 00
00 00 00 00 00 00 00 00  00 00 00 00 00 00 00 00
00 00 00 00 00 00 00 00  00 00 00 00 00 00 00 00
00 00 00 00 00 00 00 00  00 00 00 00 00 00 00 00
src regs sR: { 48 00 01 02 }
dst regs dR: { 03 04 }
IS: 1 IP: 0
. === machine state === 
mem M:
01 0C 04 00 38 20 46 80  7A 00 6D 00 F8 12 00 05
00 39 00 3C 00 70 00 7E  00 9A 08 00 16 00 4A 00
3D 00 71 00 74 00 9B 09  00 0C 00 40 00 4E 00 82
00 75 00 AC 1A 00 0D 00  41 00 44 00 78 00 86 00
AC 10 00 1E 00 52 00 45  00 79 00 7C 00 88 11 00
14 00 48 00 56 00 8A 00  7D 00 7E 22 00 15 00 49
00 4C 00 80 00 8E 00 7F  18 00 26 00 5A 00 4D 00
81 00 84 00 90 19 00 1C  00 50 00 5E 00 92 00 85
00 86 2A 00 1D 00 51 00  54 00 88 00 96 00 87 20
00 2E 00 62 00 55 00 89  00 8C 00 98 21 00 24 00
58 00 66 00 9A 00 8D 00  8E 32 00 25 00 59 00 5C
00 90 00 9E 00 8F 28 00  36 00 6A 00 5D 00 91 00
94 00 A0 29 00 2C 00 60  00 6E 00 A2 00 95 00 96
3A 00 2D 00 61 00 64 00  98 00 A6 00 97 30 00 3E
00 72 00 65 00 99 00 9C  00 A8 31 00 34 00 68 00
76 00 AA 00 9D 00 9E 42  00 35 00 69 00 6C 00 A0
src regs sR: { 01 01 07 3C }
dst regs dR: { 03 0C }
IS: 3 IP: 13

[balance] Running test 3/5...

 === machine state === 
mem M:
01 02 04 08 10 20 40 80  00 00 00 00 00 00 00 00
00 00 00 00 00 00 00 00  00 00 00 00 00 00 00 00
00 00 00 00 00 00 00 00  00 00 00 00 00 00 00 00
00 00 00 00 00 00 00 00  00 00 00 00 00 00 00 00
00 00 00 00 00 00 00 00  00 00 00 00 00 00 00 00
00 00 00 00 00 00 00 00  00 00 00 00 00 00 00 00
00 00 00 00 00 00 00 00  00 00 00 00 00 00 00 00
00 00 00 00 00 00 00 00  00 00 00 00 00 00 00 00
00 00 00 00 00 00 00 00  00 00 00 00 00 00 00 00
00 00 00 00 00 00 00 00  00 00 00 00 00 00 00 00
00 00 00 00 00 00 00 00  00 00 00 00 00 00 00 00
00 00 00 00 00 00 00 00  00 00 00 00 00 00 00 00
00 00 00 00 00 00 00 00  00 00 00 00 00 00 00 00
00 00 00 00 00 00 00 00  00 00 00 00 00 00 00 00
00 00 00 00 00 00 00 00  00 00 00 00 00 00 00 00
00 00 00 00 00 00 00 00  00 00 00 00 00 00 00 00
src regs sR: { 93 00 01 02 }
dst regs dR: { 03 04 }
IS: 1 IP: 0
.Your code halted, but didn't solve puzzle copyreg.
Try again to balance the score
 === machine state === 
mem M:
01 0D 04 00 D2 7B EB 80  3D E6 22 00 31 12 42 05
00 D0 79 EC 00 3E E7 57  00 2F 08 43 16 00 05 AE
EA 00 3C E5 58 00 64 09  41 0C 00 06 AF 1F 00 71
00 56 00 65 1A 76 0D 00  04 AD 20 00 72 00 8B 00
63 10 77 1E 00 39 E2 1E  00 70 00 8C 00 98 11 75
14 00 3A E3 53 00 A5 00  8A 00 99 22 AA 15 00 38
E1 54 00 A6 00 BF 00 97  18 AB 26 00 6D 16 52 00
A4 00 C0 00 CC 19 A9 1C  00 6E 17 87 00 D9 00 BE
00 CD 35 DE 1A 00 6C 15  88 00 DA 00 F3 00 CB 36
DF 4F 00 A1 4A 86 00 D8  00 F4 00 00 34 DD 50 00
A2 4B BB 00 AE 00 0A 00  00 69 12 4E 00 A0 49 BC
00 C8 00 0B 00 00 6A 13  83 00 D5 7E BA 00 C9 00
1C 00 00 68 11 84 00 D6  7F EF 00 C7 00 12 00 00
9D 46 82 00 D4 7D F0 00  FC 00 13 00 00 9E 47 B7
00 09 B2 EE 00 FD 00 24  00 00 9C 45 B8 00 0A B3
23 00 FB 00 1A 00 00 D1  7A B6 00 08 B1 24 00 30
src regs sR: { 01 99 9F 1F }
dst regs dR: { 03 A4 }
IS: 3 IP: 13
% 
[balance] Running test 1/5...

 === machine state === 
mem M:
01 02 04 08 10 20 40 80  00 00 00 00 00 00 00 00
00 00 00 00 00 00 00 00  00 00 00 00 00 00 00 00
00 00 00 00 00 00 00 00  00 00 00 00 00 00 00 00
00 00 00 00 00 00 00 00  00 00 00 00 00 00 00 00
00 00 00 00 00 00 00 00  00 00 00 00 00 00 00 00
00 00 00 00 00 00 00 00  00 00 00 00 00 00 00 00
00 00 00 00 00 00 00 00  00 00 00 00 00 00 00 00
00 00 00 00 00 00 00 00  00 00 00 00 00 00 00 00
00 00 00 00 00 00 00 00  00 00 00 00 00 00 00 00
00 00 00 00 00 00 00 00  00 00 00 00 00 00 00 00
00 00 00 00 00 00 00 00  00 00 00 00 00 00 00 00
00 00 00 00 00 00 00 00  00 00 00 00 00 00 00 00
00 00 00 00 00 00 00 00  00 00 00 00 00 00 00 00
00 00 00 00 00 00 00 00  00 00 00 00 00 00 00 00
00 00 00 00 00 00 00 00  00 00 00 00 00 00 00 00
00 00 00 00 00 00 00 00  00 00 00 00 00 00 00 00
src regs sR: { EF 00 01 02 }
dst regs dR: { 03 04 }
IS: 1 IP: 0
.Your code halted, but didn't solve puzzle copyreg.
Try again to balance the score
 === machine state === 
mem M:
01 0C 0A 00 38 20 4C 80  7A 00 73 00 EB 12 00 0B
00 39 00 42 00 70 00 84  00 6F 08 00 1C 00 4A 00
43 00 71 00 7A 00 80 09  00 12 00 40 00 54 00 82
00 7B 00 76 1A 00 13 00  41 00 4A 00 78 00 8C 00
77 10 00 24 00 52 00 4B  00 79 00 82 00 88 11 00
1A 00 48 00 5C 00 8A 00  83 00 7E 22 00 1B 00 49
00 52 00 80 00 94 00 7F  18 00 2C 00 5A 00 53 00
81 00 8A 00 90 19 00 22  00 50 00 64 00 92 00 8B
00 86 2A 00 23 00 51 00  5A 00 88 00 9C 00 87 20
00 34 00 62 00 5B 00 89  00 92 00 98 21 00 2A 00
58 00 6C 00 9A 00 93 00  8E 32 00 2B 00 59 00 62
00 90 00 A4 00 8F 28 00  3C 00 6A 00 63 00 91 00
9A 00 A0 29 00 32 00 60  00 74 00 A2 00 9B 00 96
3A 00 33 00 61 00 6A 00  98 00 AC 00 97 30 00 44
00 72 00 6B 00 99 00 AC  03 A8 31 00 3A 00 68 00
7C 00 AA 00 9D 14 9E 42  00 3B 00 69 00 72 00 A0
src regs sR: { 01 01 07 E3 }
dst regs dR: { 03 0C }
IS: 3 IP: 13
% 
[balance] Running test 1/5...

 === machine state === 
mem M:
01 02 04 08 10 20 40 80  00 00 00 00 00 00 00 00
00 00 00 00 00 00 00 00  00 00 00 00 00 00 00 00
00 00 00 00 00 00 00 00  00 00 00 00 00 00 00 00
00 00 00 00 00 00 00 00  00 00 00 00 00 00 00 00
00 00 00 00 00 00 00 00  00 00 00 00 00 00 00 00
00 00 00 00 00 00 00 00  00 00 00 00 00 00 00 00
00 00 00 00 00 00 00 00  00 00 00 00 00 00 00 00
00 00 00 00 00 00 00 00  00 00 00 00 00 00 00 00
00 00 00 00 00 00 00 00  00 00 00 00 00 00 00 00
00 00 00 00 00 00 00 00  00 00 00 00 00 00 00 00
00 00 00 00 00 00 00 00  00 00 00 00 00 00 00 00
00 00 00 00 00 00 00 00  00 00 00 00 00 00 00 00
00 00 00 00 00 00 00 00  00 00 00 00 00 00 00 00
00 00 00 00 00 00 00 00  00 00 00 00 00 00 00 00
00 00 00 00 00 00 00 00  00 00 00 00 00 00 00 00
00 00 00 00 00 00 00 00  00 00 00 00 00 00 00 00
src regs sR: { F0 00 01 02 }
dst regs dR: { 03 04 }
IS: 1 IP: 0
Your code halted, but didn't solve puzzle copyreg.
Try again to balance the score
 === machine state === 
mem M:
01 02 04 00 10 20 40 80  00 00 00 00 00 12 00 05
00 06 00 00 00 00 00 00  00 00 08 00 16 00 07 00
00 00 00 00 00 00 00 09  00 89 00 18 00 00 00 00
00 00 00 00 00 00 00 00  00 00 00 00 00 00 00 00
00 00 00 00 00 00 00 00  00 00 00 00 00 00 00 00
00 00 00 00 00 00 00 00  00 00 00 00 00 00 00 00
00 00 00 00 00 00 00 00  00 00 00 00 00 00 00 00
00 00 00 00 00 00 00 00  00 00 00 00 00 00 00 00
00 00 00 00 00 00 00 00  00 00 00 00 00 00 00 00
00 00 00 00 00 00 00 00  00 00 00 00 00 00 00 00
00 00 00 00 00 00 00 00  00 00 00 00 00 00 00 00
00 00 00 00 00 00 00 00  00 00 00 00 00 00 00 00
00 00 00 00 00 00 00 00  00 00 00 00 00 00 00 00
00 00 00 00 00 00 00 00  00 00 00 00 00 00 00 00
00 00 00 00 00 00 00 00  00 03 00 00 00 00 00 00
00 00 00 00 00 00 14 00  00 00 00 00 00 00 00 00
src regs sR: { 01 27 07 27 }
dst regs dR: { 03 29 }
IS: 3 IP: 13
% 
[balance] Running test 1/5...

 === machine state === 
mem M:
01 02 04 08 10 20 40 80  00 00 00 00 00 00 00 00
00 00 00 00 00 00 00 00  00 00 00 00 00 00 00 00
00 00 00 00 00 00 00 00  00 00 00 00 00 00 00 00
00 00 00 00 00 00 00 00  00 00 00 00 00 00 00 00
00 00 00 00 00 00 00 00  00 00 00 00 00 00 00 00
00 00 00 00 00 00 00 00  00 00 00 00 00 00 00 00
00 00 00 00 00 00 00 00  00 00 00 00 00 00 00 00
00 00 00 00 00 00 00 00  00 00 00 00 00 00 00 00
00 00 00 00 00 00 00 00  00 00 00 00 00 00 00 00
00 00 00 00 00 00 00 00  00 00 00 00 00 00 00 00
00 00 00 00 00 00 00 00  00 00 00 00 00 00 00 00
00 00 00 00 00 00 00 00  00 00 00 00 00 00 00 00
00 00 00 00 00 00 00 00  00 00 00 00 00 00 00 00
00 00 00 00 00 00 00 00  00 00 00 00 00 00 00 00
00 00 00 00 00 00 00 00  00 00 00 00 00 00 00 00
00 00 00 00 00 00 00 00  00 00 00 00 00 00 00 00
src regs sR: { A0 00 01 02 }
dst regs dR: { 03 04 }
IS: 1 IP: 0
.Your code halted, but didn't solve puzzle copyreg.
Try again to balance the score
 === machine state === 
mem M:
01 FF 04 80 70 43 96 80  8C 51 A4 00 FD 12 65 05
00 AE 6B BE 00 B4 87 DA  00 CB 08 9B 16 00 E4 A9
FC 00 F2 AF 02 00 01 09  C3 0C 00 0C DF 32 00 28
ED 40 00 29 1A 01 0D 00  4A 07 5A 00 50 23 76 00
67 10 37 1E 00 80 45 98  00 8E 4B 9E 00 9D 11 5F
14 00 A8 7B CE 00 C4 89  DC 00 C5 22 9D 15 00 E6
A3 F6 00 EC BF 12 00 03  18 D3 26 00 1C E1 34 00
2A E7 3A 00 39 3E FB 4E  00 44 17 6A 00 60 25 78
00 61 74 39 8C 00 82 3F  92 00 88 5B AE 00 9F 9C
6F C2 00 B8 7D D0 00 C6  5B D6 00 D5 DA 97 EA 00
E0 B3 06 00 FC 00 14 00  FD 10 D5 28 00 1E DB 2E
00 24 00 4A 00 3B 38 0B  5E 00 54 19 6C 00 62 00
72 00 71 76 33 86 00 7C  4F A2 00 98 00 B0 00 99
AC 71 C4 00 BA 77 CA 00  C0 00 E6 00 D7 D4 A7 FA
00 F0 B5 08 00 FE 00 0E  00 0D 12 CF 22 00 18 EB
3E 00 34 00 4C 00 35 48  0D 60 00 56 13 66 00 5C
src regs sR: { 01 01 07 94 }
dst regs dR: { 03 0C }
IS: 3 IP: 13
% 
[balance] Running test 1/5...

 === machine state === 
mem M:
01 02 04 08 10 20 40 80  00 00 00 00 00 00 00 00
00 00 00 00 00 00 00 00  00 00 00 00 00 00 00 00
00 00 00 00 00 00 00 00  00 00 00 00 00 00 00 00
00 00 00 00 00 00 00 00  00 00 00 00 00 00 00 00
00 00 00 00 00 00 00 00  00 00 00 00 00 00 00 00
00 00 00 00 00 00 00 00  00 00 00 00 00 00 00 00
00 00 00 00 00 00 00 00  00 00 00 00 00 00 00 00
00 00 00 00 00 00 00 00  00 00 00 00 00 00 00 00
00 00 00 00 00 00 00 00  00 00 00 00 00 00 00 00
00 00 00 00 00 00 00 00  00 00 00 00 00 00 00 00
00 00 00 00 00 00 00 00  00 00 00 00 00 00 00 00
00 00 00 00 00 00 00 00  00 00 00 00 00 00 00 00
00 00 00 00 00 00 00 00  00 00 00 00 00 00 00 00
00 00 00 00 00 00 00 00  00 00 00 00 00 00 00 00
00 00 00 00 00 00 00 00  00 00 00 00 00 00 00 00
00 00 00 00 00 00 00 00  00 00 00 00 00 00 00 00
src regs sR: { C5 00 01 02 }
dst regs dR: { 03 04 }
IS: 1 IP: 0
Your code halted, but didn't solve puzzle copyreg.
Try again to balance the score
 === machine state === 
mem M:
01 02 04 00 38 20 46 80  37 00 00 00 13 12 00 05
00 39 00 3C 00 48 00 00  00 24 08 00 16 00 4A 00
3D 00 3E 00 00 00 1A 09  00 0C 00 40 00 4E 00 3F
00 00 00 1B 1A 00 0D 00  41 00 44 00 50 00 00 00
2C 10 00 1E 00 52 00 45  00 46 00 00 00 22 11 00
14 00 48 00 C8 00 47 00  00 00 23 22 00 15 00 16
00 00 00 00 00 00 00 34  18 00 26 00 17 00 00 00
00 00 00 00 2A 19 00 1C  00 28 00 00 00 00 00 00
00 2B 2A 00 1D 00 1E 00  00 00 00 00 00 00 3C 20
00 2E 00 1F 00 00 00 00  00 00 00 32 21 00 24 00
30 00 00 00 00 00 00 00  33 32 00 25 00 26 00 00
00 00 00 00 00 44 28 00  36 00 27 00 00 00 03 00
00 00 3A 29 00 2C 00 38  00 00 00 14 00 00 00 3B
3A 00 2D 00 2E 00 00 00  0A 00 00 00 4C 30 00 3E
00 2F 00 00 00 0B 00 00  00 42 31 00 34 00 40 00
00 00 1C 00 00 00 43 42  00 35 00 36 00 00 00 12
src regs sR: { 01 52 07 52 }
dst regs dR: { 03 54 }
IS: 3 IP: 13
% 
[balance] Running test 1/5...

 === machine state === 
mem M:
01 02 04 08 10 20 40 80  00 00 00 00 00 00 00 00
00 00 00 00 00 00 00 00  00 00 00 00 00 00 00 00
00 00 00 00 00 00 00 00  00 00 00 00 00 00 00 00
00 00 00 00 00 00 00 00  00 00 00 00 00 00 00 00
00 00 00 00 00 00 00 00  00 00 00 00 00 00 00 00
00 00 00 00 00 00 00 00  00 00 00 00 00 00 00 00
00 00 00 00 00 00 00 00  00 00 00 00 00 00 00 00
00 00 00 00 00 00 00 00  00 00 00 00 00 00 00 00
00 00 00 00 00 00 00 00  00 00 00 00 00 00 00 00
00 00 00 00 00 00 00 00  00 00 00 00 00 00 00 00
00 00 00 00 00 00 00 00  00 00 00 00 00 00 00 00
00 00 00 00 00 00 00 00  00 00 00 00 00 00 00 00
00 00 00 00 00 00 00 00  00 00 00 00 00 00 00 00
00 00 00 00 00 00 00 00  00 00 00 00 00 00 00 00
00 00 00 00 00 00 00 00  00 00 00 00 00 00 00 00
00 00 00 00 00 00 00 00  00 00 00 00 00 00 00 00
src regs sR: { 4B 00 01 02 }
dst regs dR: { 03 04 }
IS: 1 IP: 0
. === machine state === 
mem M:
01 0C 93 08 38 20 46 2B  7A 00 6D 62 40 12 00 A4
00 39 00 3C 3C 70 00 7E  63 6F 08 00 9A 00 4A 00
3D 32 71 00 74 74 80 09  00 9B 00 40 00 4E 33 82
00 75 6A 76 1A 00 AC 00  41 00 44 44 78 00 86 6B
77 10 00 AC 03 52 00 45  3A 79 00 7C 7C 88 11 00
14 14 48 00 56 3B 8A 00  7D 72 7E 22 00 15 0A 49
00 4C 4C 80 00 8E 73 7F  18 00 26 0B 5A 00 4D 42
81 00 84 84 90 19 00 1C  1C 50 00 5E 43 92 00 85
7A 86 2A 00 1D 12 51 00  54 54 88 00 96 7B 87 20
00 2E 13 62 00 55 4A 89  00 8C 8C 98 21 00 24 24
58 00 66 4B 9A 00 8D 82  8E 32 00 25 1A 59 00 5C
5C 90 00 9E 83 8F 28 00  36 1B 6A 00 5D 52 91 00
94 94 A0 29 00 2C 2C 60  00 6E 53 A2 00 95 8A 96
3A 00 2D 22 61 00 64 64  98 00 A6 8B 97 30 00 3E
23 72 00 65 5A 99 00 9C  9C A8 31 00 34 34 68 00
76 5B AA 00 9D 92 9E 42  00 35 2A 69 00 6C 6C A0
src regs sR: { 01 01 07 3F }
dst regs dR: { 03 0C }
IS: 3 IP: 13

[balance] Running test 2/5...

 === machine state === 
mem M:
01 02 04 08 10 20 40 80  00 00 00 00 00 00 00 00
00 00 00 00 00 00 00 00  00 00 00 00 00 00 00 00
00 00 00 00 00 00 00 00  00 00 00 00 00 00 00 00
00 00 00 00 00 00 00 00  00 00 00 00 00 00 00 00
00 00 00 00 00 00 00 00  00 00 00 00 00 00 00 00
00 00 00 00 00 00 00 00  00 00 00 00 00 00 00 00
00 00 00 00 00 00 00 00  00 00 00 00 00 00 00 00
00 00 00 00 00 00 00 00  00 00 00 00 00 00 00 00
00 00 00 00 00 00 00 00  00 00 00 00 00 00 00 00
00 00 00 00 00 00 00 00  00 00 00 00 00 00 00 00
00 00 00 00 00 00 00 00  00 00 00 00 00 00 00 00
00 00 00 00 00 00 00 00  00 00 00 00 00 00 00 00
00 00 00 00 00 00 00 00  00 00 00 00 00 00 00 00
00 00 00 00 00 00 00 00  00 00 00 00 00 00 00 00
00 00 00 00 00 00 00 00  00 00 00 00 00 00 00 00
00 00 00 00 00 00 00 00  00 00 00 00 00 00 00 00
src regs sR: { 93 00 01 02 }
dst regs dR: { 03 04 }
IS: 1 IP: 0
.Your code halted, but didn't solve puzzle copyreg.
Try again to balance the score
 === machine state === 
mem M:
01 0D 04 00 D2 7B EB 80  3D E6 22 00 31 12 42 05
00 D0 79 EC 00 3E E7 57  00 2F 08 43 16 00 05 AE
EA 00 3C E5 58 00 64 09  41 0C 00 06 AF 1F 00 71
00 56 00 65 1A 76 0D 00  04 AD 20 00 72 00 8B 00
63 10 77 1E 00 39 E2 1E  00 70 00 8C 00 98 11 75
14 00 3A E3 53 00 A5 00  8A 00 99 22 AA 15 00 38
E1 54 00 A6 00 BF 00 97  18 AB 26 00 6D 16 52 00
A4 00 C0 00 CC 19 A9 1C  00 6E 17 87 00 D9 00 BE
00 CD 35 DE 1A 00 6C 15  88 00 DA 00 F3 00 CB 36
DF 4F 00 A1 4A 86 00 D8  00 F4 00 00 34 DD 50 00
A2 4B BB 00 AE 00 0A 00  00 69 12 4E 00 A0 49 BC
00 C8 00 0B 00 00 6A 13  83 00 D5 7E BA 00 C9 00
1C 00 00 68 11 84 00 D6  7F EF 00 C7 00 12 00 00
9D 46 82 00 D4 7D F0 00  FC 00 13 00 00 9E 47 B7
00 09 B2 EE 00 FD 00 24  00 00 9C 45 B8 00 0A B3
23 00 FB 00 1A 00 00 D1  7A B6 00 08 B1 24 00 30
src regs sR: { 01 99 9F 1F }
dst regs dR: { 03 A4 }
IS: 3 IP: 13
% 
[balance] Running test 1/5...

 === machine state === 
mem M:
01 02 04 08 10 20 40 80  00 00 00 00 00 00 00 00
00 00 00 00 00 00 00 00  00 00 00 00 00 00 00 00
00 00 00 00 00 00 00 00  00 00 00 00 00 00 00 00
00 00 00 00 00 00 00 00  00 00 00 00 00 00 00 00
00 00 00 00 00 00 00 00  00 00 00 00 00 00 00 00
00 00 00 00 00 00 00 00  00 00 00 00 00 00 00 00
00 00 00 00 00 00 00 00  00 00 00 00 00 00 00 00
00 00 00 00 00 00 00 00  00 00 00 00 00 00 00 00
00 00 00 00 00 00 00 00  00 00 00 00 00 00 00 00
00 00 00 00 00 00 00 00  00 00 00 00 00 00 00 00
00 00 00 00 00 00 00 00  00 00 00 00 00 00 00 00
00 00 00 00 00 00 00 00  00 00 00 00 00 00 00 00
00 00 00 00 00 00 00 00  00 00 00 00 00 00 00 00
00 00 00 00 00 00 00 00  00 00 00 00 00 00 00 00
00 00 00 00 00 00 00 00  00 00 00 00 00 00 00 00
00 00 00 00 00 00 00 00  00 00 00 00 00 00 00 00
src regs sR: { 32 00 01 02 }
dst regs dR: { 03 04 }
IS: 1 IP: 0
. === machine state === 
mem M:
01 02 04 80 38 20 46 80  7A 00 6D 00 6E 12 00 05
00 39 00 3C 00 70 00 7E  00 6F 08 00 16 00 4A 00
3D 00 71 00 74 00 80 09  00 0C 00 40 00 4E 00 82
00 75 00 76 1A 00 0D 00  41 00 44 00 78 00 86 00
77 10 00 1E 00 52 00 45  00 79 00 7C 00 88 11 00
14 00 48 00 56 00 8A 00  7D 00 7E 22 00 15 00 49
00 4C 00 80 00 8E 00 7F  18 00 26 00 5A 00 4D 00
81 00 84 00 90 19 00 1C  00 50 00 5E 00 92 00 85
00 86 2A 00 1D 00 51 00  54 00 88 00 96 00 87 20
00 2E 00 62 00 55 00 89  00 8C 00 98 21 00 24 00
58 00 66 00 9A 00 8D 00  8E 32 00 25 00 59 00 5C
00 90 00 9E 00 8F 28 00  36 00 6A 00 5D 00 91 00
94 00 A0 29 00 2C 00 60  00 6E 00 A2 00 95 00 96
3A 00 2D 00 61 00 64 00  98 00 A6 00 97 30 00 3E
00 72 00 65 00 99 00 19  00 A8 31 00 34 00 68 00
76 00 67 00 00 00 A4 42  00 35 00 69 00 6C 00 78
src regs sR: { 01 E5 07 E5 }
dst regs dR: { 03 E7 }
IS: 3 IP: 13

[balance] Running test 2/5...

 === machine state === 
mem M:
01 02 04 08 10 20 40 80  00 00 00 00 00 00 00 00
00 00 00 00 00 00 00 00  00 00 00 00 00 00 00 00
00 00 00 00 00 00 00 00  00 00 00 00 00 00 00 00
00 00 00 00 00 00 00 00  00 00 00 00 00 00 00 00
00 00 00 00 00 00 00 00  00 00 00 00 00 00 00 00
00 00 00 00 00 00 00 00  00 00 00 00 00 00 00 00
00 00 00 00 00 00 00 00  00 00 00 00 00 00 00 00
00 00 00 00 00 00 00 00  00 00 00 00 00 00 00 00
00 00 00 00 00 00 00 00  00 00 00 00 00 00 00 00
00 00 00 00 00 00 00 00  00 00 00 00 00 00 00 00
00 00 00 00 00 00 00 00  00 00 00 00 00 00 00 00
00 00 00 00 00 00 00 00  00 00 00 00 00 00 00 00
00 00 00 00 00 00 00 00  00 00 00 00 00 00 00 00
00 00 00 00 00 00 00 00  00 00 00 00 00 00 00 00
00 00 00 00 00 00 00 00  00 00 00 00 00 00 00 00
00 00 00 00 00 00 00 00  00 00 00 00 00 00 00 00
src regs sR: { 18 00 01 02 }
dst regs dR: { 03 04 }
IS: 1 IP: 0
. === machine state === 
mem M:
01 6C 04 80 50 20 54 80  A0 00 A4 00 A2 12 00 08
00 54 00 58 00 A4 00 A8  00 A6 08 00 0C 00 58 00
5C 00 A8 00 AC 00 AA 0C  00 10 00 5C 00 60 00 AC
00 B0 00 AE 10 00 14 00  60 00 64 00 B0 00 B4 00
B2 14 00 18 00 64 00 68  00 B4 00 B8 00 B6 18 00
1C 00 68 00 6C 00 B8 00  BC 00 BA 1C 00 20 00 6C
00 70 00 BC 00 C0 00 BE  20 00 24 00 70 00 74 00
C0 00 C4 00 C2 24 00 28  00 74 00 78 00 C4 00 C8
00 C6 28 00 2C 00 78 00  7C 00 C8 00 CC 00 CA 2C
00 30 00 7C 00 80 00 CC  00 D0 00 CE 30 00 34 00
80 00 84 00 D0 00 D4 00  D2 34 00 38 00 84 00 88
00 D4 00 D8 00 D6 38 00  3C 00 88 00 8C 00 D8 00
DC 00 DA 3C 00 40 00 8C  00 90 00 DC 00 E0 00 DE
40 00 44 00 90 00 94 00  E0 00 E4 00 E2 44 00 48
00 94 00 98 00 E4 00 E8  00 E6 48 00 4C 00 98 00
9C 00 E8 00 EC 00 EA 4C  00 50 00 9C 00 A0 00 EC
src regs sR: { 01 FF 07 FF }
dst regs dR: { 03 01 }
IS: 3 IP: 13

[balance] Running test 3/5...

 === machine state === 
mem M:
01 02 04 08 10 20 40 80  00 00 00 00 00 00 00 00
00 00 00 00 00 00 00 00  00 00 00 00 00 00 00 00
00 00 00 00 00 00 00 00  00 00 00 00 00 00 00 00
00 00 00 00 00 00 00 00  00 00 00 00 00 00 00 00
00 00 00 00 00 00 00 00  00 00 00 00 00 00 00 00
00 00 00 00 00 00 00 00  00 00 00 00 00 00 00 00
00 00 00 00 00 00 00 00  00 00 00 00 00 00 00 00
00 00 00 00 00 00 00 00  00 00 00 00 00 00 00 00
00 00 00 00 00 00 00 00  00 00 00 00 00 00 00 00
00 00 00 00 00 00 00 00  00 00 00 00 00 00 00 00
00 00 00 00 00 00 00 00  00 00 00 00 00 00 00 00
00 00 00 00 00 00 00 00  00 00 00 00 00 00 00 00
00 00 00 00 00 00 00 00  00 00 00 00 00 00 00 00
00 00 00 00 00 00 00 00  00 00 00 00 00 00 00 00
00 00 00 00 00 00 00 00  00 00 00 00 00 00 00 00
00 00 00 00 00 00 00 00  00 00 00 00 00 00 00 00
src regs sR: { 17 00 01 02 }
dst regs dR: { 03 04 }
IS: 1 IP: 0
.Your code halted, but didn't solve puzzle copyreg.
Try again to balance the score
 === machine state === 
mem M:
01 0C AC 04 38 20 46 44  7A 00 6D 6B 2F 12 00 AC
03 39 00 3C 3A 70 00 7E  7C 6F 08 00 16 14 4A 00
3D 3B 71 00 74 72 80 09  00 0C 0A 40 00 4E 4C 82
00 75 73 76 1A 00 0D 0B  41 00 44 42 78 00 86 84
77 10 00 1E 1C 52 00 45  43 79 00 7C 7A 88 11 00
14 12 48 00 56 54 8A 00  7D 7B 7E 22 00 15 13 49
00 4C 4A 80 00 8E 8C 7F  18 00 26 24 5A 00 4D 4B
81 00 84 82 90 19 00 1C  1A 50 00 5E 5C 92 00 85
83 86 2A 00 1D 1B 51 00  54 52 88 00 96 94 87 20
00 2E 2C 62 00 55 53 89  00 8C 8A 98 21 00 24 22
58 00 66 64 9A 00 8D 8B  8E 32 00 25 23 59 00 5C
5A 90 00 9E 9C 8F 28 00  36 34 6A 00 5D 5B 91 00
94 92 A0 29 00 2C 2A 60  00 6E 6C A2 00 95 93 96
3A 00 2D 2B 61 00 64 62  98 00 A6 A4 97 30 00 3E
3C 72 00 65 63 99 00 9C  9A A8 31 00 34 32 68 00
76 74 AA 00 9D 9B 9E 42  00 35 33 69 00 6C 6A A0
src regs sR: { 01 01 07 0B }
dst regs dR: { 03 0C }
IS: 3 IP: 13
% 
[balance] Running test 1/5...

 === machine state === 
mem M:
01 02 04 08 10 20 40 80  00 00 00 00 00 00 00 00
00 00 00 00 00 00 00 00  00 00 00 00 00 00 00 00
00 00 00 00 00 00 00 00  00 00 00 00 00 00 00 00
00 00 00 00 00 00 00 00  00 00 00 00 00 00 00 00
00 00 00 00 00 00 00 00  00 00 00 00 00 00 00 00
00 00 00 00 00 00 00 00  00 00 00 00 00 00 00 00
00 00 00 00 00 00 00 00  00 00 00 00 00 00 00 00
00 00 00 00 00 00 00 00  00 00 00 00 00 00 00 00
00 00 00 00 00 00 00 00  00 00 00 00 00 00 00 00
00 00 00 00 00 00 00 00  00 00 00 00 00 00 00 00
00 00 00 00 00 00 00 00  00 00 00 00 00 00 00 00
00 00 00 00 00 00 00 00  00 00 00 00 00 00 00 00
00 00 00 00 00 00 00 00  00 00 00 00 00 00 00 00
00 00 00 00 00 00 00 00  00 00 00 00 00 00 00 00
00 00 00 00 00 00 00 00  00 00 00 00 00 00 00 00
00 00 00 00 00 00 00 00  00 00 00 00 00 00 00 00
src regs sR: { D6 00 01 02 }
dst regs dR: { 03 04 }
IS: 1 IP: 0
Your code halted, but didn't solve puzzle copyreg.
Try again to balance the score
 === machine state === 
mem M:
01 02 04 00 10 20 40 80  00 00 00 00 00 12 00 05
00 06 00 00 00 00 00 00  00 00 08 00 16 00 07 00
00 00 00 00 00 00 00 09  00 0C 00 18 00 00 00 00
00 00 00 00 1A 00 0D 00  0E 00 00 00 00 00 00 00
00 10 00 90 00 0F 00 00  00 00 00 00 00 00 00 00
00 00 00 00 00 00 00 00  00 00 00 00 00 00 00 00
00 00 00 00 00 00 00 00  00 00 00 00 00 00 00 00
00 00 00 00 00 00 00 00  00 00 00 00 00 00 00 00
00 00 00 00 00 00 00 00  00 00 00 00 00 00 00 00
00 00 00 00 00 00 00 00  00 00 00 00 00 00 00 00
00 00 00 00 00 00 00 00  00 00 00 00 00 00 00 00
00 00 00 00 00 00 00 00  00 00 00 00 00 00 00 00
00 00 00 00 00 00 00 00  00 00 00 00 00 00 00 03
00 00 00 00 00 00 00 00  00 00 00 00 14 00 00 00
00 00 00 00 00 00 00 00  00 0A 00 00 00 00 00 00
00 00 00 00 00 00 0B 00  00 00 00 00 00 00 00 00
src regs sR: { 01 41 07 41 }
dst regs dR: { 03 43 }
IS: 3 IP: 13
% 
[balance] Running test 1/5...

 === machine state === 
mem M:
01 02 04 08 10 20 40 80  00 00 00 00 00 00 00 00
00 00 00 00 00 00 00 00  00 00 00 00 00 00 00 00
00 00 00 00 00 00 00 00  00 00 00 00 00 00 00 00
00 00 00 00 00 00 00 00  00 00 00 00 00 00 00 00
00 00 00 00 00 00 00 00  00 00 00 00 00 00 00 00
00 00 00 00 00 00 00 00  00 00 00 00 00 00 00 00
00 00 00 00 00 00 00 00  00 00 00 00 00 00 00 00
00 00 00 00 00 00 00 00  00 00 00 00 00 00 00 00
00 00 00 00 00 00 00 00  00 00 00 00 00 00 00 00
00 00 00 00 00 00 00 00  00 00 00 00 00 00 00 00
00 00 00 00 00 00 00 00  00 00 00 00 00 00 00 00
00 00 00 00 00 00 00 00  00 00 00 00 00 00 00 00
00 00 00 00 00 00 00 00  00 00 00 00 00 00 00 00
00 00 00 00 00 00 00 00  00 00 00 00 00 00 00 00
00 00 00 00 00 00 00 00  00 00 00 00 00 00 00 00
00 00 00 00 00 00 00 00  00 00 00 00 00 00 00 00
src regs sR: { 29 00 01 02 }
dst regs dR: { 03 04 }
IS: 1 IP: 0
 === machine state === 
mem M:
01 02 04 00 38 20 46 80  37 00 00 00 33 12 00 05
00 39 00 3C 00 48 00 00  00 44 08 00 16 00 4A 00
3D 00 3E 00 00 00 3A 09  00 0C 00 40 00 4E 00 3F
00 00 00 3B 1A 00 0D 00  41 00 44 00 50 00 00 00
4C 10 00 1E 00 52 00 45  00 46 00 00 00 42 11 00
14 00 48 00 56 00 47 00  00 00 43 22 00 15 00 49
00 4C 00 58 00 00 00 54  18 00 26 00 5A 00 4D 00
4E 00 00 00 4A 19 00 1C  00 50 00 5E 00 4F 00 00
00 4B 2A 00 1D 00 51 00  54 00 60 00 00 00 5C 20
00 2E 00 62 00 55 00 56  00 00 00 52 21 00 24 00
58 00 66 00 57 00 00 00  53 32 00 25 00 59 00 5C
00 68 00 00 00 64 28 00  36 00 6A 00 5D 00 5E 00
00 00 5A 29 00 2C 00 60  00 6E 00 5F 00 00 00 5B
3A 00 2D 00 61 00 64 00  70 00 00 00 6C 30 00 3E
00 72 00 65 00 66 00 00  00 62 31 00 34 00 68 00
E8 00 67 00 00 00 63 42  00 35 00 36 00 00 00 32
src regs sR: { 01 EE 07 EE }
dst regs dR: { 03 F0 }
IS: 3 IP: 13

[balance] Running test 2/5...

 === machine state === 
mem M:
01 02 04 08 10 20 40 80  00 00 00 00 00 00 00 00
00 00 00 00 00 00 00 00  00 00 00 00 00 00 00 00
00 00 00 00 00 00 00 00  00 00 00 00 00 00 00 00
00 00 00 00 00 00 00 00  00 00 00 00 00 00 00 00
00 00 00 00 00 00 00 00  00 00 00 00 00 00 00 00
00 00 00 00 00 00 00 00  00 00 00 00 00 00 00 00
00 00 00 00 00 00 00 00  00 00 00 00 00 00 00 00
00 00 00 00 00 00 00 00  00 00 00 00 00 00 00 00
00 00 00 00 00 00 00 00  00 00 00 00 00 00 00 00
00 00 00 00 00 00 00 00  00 00 00 00 00 00 00 00
00 00 00 00 00 00 00 00  00 00 00 00 00 00 00 00
00 00 00 00 00 00 00 00  00 00 00 00 00 00 00 00
00 00 00 00 00 00 00 00  00 00 00 00 00 00 00 00
00 00 00 00 00 00 00 00  00 00 00 00 00 00 00 00
00 00 00 00 00 00 00 00  00 00 00 00 00 00 00 00
00 00 00 00 00 00 00 00  00 00 00 00 00 00 00 00
src regs sR: { 73 00 01 02 }
dst regs dR: { 03 04 }
IS: 1 IP: 0
.Your code halted, but didn't solve puzzle copyreg.
Try again to balance the score
 === machine state === 
mem M:
01 02 04 80 38 20 46 80  7A 00 6D 00 6E 12 00 05
00 39 00 3C 00 70 00 7E  00 6F 08 00 16 00 4A 00
3D 00 71 00 74 00 80 09  00 0C 00 40 00 4E 00 82
00 75 00 76 1A 00 0D 00  41 00 44 00 78 00 86 00
77 10 00 1E 00 52 00 45  00 79 00 7C 00 88 11 00
14 00 48 00 56 00 8A 00  7D 00 7E 22 00 15 00 49
00 4C 00 80 00 8E 00 7F  18 00 26 00 5A 00 4D 00
81 00 84 00 90 19 00 1C  00 50 00 5E 00 92 00 85
00 86 2A 00 1D 00 51 00  54 00 88 00 96 00 87 20
00 2E 00 62 00 55 00 89  00 8C 00 98 21 00 24 00
58 00 66 00 9A 00 1A 00  8E 32 00 25 00 59 00 5C
00 68 00 00 00 7B 28 00  36 00 6A 00 5D 00 5E 00
00 00 8C 29 00 2C 00 60  00 6E 00 5F 00 00 00 82
3A 00 2D 00 61 00 64 00  70 00 00 00 83 30 00 3E
00 72 00 65 00 66 00 00  00 94 31 00 34 00 68 00
76 00 67 00 00 00 8A 42  00 35 00 69 00 6C 00 78
src regs sR: { 01 A4 07 A4 }
dst regs dR: { 03 A6 }
IS: 3 IP: 13
% 
[balance] Running test 1/5...

 === machine state === 
mem M:
01 02 04 08 10 20 40 80  00 00 00 00 00 00 00 00
00 00 00 00 00 00 00 00  00 00 00 00 00 00 00 00
00 00 00 00 00 00 00 00  00 00 00 00 00 00 00 00
00 00 00 00 00 00 00 00  00 00 00 00 00 00 00 00
00 00 00 00 00 00 00 00  00 00 00 00 00 00 00 00
00 00 00 00 00 00 00 00  00 00 00 00 00 00 00 00
00 00 00 00 00 00 00 00  00 00 00 00 00 00 00 00
00 00 00 00 00 00 00 00  00 00 00 00 00 00 00 00
00 00 00 00 00 00 00 00  00 00 00 00 00 00 00 00
00 00 00 00 00 00 00 00  00 00 00 00 00 00 00 00
00 00 00 00 00 00 00 00  00 00 00 00 00 00 00 00
00 00 00 00 00 00 00 00  00 00 00 00 00 00 00 00
00 00 00 00 00 00 00 00  00 00 00 00 00 00 00 00
00 00 00 00 00 00 00 00  00 00 00 00 00 00 00 00
00 00 00 00 00 00 00 00  00 00 00 00 00 00 00 00
00 00 00 00 00 00 00 00  00 00 00 00 00 00 00 00
src regs sR: { 1F 00 01 02 }
dst regs dR: { 03 04 }
IS: 1 IP: 0
.Your code halted, but didn't solve puzzle copyreg.
Try again to balance the score
 === machine state === 
mem M:
01 0C 33 00 38 20 6A 80  7A 00 AC 00 EB 12 00 44
00 39 00 6B 00 70 00 AC  03 6F 08 00 3A 00 4A 00
7C 00 71 00 74 14 80 09  00 3B 00 40 00 72 00 82
00 75 0A 76 1A 00 4C 00  41 00 73 00 78 00 86 0B
77 10 00 42 00 52 00 84  00 79 00 7C 1C 88 11 00
43 00 48 00 7A 00 8A 00  7D 12 7E 22 00 54 00 49
00 7B 00 80 00 8E 13 7F  18 00 4A 00 5A 00 8C 00
81 00 84 24 90 19 00 4B  00 50 00 82 00 92 00 85
1A 86 2A 00 5C 00 51 00  83 00 88 00 96 1B 87 20
00 52 00 62 00 94 00 89  00 8C 2C 98 21 00 53 00
58 00 8A 00 9A 00 8D 22  8E 32 00 64 00 59 00 8B
00 90 00 9E 23 8F 28 00  5A 00 6A 00 9C 00 91 00
94 34 A0 29 00 5B 00 60  00 92 00 A2 00 95 2A 96
3A 00 6C 00 61 00 93 00  98 00 A6 2B 97 30 00 62
00 72 00 A4 00 99 00 9C  3C A8 31 00 63 00 68 00
9A 00 AA 00 9D 32 9E 42  00 74 00 69 00 9B 00 A0
src regs sR: { 01 01 07 13 }
dst regs dR: { 03 0C }
IS: 3 IP: 13
% 
[balance] Running test 1/5...

 === machine state === 
mem M:
01 02 04 08 10 20 40 80  00 00 00 00 00 00 00 00
00 00 00 00 00 00 00 00  00 00 00 00 00 00 00 00
00 00 00 00 00 00 00 00  00 00 00 00 00 00 00 00
00 00 00 00 00 00 00 00  00 00 00 00 00 00 00 00
00 00 00 00 00 00 00 00  00 00 00 00 00 00 00 00
00 00 00 00 00 00 00 00  00 00 00 00 00 00 00 00
00 00 00 00 00 00 00 00  00 00 00 00 00 00 00 00
00 00 00 00 00 00 00 00  00 00 00 00 00 00 00 00
00 00 00 00 00 00 00 00  00 00 00 00 00 00 00 00
00 00 00 00 00 00 00 00  00 00 00 00 00 00 00 00
00 00 00 00 00 00 00 00  00 00 00 00 00 00 00 00
00 00 00 00 00 00 00 00  00 00 00 00 00 00 00 00
00 00 00 00 00 00 00 00  00 00 00 00 00 00 00 00
00 00 00 00 00 00 00 00  00 00 00 00 00 00 00 00
00 00 00 00 00 00 00 00  00 00 00 00 00 00 00 00
00 00 00 00 00 00 00 00  00 00 00 00 00 00 00 00
src regs sR: { F2 00 01 02 }
dst regs dR: { 03 04 }
IS: 1 IP: 0
.Your code halted, but didn't solve puzzle copyreg.
Try again to balance the score
 === machine state === 
mem M:
72 0C 04 00 38 0A 46 80  7A 4C 6D 00 EB 73 00 05
00 39 0B 3C 00 70 42 7E  00 6F 84 00 16 00 4A 1C
3D 00 71 43 74 00 80 7A  00 0C 00 40 12 4E 00 82
54 75 00 76 7B 00 0D 00  41 13 44 00 78 4A 86 00
77 8C 00 1E 00 52 24 45  00 79 4B 7C 00 88 82 00
14 00 48 1A 56 00 8A 5C  7D 00 7E 83 00 15 00 49
1B 4C 00 80 52 8E 00 7F  94 00 26 00 5A 2C 4D 00
81 53 84 00 90 8A 00 1C  00 50 22 5E 00 92 64 85
00 86 8B 00 1D 00 51 23  54 00 88 5A 96 00 87 9C
00 2E 00 62 34 55 00 89  5B 8C 00 98 92 00 24 00
58 2A 66 00 9A 6C 8D 00  8E 93 00 25 00 59 2B 5C
00 90 62 9E 00 8F A4 00  36 00 6A 3C 5D 00 91 63
94 00 A0 9A 00 2C 00 60  32 6E 00 A2 74 95 00 96
9B 00 2D 00 61 33 64 00  98 6A A6 00 97 AC 00 3E
00 72 44 65 00 99 6B 9C  00 A8 AC 03 34 00 68 3A
76 00 AA 7C 9D 00 9E 42  14 35 00 69 3B 6C 00 A0
src regs sR: { 01 01 07 E6 }
dst regs dR: { 03 0C }
IS: 3 IP: 13
% 
[balance] Running test 1/5...

 === machine state === 
mem M:
01 02 04 08 10 20 40 80  00 00 00 00 00 00 00 00
00 00 00 00 00 00 00 00  00 00 00 00 00 00 00 00
00 00 00 00 00 00 00 00  00 00 00 00 00 00 00 00
00 00 00 00 00 00 00 00  00 00 00 00 00 00 00 00
00 00 00 00 00 00 00 00  00 00 00 00 00 00 00 00
00 00 00 00 00 00 00 00  00 00 00 00 00 00 00 00
00 00 00 00 00 00 00 00  00 00 00 00 00 00 00 00
00 00 00 00 00 00 00 00  00 00 00 00 00 00 00 00
00 00 00 00 00 00 00 00  00 00 00 00 00 00 00 00
00 00 00 00 00 00 00 00  00 00 00 00 00 00 00 00
00 00 00 00 00 00 00 00  00 00 00 00 00 00 00 00
00 00 00 00 00 00 00 00  00 00 00 00 00 00 00 00
00 00 00 00 00 00 00 00  00 00 00 00 00 00 00 00
00 00 00 00 00 00 00 00  00 00 00 00 00 00 00 00
00 00 00 00 00 00 00 00  00 00 00 00 00 00 00 00
00 00 00 00 00 00 00 00  00 00 00 00 00 00 00 00
src regs sR: { 12 00 01 02 }
dst regs dR: { 03 04 }
IS: 1 IP: 0
. === machine state === 
mem M:
01 0C 44 00 38 20 6B 80  7A 00 AC 03 EB 12 00 3A
00 39 00 7C 00 70 00 7E  14 6F 08 00 3B 00 4A 00
72 00 71 00 74 0A 80 09  00 4C 00 40 00 73 00 82
00 75 0B 76 1A 00 42 00  41 00 84 00 78 00 86 1C
77 10 00 43 00 52 00 7A  00 79 00 7C 12 88 11 00
54 00 48 00 7B 00 8A 00  7D 13 7E 22 00 4A 00 49
00 8C 00 80 00 8E 24 7F  18 00 4B 00 5A 00 82 00
81 00 84 1A 90 19 00 5C  00 50 00 83 00 92 00 85
1B 86 2A 00 52 00 51 00  94 00 88 00 96 2C 87 20
00 53 00 62 00 8A 00 89  00 8C 22 98 21 00 64 00
58 00 8B 00 9A 00 8D 23  8E 32 00 5A 00 59 00 9C
00 90 00 9E 34 8F 28 00  5B 00 6A 00 92 00 91 00
94 2A A0 29 00 6C 00 60  00 93 00 A2 00 95 2B 96
3A 00 62 00 61 00 A4 00  98 00 A6 3C 97 30 00 63
00 72 00 9A 00 99 00 9C  32 A8 31 00 74 00 68 00
9B 00 AA 00 9D 33 9E 42  00 6A 00 69 00 AC 00 A0
src regs sR: { 01 01 07 06 }
dst regs dR: { 03 0C }
IS: 3 IP: 13

[balance] Running test 2/5...

 === machine state === 
mem M:
01 02 04 08 10 20 40 80  00 00 00 00 00 00 00 00
00 00 00 00 00 00 00 00  00 00 00 00 00 00 00 00
00 00 00 00 00 00 00 00  00 00 00 00 00 00 00 00
00 00 00 00 00 00 00 00  00 00 00 00 00 00 00 00
00 00 00 00 00 00 00 00  00 00 00 00 00 00 00 00
00 00 00 00 00 00 00 00  00 00 00 00 00 00 00 00
00 00 00 00 00 00 00 00  00 00 00 00 00 00 00 00
00 00 00 00 00 00 00 00  00 00 00 00 00 00 00 00
00 00 00 00 00 00 00 00  00 00 00 00 00 00 00 00
00 00 00 00 00 00 00 00  00 00 00 00 00 00 00 00
00 00 00 00 00 00 00 00  00 00 00 00 00 00 00 00
00 00 00 00 00 00 00 00  00 00 00 00 00 00 00 00
00 00 00 00 00 00 00 00  00 00 00 00 00 00 00 00
00 00 00 00 00 00 00 00  00 00 00 00 00 00 00 00
00 00 00 00 00 00 00 00  00 00 00 00 00 00 00 00
00 00 00 00 00 00 00 00  00 00 00 00 00 00 00 00
src regs sR: { A1 00 01 02 }
dst regs dR: { 03 04 }
IS: 1 IP: 0
.Your code halted, but didn't solve puzzle copyreg.
Try again to balance the score
 === machine state === 
mem M:
01 0C 1A 00 38 20 5C 80  7A 00 83 00 EB 12 00 1B
00 39 00 52 00 70 00 94  00 6F 08 00 2C 00 4A 00
53 00 71 00 8A 00 80 09  00 22 00 40 00 64 00 82
00 8B 00 76 1A 00 23 00  41 00 5A 00 78 00 9C 00
77 10 00 34 00 52 00 5B  00 79 00 92 00 88 11 00
2A 00 48 00 6C 00 8A 00  93 00 7E 22 00 2B 00 49
00 62 00 80 00 A4 00 7F  18 00 3C 00 5A 00 63 00
81 00 9A 00 90 19 00 32  00 50 00 74 00 92 00 9B
00 86 2A 00 33 00 51 00  6A 00 88 00 AC 00 87 20
00 44 00 62 00 6B 00 89  00 AC 03 98 21 00 3A 00
58 00 7C 00 9A 00 8D 14  8E 32 00 3B 00 59 00 72
00 90 00 9E 0A 8F 28 00  4C 00 6A 00 73 00 91 00
94 0B A0 29 00 42 00 60  00 84 00 A2 00 95 1C 96
3A 00 43 00 61 00 7A 00  98 00 A6 12 97 30 00 54
00 72 00 7B 00 99 00 9C  13 A8 31 00 4A 00 68 00
8C 00 AA 00 9D 24 9E 42  00 4B 00 69 00 82 00 A0
src regs sR: { 01 01 07 95 }
dst regs dR: { 03 0C }
IS: 3 IP: 13
% 
[balance] Running test 1/5...

 === machine state === 
mem M:
01 02 04 08 10 20 40 80  00 00 00 00 00 00 00 00
00 00 00 00 00 00 00 00  00 00 00 00 00 00 00 00
00 00 00 00 00 00 00 00  00 00 00 00 00 00 00 00
00 00 00 00 00 00 00 00  00 00 00 00 00 00 00 00
00 00 00 00 00 00 00 00  00 00 00 00 00 00 00 00
00 00 00 00 00 00 00 00  00 00 00 00 00 00 00 00
00 00 00 00 00 00 00 00  00 00 00 00 00 00 00 00
00 00 00 00 00 00 00 00  00 00 00 00 00 00 00 00
00 00 00 00 00 00 00 00  00 00 00 00 00 00 00 00
00 00 00 00 00 00 00 00  00 00 00 00 00 00 00 00
00 00 00 00 00 00 00 00  00 00 00 00 00 00 00 00
00 00 00 00 00 00 00 00  00 00 00 00 00 00 00 00
00 00 00 00 00 00 00 00  00 00 00 00 00 00 00 00
00 00 00 00 00 00 00 00  00 00 00 00 00 00 00 00
00 00 00 00 00 00 00 00  00 00 00 00 00 00 00 00
00 00 00 00 00 00 00 00  00 00 00 00 00 00 00 00
src regs sR: { B0 00 01 02 }
dst regs dR: { 03 04 }
IS: 1 IP: 0
.Your code halted, but didn't solve puzzle copyreg.
Try again to balance the score
 === machine state === 
mem M:
01 0C 04 00 38 20 46 80  7A 00 6D 00 1A 12 00 05
00 39 00 3C 00 70 00 7E  00 83 08 00 16 00 4A 00
3D 00 71 00 74 00 94 09  00 0C 00 40 00 4E 00 82
00 75 00 8A 1A 00 0D 00  41 00 44 00 78 00 86 00
8B 10 00 1E 00 52 00 45  00 79 00 7C 00 9C 11 00
14 00 48 00 56 00 8A 00  7D 00 92 22 00 15 00 49
00 4C 00 80 00 8E 00 93  18 00 26 00 5A 00 4D 00
81 00 84 00 A4 19 00 1C  00 50 00 5E 00 92 00 85
00 9A 2A 00 1D 00 51 00  54 00 88 00 96 00 9B 20
00 2E 00 62 00 55 00 89  00 8C 00 AC 21 00 24 00
58 00 66 00 9A 00 8D 00  AC 32 00 25 00 59 00 5C
00 90 00 9E 00 8F 28 00  36 00 6A 00 5D 00 91 00
94 00 A0 29 00 2C 00 60  00 6E 00 A2 00 95 00 96
3A 00 2D 00 61 00 64 00  98 00 A6 00 97 30 00 3E
00 72 00 65 00 99 00 9C  00 A8 31 00 34 00 68 00
76 00 AA 00 9D 00 9E 42  00 35 00 69 00 6C 00 A0
src regs sR: { 01 01 07 A4 }
dst regs dR: { 03 0C }
IS: 3 IP: 13
% 
[balance] Running test 1/5...

 === machine state === 
mem M:
01 02 04 08 10 20 40 80  00 00 00 00 00 00 00 00
00 00 00 00 00 00 00 00  00 00 00 00 00 00 00 00
00 00 00 00 00 00 00 00  00 00 00 00 00 00 00 00
00 00 00 00 00 00 00 00  00 00 00 00 00 00 00 00
00 00 00 00 00 00 00 00  00 00 00 00 00 00 00 00
00 00 00 00 00 00 00 00  00 00 00 00 00 00 00 00
00 00 00 00 00 00 00 00  00 00 00 00 00 00 00 00
00 00 00 00 00 00 00 00  00 00 00 00 00 00 00 00
00 00 00 00 00 00 00 00  00 00 00 00 00 00 00 00
00 00 00 00 00 00 00 00  00 00 00 00 00 00 00 00
00 00 00 00 00 00 00 00  00 00 00 00 00 00 00 00
00 00 00 00 00 00 00 00  00 00 00 00 00 00 00 00
00 00 00 00 00 00 00 00  00 00 00 00 00 00 00 00
00 00 00 00 00 00 00 00  00 00 00 00 00 00 00 00
00 00 00 00 00 00 00 00  00 00 00 00 00 00 00 00
00 00 00 00 00 00 00 00  00 00 00 00 00 00 00 00
src regs sR: { 94 00 01 02 }
dst regs dR: { 03 04 }
IS: 1 IP: 0
. === machine state === 
mem M:
01 0C 1B 00 38 20 52 80  7A 00 94 00 EB 12 00 2C
00 39 00 53 00 70 00 8A  00 6F 08 00 22 00 4A 00
64 00 71 00 8B 00 80 09  00 23 00 40 00 5A 00 82
00 9C 00 76 1A 00 34 00  41 00 5B 00 78 00 92 00
77 10 00 2A 00 52 00 6C  00 79 00 93 00 88 11 00
2B 00 48 00 62 00 8A 00  A4 00 7E 22 00 3C 00 49
00 63 00 80 00 9A 00 7F  18 00 32 00 5A 00 74 00
81 00 9B 00 90 19 00 33  00 50 00 6A 00 92 00 AC
00 86 2A 00 44 00 51 00  6B 00 88 00 AC 03 87 20
00 3A 00 62 00 7C 00 89  00 8C 14 98 21 00 3B 00
58 00 72 00 9A 00 8D 0A  8E 32 00 4C 00 59 00 73
00 90 00 9E 0B 8F 28 00  42 00 6A 00 84 00 91 00
94 1C A0 29 00 43 00 60  00 7A 00 A2 00 95 12 96
3A 00 54 00 61 00 7B 00  98 00 A6 13 97 30 00 4A
00 72 00 8C 00 99 00 9C  24 A8 31 00 4B 00 68 00
82 00 AA 00 9D 1A 9E 42  00 5C 00 69 00 83 00 A0
src regs sR: { 01 01 07 88 }
dst regs dR: { 03 0C }
IS: 3 IP: 13

[balance] Running test 2/5...

 === machine state === 
mem M:
01 02 04 08 10 20 40 80  00 00 00 00 00 00 00 00
00 00 00 00 00 00 00 00  00 00 00 00 00 00 00 00
00 00 00 00 00 00 00 00  00 00 00 00 00 00 00 00
00 00 00 00 00 00 00 00  00 00 00 00 00 00 00 00
00 00 00 00 00 00 00 00  00 00 00 00 00 00 00 00
00 00 00 00 00 00 00 00  00 00 00 00 00 00 00 00
00 00 00 00 00 00 00 00  00 00 00 00 00 00 00 00
00 00 00 00 00 00 00 00  00 00 00 00 00 00 00 00
00 00 00 00 00 00 00 00  00 00 00 00 00 00 00 00
00 00 00 00 00 00 00 00  00 00 00 00 00 00 00 00
00 00 00 00 00 00 00 00  00 00 00 00 00 00 00 00
00 00 00 00 00 00 00 00  00 00 00 00 00 00 00 00
00 00 00 00 00 00 00 00  00 00 00 00 00 00 00 00
00 00 00 00 00 00 00 00  00 00 00 00 00 00 00 00
00 00 00 00 00 00 00 00  00 00 00 00 00 00 00 00
00 00 00 00 00 00 00 00  00 00 00 00 00 00 00 00
src regs sR: { DD 00 01 02 }
dst regs dR: { 03 04 }
IS: 1 IP: 0
. === machine state === 
mem M:
01 FF 04 80 38 A3 46 80  18 00 58 00 89 12 DD 05
00 39 F3 3C 00 68 00 B6  00 A7 08 3B 16 00 4A 81
3D 00 F6 00 06 00 05 09  8B 0C 00 40 DF 4E 00 54
00 94 00 55 1A 19 0D 00  8E 2F 9E 00 A4 00 F2 00
E3 10 77 1E 00 EC BD 2C  00 32 00 42 00 41 11 C7
14 00 3C 1B 8A 00 90 00  D0 00 91 22 55 15 00 CA
6B DA 00 E0 00 2E 00 1F  18 B3 26 00 28 F9 68 00
6E 00 7E 00 7D 19 03 1C  00 78 57 C6 00 CC 00 0C
00 CD 2A 91 1D 00 06 A7  16 00 1C 00 6A 00 5B 20
EF 2E 00 64 35 A4 00 AA  00 BA 00 B9 21 3F 24 00
B4 93 02 00 08 00 48 00  09 32 CD 25 00 42 E3 52
00 58 00 A6 00 97 28 2B  36 00 A0 71 E0 00 E6 00
F6 00 F5 29 7B 2C 00 F0  CF 3E 00 44 00 84 00 45
3A 09 2D 00 7E CF 8E 00  94 00 E2 00 D3 30 67 3E
00 DC 00 1C 00 22 00 32  00 31 31 B7 34 00 2C 00
7A 00 80 00 C0 00 81 42  45 35 00 BA 00 CA 00 D0
src regs sR: { 01 01 07 D1 }
dst regs dR: { 03 0C }
IS: 3 IP: 13

[balance] Running test 3/5...

 === machine state === 
mem M:
01 02 04 08 10 20 40 80  00 00 00 00 00 00 00 00
00 00 00 00 00 00 00 00  00 00 00 00 00 00 00 00
00 00 00 00 00 00 00 00  00 00 00 00 00 00 00 00
00 00 00 00 00 00 00 00  00 00 00 00 00 00 00 00
00 00 00 00 00 00 00 00  00 00 00 00 00 00 00 00
00 00 00 00 00 00 00 00  00 00 00 00 00 00 00 00
00 00 00 00 00 00 00 00  00 00 00 00 00 00 00 00
00 00 00 00 00 00 00 00  00 00 00 00 00 00 00 00
00 00 00 00 00 00 00 00  00 00 00 00 00 00 00 00
00 00 00 00 00 00 00 00  00 00 00 00 00 00 00 00
00 00 00 00 00 00 00 00  00 00 00 00 00 00 00 00
00 00 00 00 00 00 00 00  00 00 00 00 00 00 00 00
00 00 00 00 00 00 00 00  00 00 00 00 00 00 00 00
00 00 00 00 00 00 00 00  00 00 00 00 00 00 00 00
00 00 00 00 00 00 00 00  00 00 00 00 00 00 00 00
00 00 00 00 00 00 00 00  00 00 00 00 00 00 00 00
src regs sR: { AB 00 01 02 }
dst regs dR: { 03 04 }
IS: 1 IP: 0
Your code halted, but didn't solve puzzle copyreg.
Try again to balance the score
 === machine state === 
mem M:
01 02 04 00 38 20 46 80  37 00 00 00 1A 12 00 05
00 39 00 3C 00 48 00 00  00 1B 08 00 16 00 4A 00
3D 00 3E 00 00 00 2C 09  00 0C 00 40 00 4E 00 3F
00 00 00 22 1A 00 0D 00  41 00 44 00 50 00 00 00
23 10 00 1E 00 52 00 45  00 46 00 00 00 34 11 00
14 00 48 00 56 00 47 00  00 00 2A 22 00 15 00 49
00 4C 00 58 00 00 00 2B  18 00 26 00 5A 00 DA 00
4E 00 00 00 3C 19 00 1C  00 28 00 00 00 00 00 00
00 32 2A 00 1D 00 1E 00  00 00 00 00 00 00 33 20
00 2E 00 1F 00 00 00 00  00 00 00 44 21 00 24 00
30 00 00 00 03 00 00 00  3A 32 00 25 00 26 00 00
00 14 00 00 00 3B 28 00  36 00 27 00 00 00 0A 00
00 00 4C 29 00 2C 00 38  00 00 00 0B 00 00 00 42
3A 00 2D 00 2E 00 00 00  1C 00 00 00 43 30 00 3E
00 2F 00 00 00 12 00 00  00 54 31 00 34 00 40 00
00 00 13 00 00 00 4A 42  00 35 00 36 00 00 00 24
src regs sR: { 01 6C 07 6C }
dst regs dR: { 03 6E }
IS: 3 IP: 13
% 
[balance] Running test 1/5...

 === machine state === 
mem M:
01 02 04 08 10 20 40 80  00 00 00 00 00 00 00 00
00 00 00 00 00 00 00 00  00 00 00 00 00 00 00 00
00 00 00 00 00 00 00 00  00 00 00 00 00 00 00 00
00 00 00 00 00 00 00 00  00 00 00 00 00 00 00 00
00 00 00 00 00 00 00 00  00 00 00 00 00 00 00 00
00 00 00 00 00 00 00 00  00 00 00 00 00 00 00 00
00 00 00 00 00 00 00 00  00 00 00 00 00 00 00 00
00 00 00 00 00 00 00 00  00 00 00 00 00 00 00 00
00 00 00 00 00 00 00 00  00 00 00 00 00 00 00 00
00 00 00 00 00 00 00 00  00 00 00 00 00 00 00 00
00 00 00 00 00 00 00 00  00 00 00 00 00 00 00 00
00 00 00 00 00 00 00 00  00 00 00 00 00 00 00 00
00 00 00 00 00 00 00 00  00 00 00 00 00 00 00 00
00 00 00 00 00 00 00 00  00 00 00 00 00 00 00 00
00 00 00 00 00 00 00 00  00 00 00 00 00 00 00 00
00 00 00 00 00 00 00 00  00 00 00 00 00 00 00 00
src regs sR: { BE 00 01 02 }
dst regs dR: { 03 04 }
IS: 1 IP: 0
.Your code halted, but didn't solve puzzle copyreg.
Try again to balance the score
 === machine state === 
mem M:
7B 0C 04 00 38 13 46 80  7A 4A 6D 00 EB 8C 00 05
00 39 24 3C 00 70 4B 7E  00 6F 82 00 16 00 4A 1A
3D 00 71 5C 74 00 80 83  00 0C 00 40 1B 4E 00 82
52 75 00 76 94 00 0D 00  41 2C 44 00 78 53 86 00
77 8A 00 1E 00 52 22 45  00 79 64 7C 00 88 8B 00
14 00 48 23 56 00 8A 5A  7D 00 7E 9C 00 15 00 49
34 4C 00 80 5B 8E 00 7F  92 00 26 00 5A 2A 4D 00
81 6C 84 00 90 93 00 1C  00 50 2B 5E 00 92 62 85
00 86 A4 00 1D 00 51 3C  54 00 88 63 96 00 87 9A
00 2E 00 62 32 55 00 89  74 8C 00 98 9B 00 24 00
58 33 66 00 9A 6A 8D 00  8E AC 00 25 00 59 44 5C
00 90 6B 9E 00 8F AC 03  36 00 6A 3A 5D 00 91 7C
94 00 A0 29 14 2C 00 60  3B 6E 00 A2 72 95 00 96
3A 0A 2D 00 61 4C 64 00  98 73 A6 00 97 30 0B 3E
00 72 42 65 00 99 84 9C  00 A8 31 1C 34 00 68 43
76 00 AA 7A 9D 00 9E 42  12 35 00 69 54 6C 00 A0
src regs sR: { 01 01 07 B2 }
dst regs dR: { 03 0C }
IS: 3 IP: 13
% 
[balance] Running test 1/5...

 === machine state === 
mem M:
01 02 04 08 10 20 40 80  00 00 00 00 00 00 00 00
00 00 00 00 00 00 00 00  00 00 00 00 00 00 00 00
00 00 00 00 00 00 00 00  00 00 00 00 00 00 00 00
00 00 00 00 00 00 00 00  00 00 00 00 00 00 00 00
00 00 00 00 00 00 00 00  00 00 00 00 00 00 00 00
00 00 00 00 00 00 00 00  00 00 00 00 00 00 00 00
00 00 00 00 00 00 00 00  00 00 00 00 00 00 00 00
00 00 00 00 00 00 00 00  00 00 00 00 00 00 00 00
00 00 00 00 00 00 00 00  00 00 00 00 00 00 00 00
00 00 00 00 00 00 00 00  00 00 00 00 00 00 00 00
00 00 00 00 00 00 00 00  00 00 00 00 00 00 00 00
00 00 00 00 00 00 00 00  00 00 00 00 00 00 00 00
00 00 00 00 00 00 00 00  00 00 00 00 00 00 00 00
00 00 00 00 00 00 00 00  00 00 00 00 00 00 00 00
00 00 00 00 00 00 00 00  00 00 00 00 00 00 00 00
00 00 00 00 00 00 00 00  00 00 00 00 00 00 00 00
src regs sR: { 39 00 01 02 }
dst regs dR: { 03 04 }
IS: 1 IP: 0
. === machine state === 
mem M:
01 0C 3C 00 38 20 63 80  7A 00 9A 00 EB 12 00 32
00 39 00 74 00 70 00 9B  00 6F 08 00 33 00 4A 00
6A 00 71 00 AC 00 80 09  00 44 00 40 00 6B 00 82
00 AC 03 76 1A 00 3A 00  41 00 7C 00 78 00 86 14
77 10 00 3B 00 52 00 72  00 79 00 7C 0A 88 11 00
4C 00 48 00 73 00 8A 00  7D 0B 7E 22 00 42 00 49
00 84 00 80 00 8E 1C 7F  18 00 43 00 5A 00 7A 00
81 00 84 12 90 19 00 54  00 50 00 7B 00 92 00 85
13 86 2A 00 4A 00 51 00  8C 00 88 00 96 24 87 20
00 4B 00 62 00 82 00 89  00 8C 1A 98 21 00 5C 00
58 00 83 00 9A 00 8D 1B  8E 32 00 52 00 59 00 94
00 90 00 9E 2C 8F 28 00  53 00 6A 00 8A 00 91 00
94 22 A0 29 00 64 00 60  00 8B 00 A2 00 95 23 96
3A 00 5A 00 61 00 9C 00  98 00 A6 34 97 30 00 5B
00 72 00 92 00 99 00 9C  2A A8 31 00 6C 00 68 00
93 00 AA 00 9D 2B 9E 42  00 62 00 69 00 A4 00 A0
src regs sR: { 01 01 07 2D }
dst regs dR: { 03 0C }
IS: 3 IP: 13

[balance] Running test 2/5...

 === machine state === 
mem M:
01 02 04 08 10 20 40 80  00 00 00 00 00 00 00 00
00 00 00 00 00 00 00 00  00 00 00 00 00 00 00 00
00 00 00 00 00 00 00 00  00 00 00 00 00 00 00 00
00 00 00 00 00 00 00 00  00 00 00 00 00 00 00 00
00 00 00 00 00 00 00 00  00 00 00 00 00 00 00 00
00 00 00 00 00 00 00 00  00 00 00 00 00 00 00 00
00 00 00 00 00 00 00 00  00 00 00 00 00 00 00 00
00 00 00 00 00 00 00 00  00 00 00 00 00 00 00 00
00 00 00 00 00 00 00 00  00 00 00 00 00 00 00 00
00 00 00 00 00 00 00 00  00 00 00 00 00 00 00 00
00 00 00 00 00 00 00 00  00 00 00 00 00 00 00 00
00 00 00 00 00 00 00 00  00 00 00 00 00 00 00 00
00 00 00 00 00 00 00 00  00 00 00 00 00 00 00 00
00 00 00 00 00 00 00 00  00 00 00 00 00 00 00 00
00 00 00 00 00 00 00 00  00 00 00 00 00 00 00 00
00 00 00 00 00 00 00 00  00 00 00 00 00 00 00 00
src regs sR: { 39 00 01 02 }
dst regs dR: { 03 04 }
IS: 1 IP: 0
. === machine state === 
mem M:
01 0C 3C 00 38 20 63 80  7A 00 9A 00 EB 12 00 32
00 39 00 74 00 70 00 9B  00 6F 08 00 33 00 4A 00
6A 00 71 00 AC 00 80 09  00 44 00 40 00 6B 00 82
00 AC 03 76 1A 00 3A 00  41 00 7C 00 78 00 86 14
77 10 00 3B 00 52 00 72  00 79 00 7C 0A 88 11 00
4C 00 48 00 73 00 8A 00  7D 0B 7E 22 00 42 00 49
00 84 00 80 00 8E 1C 7F  18 00 43 00 5A 00 7A 00
81 00 84 12 90 19 00 54  00 50 00 7B 00 92 00 85
13 86 2A 00 4A 00 51 00  8C 00 88 00 96 24 87 20
00 4B 00 62 00 82 00 89  00 8C 1A 98 21 00 5C 00
58 00 83 00 9A 00 8D 1B  8E 32 00 52 00 59 00 94
00 90 00 9E 2C 8F 28 00  53 00 6A 00 8A 00 91 00
94 22 A0 29 00 64 00 60  00 8B 00 A2 00 95 23 96
3A 00 5A 00 61 00 9C 00  98 00 A6 34 97 30 00 5B
00 72 00 92 00 99 00 9C  2A A8 31 00 6C 00 68 00
93 00 AA 00 9D 2B 9E 42  00 62 00 69 00 A4 00 A0
src regs sR: { 01 01 07 2D }
dst regs dR: { 03 0C }
IS: 3 IP: 13

[balance] Running test 3/5...

 === machine state === 
mem M:
01 02 04 08 10 20 40 80  00 00 00 00 00 00 00 00
00 00 00 00 00 00 00 00  00 00 00 00 00 00 00 00
00 00 00 00 00 00 00 00  00 00 00 00 00 00 00 00
00 00 00 00 00 00 00 00  00 00 00 00 00 00 00 00
00 00 00 00 00 00 00 00  00 00 00 00 00 00 00 00
00 00 00 00 00 00 00 00  00 00 00 00 00 00 00 00
00 00 00 00 00 00 00 00  00 00 00 00 00 00 00 00
00 00 00 00 00 00 00 00  00 00 00 00 00 00 00 00
00 00 00 00 00 00 00 00  00 00 00 00 00 00 00 00
00 00 00 00 00 00 00 00  00 00 00 00 00 00 00 00
00 00 00 00 00 00 00 00  00 00 00 00 00 00 00 00
00 00 00 00 00 00 00 00  00 00 00 00 00 00 00 00
00 00 00 00 00 00 00 00  00 00 00 00 00 00 00 00
00 00 00 00 00 00 00 00  00 00 00 00 00 00 00 00
00 00 00 00 00 00 00 00  00 00 00 00 00 00 00 00
00 00 00 00 00 00 00 00  00 00 00 00 00 00 00 00
src regs sR: { 76 00 01 02 }
dst regs dR: { 03 04 }
IS: 1 IP: 0
. === machine state === 
mem M:
01 0C 64 00 38 20 8B 80  7A 00 6D 23 EB 12 00 5A
00 39 00 9C 00 70 00 7E  34 6F 08 00 5B 00 4A 00
92 00 71 00 74 2A 80 09  00 6C 00 40 00 93 00 82
00 75 2B 76 1A 00 62 00  41 00 A4 00 78 00 86 3C
77 10 00 63 00 52 00 9A  00 79 00 7C 32 88 11 00
74 00 48 00 9B 00 8A 00  7D 33 7E 22 00 6A 00 49
00 AC 00 80 00 8E 44 7F  18 00 6B 00 5A 00 AC 03
81 00 84 3A 90 19 00 7C  00 50 00 5E 14 92 00 85
3B 86 2A 00 72 00 51 00  54 0A 88 00 96 4C 87 20
00 73 00 62 00 55 0B 89  00 8C 42 98 21 00 84 00
58 00 66 1C 9A 00 8D 43  8E 32 00 7A 00 59 00 5C
12 90 00 9E 54 8F 28 00  7B 00 6A 00 5D 13 91 00
94 4A A0 29 00 8C 00 60  00 6E 24 A2 00 95 4B 96
3A 00 82 00 61 00 64 1A  98 00 A6 5C 97 30 00 83
00 72 00 65 1B 99 00 9C  52 A8 31 00 94 00 68 00
76 2C AA 00 9D 53 9E 42  00 8A 00 69 00 6C 22 A0
src regs sR: { 01 01 07 6A }
dst regs dR: { 03 0C }
IS: 3 IP: 13

[balance] Running test 4/5...

 === machine state === 
mem M:
01 02 04 08 10 20 40 80  00 00 00 00 00 00 00 00
00 00 00 00 00 00 00 00  00 00 00 00 00 00 00 00
00 00 00 00 00 00 00 00  00 00 00 00 00 00 00 00
00 00 00 00 00 00 00 00  00 00 00 00 00 00 00 00
00 00 00 00 00 00 00 00  00 00 00 00 00 00 00 00
00 00 00 00 00 00 00 00  00 00 00 00 00 00 00 00
00 00 00 00 00 00 00 00  00 00 00 00 00 00 00 00
00 00 00 00 00 00 00 00  00 00 00 00 00 00 00 00
00 00 00 00 00 00 00 00  00 00 00 00 00 00 00 00
00 00 00 00 00 00 00 00  00 00 00 00 00 00 00 00
00 00 00 00 00 00 00 00  00 00 00 00 00 00 00 00
00 00 00 00 00 00 00 00  00 00 00 00 00 00 00 00
00 00 00 00 00 00 00 00  00 00 00 00 00 00 00 00
00 00 00 00 00 00 00 00  00 00 00 00 00 00 00 00
00 00 00 00 00 00 00 00  00 00 00 00 00 00 00 00
00 00 00 00 00 00 00 00  00 00 00 00 00 00 00 00
src regs sR: { 26 00 01 02 }
dst regs dR: { 03 04 }
IS: 1 IP: 0
. === machine state === 
mem M:
74 0C 04 00 9B 20 46 80  7A 33 6D 00 EB 6A 00 05
00 AC 00 3C 00 70 44 7E  00 6F 6B 00 16 00 AC 03
3D 00 71 3A 74 00 80 7C  00 0C 00 40 14 4E 00 82
3B 75 00 76 72 00 0D 00  41 0A 44 00 78 4C 86 00
77 73 00 1E 00 52 0B 45  00 79 42 7C 00 88 84 00
14 00 48 1C 56 00 8A 43  7D 00 7E 7A 00 15 00 49
12 4C 00 80 54 8E 00 7F  7B 00 26 00 5A 13 4D 00
81 4A 84 00 90 8C 00 1C  00 50 24 5E 00 92 4B 85
00 86 82 00 1D 00 51 1A  54 00 88 5C 96 00 87 83
00 2E 00 62 1B 55 00 89  52 8C 00 98 94 00 24 00
58 2C 66 00 9A 53 8D 00  8E 8A 00 25 00 59 22 5C
00 90 64 9E 00 8F 8B 00  36 00 6A 23 5D 00 91 5A
94 00 A0 9C 00 2C 00 60  34 6E 00 A2 5B 95 00 96
92 00 2D 00 61 2A 64 00  98 6C A6 00 97 93 00 3E
00 72 2B 65 00 99 62 9C  00 A8 A4 00 34 00 68 3C
76 00 AA 63 9D 00 9E 9A  00 35 00 69 32 6C 00 A0
src regs sR: { 01 01 07 1A }
dst regs dR: { 03 0C }
IS: 3 IP: 13

[balance] Running test 5/5...

 === machine state === 
mem M:
01 02 04 08 10 20 40 80  00 00 00 00 00 00 00 00
00 00 00 00 00 00 00 00  00 00 00 00 00 00 00 00
00 00 00 00 00 00 00 00  00 00 00 00 00 00 00 00
00 00 00 00 00 00 00 00  00 00 00 00 00 00 00 00
00 00 00 00 00 00 00 00  00 00 00 00 00 00 00 00
00 00 00 00 00 00 00 00  00 00 00 00 00 00 00 00
00 00 00 00 00 00 00 00  00 00 00 00 00 00 00 00
00 00 00 00 00 00 00 00  00 00 00 00 00 00 00 00
00 00 00 00 00 00 00 00  00 00 00 00 00 00 00 00
00 00 00 00 00 00 00 00  00 00 00 00 00 00 00 00
00 00 00 00 00 00 00 00  00 00 00 00 00 00 00 00
00 00 00 00 00 00 00 00  00 00 00 00 00 00 00 00
00 00 00 00 00 00 00 00  00 00 00 00 00 00 00 00
00 00 00 00 00 00 00 00  00 00 00 00 00 00 00 00
00 00 00 00 00 00 00 00  00 00 00 00 00 00 00 00
00 00 00 00 00 00 00 00  00 00 00 00 00 00 00 00
src regs sR: { 47 00 01 02 }
dst regs dR: { 03 04 }
IS: 1 IP: 0
Your code halted, but didn't solve puzzle copyreg.
Try again to balance the score
 === machine state === 
mem M:
01 02 04 00 10 20 40 80  00 00 00 00 00 12 00 05
00 06 00 00 00 00 00 00  00 00 08 00 16 00 07 00
00 00 00 00 00 00 00 09  00 0C 00 18 00 00 00 00
00 00 00 00 1A 00 0D 00  0E 00 00 00 00 00 00 00
03 10 00 1E 00 0F 00 00  00 00 00 00 00 14 11 00
14 00 20 00 00 00 00 00  00 00 0A 22 00 15 00 16
00 00 00 00 00 00 00 0B  18 00 26 00 17 00 00 00
00 00 00 00 1C 19 00 1C  00 28 00 00 00 00 00 00
00 12 2A 00 1D 00 1E 00  00 00 00 00 00 00 13 20
00 2E 00 1F 00 00 00 00  00 00 00 24 21 00 24 00
30 00 00 00 00 00 00 00  1A 32 00 25 00 26 00 00
00 00 00 00 00 1B 28 00  36 00 27 00 00 00 00 00
00 00 2C 29 00 2C 00 38  00 00 00 00 00 00 00 22
3A 00 BA 00 2E 00 00 00  00 00 00 00 23 00 00 00
00 00 00 00 00 00 00 00  00 34 00 00 00 00 00 00
00 00 00 00 00 00 2A 00  00 00 00 00 00 00 00 00
src regs sR: { 01 D0 07 D0 }
dst regs dR: { 03 D2 }
IS: 3 IP: 13
% 
[balance] Running test 1/5...

 === machine state === 
mem M:
01 02 04 08 10 20 40 80  00 00 00 00 00 00 00 00
00 00 00 00 00 00 00 00  00 00 00 00 00 00 00 00
00 00 00 00 00 00 00 00  00 00 00 00 00 00 00 00
00 00 00 00 00 00 00 00  00 00 00 00 00 00 00 00
00 00 00 00 00 00 00 00  00 00 00 00 00 00 00 00
00 00 00 00 00 00 00 00  00 00 00 00 00 00 00 00
00 00 00 00 00 00 00 00  00 00 00 00 00 00 00 00
00 00 00 00 00 00 00 00  00 00 00 00 00 00 00 00
00 00 00 00 00 00 00 00  00 00 00 00 00 00 00 00
00 00 00 00 00 00 00 00  00 00 00 00 00 00 00 00
00 00 00 00 00 00 00 00  00 00 00 00 00 00 00 00
00 00 00 00 00 00 00 00  00 00 00 00 00 00 00 00
00 00 00 00 00 00 00 00  00 00 00 00 00 00 00 00
00 00 00 00 00 00 00 00  00 00 00 00 00 00 00 00
00 00 00 00 00 00 00 00  00 00 00 00 00 00 00 00
00 00 00 00 00 00 00 00  00 00 00 00 00 00 00 00
src regs sR: { BE 00 01 02 }
dst regs dR: { 03 04 }
IS: 1 IP: 0
.Your code halted, but didn't solve puzzle copyreg.
Try again to balance the score
 === machine state === 
mem M:
7B 0C 04 00 38 13 46 80  7A 4A 6D 00 EB 8C 00 05
00 39 24 3C 00 70 4B 7E  00 6F 82 00 16 00 4A 1A
3D 00 71 5C 74 00 80 83  00 0C 00 40 1B 4E 00 82
52 75 00 76 94 00 0D 00  41 2C 44 00 78 53 86 00
77 8A 00 1E 00 52 22 45  00 79 64 7C 00 88 8B 00
14 00 48 23 56 00 8A 5A  7D 00 7E 9C 00 15 00 49
34 4C 00 80 5B 8E 00 7F  92 00 26 00 5A 2A 4D 00
81 6C 84 00 90 93 00 1C  00 50 2B 5E 00 92 62 85
00 86 A4 00 1D 00 51 3C  54 00 88 63 96 00 87 9A
00 2E 00 62 32 55 00 89  74 8C 00 98 9B 00 24 00
58 33 66 00 9A 6A 8D 00  8E AC 00 25 00 59 44 5C
00 90 6B 9E 00 8F AC 03  36 00 6A 3A 5D 00 91 7C
94 00 A0 29 14 2C 00 60  3B 6E 00 A2 72 95 00 96
3A 0A 2D 00 61 4C 64 00  98 73 A6 00 97 30 0B 3E
00 72 42 65 00 99 84 9C  00 A8 31 1C 34 00 68 43
76 00 AA 7A 9D 00 9E 42  12 35 00 69 54 6C 00 A0
src regs sR: { 01 01 07 B2 }
dst regs dR: { 03 0C }
IS: 3 IP: 13
% 
[balance] Running test 1/5...

 === machine state === 
mem M:
01 02 04 08 10 20 40 80  00 00 00 00 00 00 00 00
00 00 00 00 00 00 00 00  00 00 00 00 00 00 00 00
00 00 00 00 00 00 00 00  00 00 00 00 00 00 00 00
00 00 00 00 00 00 00 00  00 00 00 00 00 00 00 00
00 00 00 00 00 00 00 00  00 00 00 00 00 00 00 00
00 00 00 00 00 00 00 00  00 00 00 00 00 00 00 00
00 00 00 00 00 00 00 00  00 00 00 00 00 00 00 00
00 00 00 00 00 00 00 00  00 00 00 00 00 00 00 00
00 00 00 00 00 00 00 00  00 00 00 00 00 00 00 00
00 00 00 00 00 00 00 00  00 00 00 00 00 00 00 00
00 00 00 00 00 00 00 00  00 00 00 00 00 00 00 00
00 00 00 00 00 00 00 00  00 00 00 00 00 00 00 00
00 00 00 00 00 00 00 00  00 00 00 00 00 00 00 00
00 00 00 00 00 00 00 00  00 00 00 00 00 00 00 00
00 00 00 00 00 00 00 00  00 00 00 00 00 00 00 00
00 00 00 00 00 00 00 00  00 00 00 00 00 00 00 00
src regs sR: { 30 00 01 02 }
dst regs dR: { 03 04 }
IS: 1 IP: 0
. === machine state === 
mem M:
01 FF 04 80 38 20 46 80  7A 00 6D 00 F4 12 E5 05
00 39 00 3C 00 70 00 7E  00 6F 08 9B 16 00 4A 00
3D 00 71 00 74 00 80 09  9B 0C 00 40 00 4E 00 82
00 75 00 76 1A 00 0D 00  41 00 44 00 78 00 86 00
77 10 00 1E 00 52 00 45  00 79 00 7C 00 88 11 00
14 00 48 00 56 00 8A 00  7D 00 7E 22 00 15 00 49
00 4C 00 80 00 8E 00 7F  18 00 26 00 5A 00 4D 00
81 00 84 00 90 19 00 1C  00 50 00 5E 00 92 00 85
00 86 2A 00 1D 00 51 00  54 00 88 00 96 00 87 20
00 2E 00 62 00 55 00 89  00 8C 00 98 21 00 24 00
58 00 66 00 9A 00 8D 00  8E 32 00 25 00 59 00 5C
00 90 00 9E 00 8F 28 00  36 00 6A 00 5D 00 91 00
94 00 A0 29 00 2C 00 60  00 6E 00 A2 00 95 00 96
3A 00 2D 00 61 00 64 00  98 00 A6 00 97 30 00 3E
00 72 00 65 00 3E 00 4E  00 4D 31 00 34 00 68 00
76 00 F4 00 8C 00 F5 42  00 35 00 69 00 6C 00 9C
src regs sR: { 01 01 07 24 }
dst regs dR: { 03 0C }
IS: 3 IP: 13

[balance] Running test 2/5...

 === machine state === 
mem M:
01 02 04 08 10 20 40 80  00 00 00 00 00 00 00 00
00 00 00 00 00 00 00 00  00 00 00 00 00 00 00 00
00 00 00 00 00 00 00 00  00 00 00 00 00 00 00 00
00 00 00 00 00 00 00 00  00 00 00 00 00 00 00 00
00 00 00 00 00 00 00 00  00 00 00 00 00 00 00 00
00 00 00 00 00 00 00 00  00 00 00 00 00 00 00 00
00 00 00 00 00 00 00 00  00 00 00 00 00 00 00 00
00 00 00 00 00 00 00 00  00 00 00 00 00 00 00 00
00 00 00 00 00 00 00 00  00 00 00 00 00 00 00 00
00 00 00 00 00 00 00 00  00 00 00 00 00 00 00 00
00 00 00 00 00 00 00 00  00 00 00 00 00 00 00 00
00 00 00 00 00 00 00 00  00 00 00 00 00 00 00 00
00 00 00 00 00 00 00 00  00 00 00 00 00 00 00 00
00 00 00 00 00 00 00 00  00 00 00 00 00 00 00 00
00 00 00 00 00 00 00 00  00 00 00 00 00 00 00 00
00 00 00 00 00 00 00 00  00 00 00 00 00 00 00 00
src regs sR: { 5F 00 01 02 }
dst regs dR: { 03 04 }
IS: 1 IP: 0
.Your code halted, but didn't solve puzzle copyreg.
Try again to balance the score
 === machine state === 
mem M:
01 DA 04 80 DF 50 EA 80  E4 7C 09 00 58 12 88 05
00 0F 8D 41 00 3B AC 46  00 3A 08 B8 16 00 4C E4
71 00 6B E9 9D 00 77 09  F5 0C 00 A3 14 AE 00 A8
40 CD 00 CE 1A 4C 0D 00  D3 51 05 00 FF 70 0A 00
FE 10 7C 1E 00 10 A8 35  00 2F AD 61 00 3B 11 B9
14 00 67 D8 72 00 6C AD  91 00 92 22 10 15 00 97
15 C9 00 C3 00 CE 00 C2  18 40 26 00 D4 6C F9 00
F3 00 25 00 FF 19 7D 1C  00 2B 9C 36 00 30 00 55
00 56 2A D4 1D 00 5B D9  8D 00 87 00 92 00 86 20
04 2E 00 98 30 BD 00 B7  00 E9 00 C3 21 41 24 00
EF 60 FA 00 F4 00 19 00  1A 32 98 25 00 1F 9D 51
00 4B 00 56 00 4A 57 C8  62 00 5C F4 81 00 7B 00
AD 00 87 87 05 B9 00 B3  24 BE 00 B8 00 DD 00 DE
C4 5C E9 00 E3 61 15 00  0F 00 1A 00 0E 1B 8C 26
00 20 B8 45 00 3F 00 71  00 4B 4B C9 7D 00 77 E8
82 00 7C 00 A1 00 A2 88  20 AD 00 A7 25 D9 00 D3
src regs sR: { 01 01 07 53 }
dst regs dR: { 03 0C }
IS: 3 IP: 13
% 
[balance] Running test 1/5...

 === machine state === 
mem M:
01 02 04 08 10 20 40 80  00 00 00 00 00 00 00 00
00 00 00 00 00 00 00 00  00 00 00 00 00 00 00 00
00 00 00 00 00 00 00 00  00 00 00 00 00 00 00 00
00 00 00 00 00 00 00 00  00 00 00 00 00 00 00 00
00 00 00 00 00 00 00 00  00 00 00 00 00 00 00 00
00 00 00 00 00 00 00 00  00 00 00 00 00 00 00 00
00 00 00 00 00 00 00 00  00 00 00 00 00 00 00 00
00 00 00 00 00 00 00 00  00 00 00 00 00 00 00 00
00 00 00 00 00 00 00 00  00 00 00 00 00 00 00 00
00 00 00 00 00 00 00 00  00 00 00 00 00 00 00 00
00 00 00 00 00 00 00 00  00 00 00 00 00 00 00 00
00 00 00 00 00 00 00 00  00 00 00 00 00 00 00 00
00 00 00 00 00 00 00 00  00 00 00 00 00 00 00 00
00 00 00 00 00 00 00 00  00 00 00 00 00 00 00 00
00 00 00 00 00 00 00 00  00 00 00 00 00 00 00 00
00 00 00 00 00 00 00 00  00 00 00 00 00 00 00 00
src regs sR: { 08 00 01 02 }
dst regs dR: { 03 04 }
IS: 1 IP: 0
 === machine state === 
mem M:
01 F5 04 00 E6 DB E7 80  D7 00 00 00 00 05 FA EA
00 CC C1 D0 00 DC 00 00  00 00 EE E3 EF 00 D1 C6
B6 00 C5 00 00 00 00 D4  C9 D8 00 BA AF BB 00 AB
00 00 00 00 D9 CE BE 00  A0 95 A4 00 B0 00 00 00
00 C2 B7 C3 00 A5 9A 8A  00 99 00 00 00 00 A8 9D
AC 00 8E 83 8F 00 7F 00  00 00 00 AD A2 92 00 74
69 78 00 84 00 00 00 00  96 8B 97 00 79 6E 5E 00
6D 00 00 00 00 7C 71 80  00 62 57 63 00 53 00 00
00 00 81 76 66 00 48 3D  4C 00 58 00 00 00 00 6A
5F 6B 00 4D 42 32 00 41  00 00 00 00 50 45 54 00
36 2B 37 00 27 00 00 00  00 55 4A 3A 00 1C 11 20
00 2C 00 00 00 00 3E 33  3F 00 21 16 06 00 15 00
00 00 00 24 19 28 00 0A  FF 0B 00 FB 00 00 00 00
29 1E 0E 00 F0 E5 F4 00  00 00 00 00 00 12 07 13
00 1E 00 00 00 00 00 00  00 00 F8 ED FC 00 08 00
00 00 00 00 00 00 00 FD  F2 E2 00 F1 00 00 00 00
src regs sR: { 01 D6 DC D1 }
dst regs dR: { 03 E1 }
IS: 3 IP: 13

[balance] Running test 2/5...

 === machine state === 
mem M:
01 02 04 08 10 20 40 80  00 00 00 00 00 00 00 00
00 00 00 00 00 00 00 00  00 00 00 00 00 00 00 00
00 00 00 00 00 00 00 00  00 00 00 00 00 00 00 00
00 00 00 00 00 00 00 00  00 00 00 00 00 00 00 00
00 00 00 00 00 00 00 00  00 00 00 00 00 00 00 00
00 00 00 00 00 00 00 00  00 00 00 00 00 00 00 00
00 00 00 00 00 00 00 00  00 00 00 00 00 00 00 00
00 00 00 00 00 00 00 00  00 00 00 00 00 00 00 00
00 00 00 00 00 00 00 00  00 00 00 00 00 00 00 00
00 00 00 00 00 00 00 00  00 00 00 00 00 00 00 00
00 00 00 00 00 00 00 00  00 00 00 00 00 00 00 00
00 00 00 00 00 00 00 00  00 00 00 00 00 00 00 00
00 00 00 00 00 00 00 00  00 00 00 00 00 00 00 00
00 00 00 00 00 00 00 00  00 00 00 00 00 00 00 00
00 00 00 00 00 00 00 00  00 00 00 00 00 00 00 00
00 00 00 00 00 00 00 00  00 00 00 00 00 00 00 00
src regs sR: { 26 00 01 02 }
dst regs dR: { 03 04 }
IS: 1 IP: 0
. === machine state === 
mem M:
74 0C 04 00 9B 20 46 80  7A 33 6D 00 EB 6A 00 05
00 AC 00 3C 00 70 44 7E  00 6F 6B 00 16 00 AC 03
3D 00 71 3A 74 00 80 7C  00 0C 00 40 14 4E 00 82
3B 75 00 76 72 00 0D 00  41 0A 44 00 78 4C 86 00
77 73 00 1E 00 52 0B 45  00 79 42 7C 00 88 84 00
14 00 48 1C 56 00 8A 43  7D 00 7E 7A 00 15 00 49
12 4C 00 80 54 8E 00 7F  7B 00 26 00 5A 13 4D 00
81 4A 84 00 90 8C 00 1C  00 50 24 5E 00 92 4B 85
00 86 82 00 1D 00 51 1A  54 00 88 5C 96 00 87 83
00 2E 00 62 1B 55 00 89  52 8C 00 98 94 00 24 00
58 2C 66 00 9A 53 8D 00  8E 8A 00 25 00 59 22 5C
00 90 64 9E 00 8F 8B 00  36 00 6A 23 5D 00 91 5A
94 00 A0 9C 00 2C 00 60  34 6E 00 A2 5B 95 00 96
92 00 2D 00 61 2A 64 00  98 6C A6 00 97 93 00 3E
00 72 2B 65 00 99 62 9C  00 A8 A4 00 34 00 68 3C
76 00 AA 63 9D 00 9E 9A  00 35 00 69 32 6C 00 A0
src regs sR: { 01 01 07 1A }
dst regs dR: { 03 0C }
IS: 3 IP: 13

[balance] Running test 3/5...

 === machine state === 
mem M:
01 02 04 08 10 20 40 80  00 00 00 00 00 00 00 00
00 00 00 00 00 00 00 00  00 00 00 00 00 00 00 00
00 00 00 00 00 00 00 00  00 00 00 00 00 00 00 00
00 00 00 00 00 00 00 00  00 00 00 00 00 00 00 00
00 00 00 00 00 00 00 00  00 00 00 00 00 00 00 00
00 00 00 00 00 00 00 00  00 00 00 00 00 00 00 00
00 00 00 00 00 00 00 00  00 00 00 00 00 00 00 00
00 00 00 00 00 00 00 00  00 00 00 00 00 00 00 00
00 00 00 00 00 00 00 00  00 00 00 00 00 00 00 00
00 00 00 00 00 00 00 00  00 00 00 00 00 00 00 00
00 00 00 00 00 00 00 00  00 00 00 00 00 00 00 00
00 00 00 00 00 00 00 00  00 00 00 00 00 00 00 00
00 00 00 00 00 00 00 00  00 00 00 00 00 00 00 00
00 00 00 00 00 00 00 00  00 00 00 00 00 00 00 00
00 00 00 00 00 00 00 00  00 00 00 00 00 00 00 00
00 00 00 00 00 00 00 00  00 00 00 00 00 00 00 00
src regs sR: { E2 00 01 02 }
dst regs dR: { 03 04 }
IS: 1 IP: 0
.Your code halted, but didn't solve puzzle copyreg.
Try again to balance the score
 === machine state === 
mem M:
01 0C 0B 00 38 20 42 80  7A 00 84 00 EB 12 00 1C
00 39 00 43 00 70 00 7A  00 6F 08 00 12 00 4A 00
54 00 71 00 7B 00 80 09  00 13 00 40 00 4A 00 82
00 8C 00 76 1A 00 24 00  41 00 4B 00 78 00 82 00
77 10 00 1A 00 52 00 5C  00 79 00 83 00 88 11 00
1B 00 48 00 52 00 8A 00  94 00 7E 22 00 2C 00 49
00 53 00 80 00 8A 00 7F  18 00 22 00 5A 00 64 00
81 00 8B 00 90 19 00 23  00 50 00 5A 00 92 00 9C
00 86 2A 00 34 00 51 00  5B 00 88 00 92 00 87 20
00 2A 00 62 00 6C 00 89  00 93 00 98 21 00 2B 00
58 00 62 00 9A 00 A4 00  8E 32 00 3C 00 59 00 63
00 90 00 9A 00 8F 28 00  32 00 6A 00 74 00 91 00
9B 00 A0 29 00 33 00 60  00 6A 00 A2 00 AC 00 96
3A 00 44 00 61 00 6B 00  98 00 AC 03 97 30 00 3A
00 72 00 7C 00 99 00 9C  14 A8 31 00 3B 00 68 00
72 00 AA 00 9D 0A 9E 42  00 4C 00 69 00 73 00 A0
src regs sR: { 01 01 07 D6 }
dst regs dR: { 03 0C }
IS: 3 IP: 13
% 
[balance] Running test 1/5...

 === machine state === 
mem M:
01 02 04 08 10 20 40 80  00 00 00 00 00 00 00 00
00 00 00 00 00 00 00 00  00 00 00 00 00 00 00 00
00 00 00 00 00 00 00 00  00 00 00 00 00 00 00 00
00 00 00 00 00 00 00 00  00 00 00 00 00 00 00 00
00 00 00 00 00 00 00 00  00 00 00 00 00 00 00 00
00 00 00 00 00 00 00 00  00 00 00 00 00 00 00 00
00 00 00 00 00 00 00 00  00 00 00 00 00 00 00 00
00 00 00 00 00 00 00 00  00 00 00 00 00 00 00 00
00 00 00 00 00 00 00 00  00 00 00 00 00 00 00 00
00 00 00 00 00 00 00 00  00 00 00 00 00 00 00 00
00 00 00 00 00 00 00 00  00 00 00 00 00 00 00 00
00 00 00 00 00 00 00 00  00 00 00 00 00 00 00 00
00 00 00 00 00 00 00 00  00 00 00 00 00 00 00 00
00 00 00 00 00 00 00 00  00 00 00 00 00 00 00 00
00 00 00 00 00 00 00 00  00 00 00 00 00 00 00 00
00 00 00 00 00 00 00 00  00 00 00 00 00 00 00 00
src regs sR: { D2 00 01 02 }
dst regs dR: { 03 04 }
IS: 1 IP: 0
 === machine state === 
mem M:
01 02 04 00 38 20 46 80  37 00 00 00 12 12 00 05
00 39 00 3C 00 48 00 00  00 13 08 00 16 00 4A 00
3D 00 3E 00 00 00 24 09  00 0C 00 40 00 4E 00 3F
00 00 00 1A 1A 00 0D 00  41 00 44 00 50 00 00 00
1B 10 00 1E 00 52 00 D2  00 46 00 00 00 2C 11 00
14 00 20 00 00 00 00 00  00 00 22 22 00 15 00 16
00 00 00 00 00 00 00 23  18 00 26 00 17 00 00 00
00 00 00 00 34 19 00 1C  00 28 00 00 00 00 00 00
00 2A 2A 00 1D 00 1E 00  00 00 00 00 00 00 2B 20
00 2E 00 1F 00 00 00 00  00 00 00 3C 21 00 24 00
30 00 00 00 00 00 00 00  32 32 00 25 00 26 00 00
00 00 00 00 00 33 28 00  36 00 27 00 00 00 00 00
00 00 44 29 00 2C 00 38  00 00 00 03 00 00 00 3A
3A 00 2D 00 2E 00 00 00  14 00 00 00 3B 30 00 3E
00 2F 00 00 00 0A 00 00  00 4C 31 00 34 00 40 00
00 00 0B 00 00 00 42 42  00 35 00 36 00 00 00 1C
src regs sR: { 01 45 07 45 }
dst regs dR: { 03 47 }
IS: 3 IP: 13

[balance] Running test 2/5...

 === machine state === 
mem M:
01 02 04 08 10 20 40 80  00 00 00 00 00 00 00 00
00 00 00 00 00 00 00 00  00 00 00 00 00 00 00 00
00 00 00 00 00 00 00 00  00 00 00 00 00 00 00 00
00 00 00 00 00 00 00 00  00 00 00 00 00 00 00 00
00 00 00 00 00 00 00 00  00 00 00 00 00 00 00 00
00 00 00 00 00 00 00 00  00 00 00 00 00 00 00 00
00 00 00 00 00 00 00 00  00 00 00 00 00 00 00 00
00 00 00 00 00 00 00 00  00 00 00 00 00 00 00 00
00 00 00 00 00 00 00 00  00 00 00 00 00 00 00 00
00 00 00 00 00 00 00 00  00 00 00 00 00 00 00 00
00 00 00 00 00 00 00 00  00 00 00 00 00 00 00 00
00 00 00 00 00 00 00 00  00 00 00 00 00 00 00 00
00 00 00 00 00 00 00 00  00 00 00 00 00 00 00 00
00 00 00 00 00 00 00 00  00 00 00 00 00 00 00 00
00 00 00 00 00 00 00 00  00 00 00 00 00 00 00 00
00 00 00 00 00 00 00 00  00 00 00 00 00 00 00 00
src regs sR: { 0D 00 01 02 }
dst regs dR: { 03 04 }
IS: 1 IP: 0
. === machine state === 
mem M:
01 0C 04 00 38 EA 46 80  D5 00 BA 00 8C 12 32 05
00 39 00 3C 00 26 00 8F  00 17 08 83 16 00 4A 00
3D 00 74 00 E0 00 EC 09  D1 0C 00 40 00 4E 00 49
00 2E 00 3D 1A A6 0D 00  41 00 44 00 9A 00 03 00
8B 10 F7 1E 00 52 00 45  00 E8 00 54 00 60 11 45
14 00 48 00 56 00 BD 00  A2 00 B1 22 1A 15 00 49
00 4C 00 0E 00 77 00 FF  18 6B 26 00 5A 00 4D 00
5C 00 C8 00 D4 19 B9 1C  00 50 00 5E 00 31 00 16
00 25 2A 8E 1D 00 51 00  54 00 82 00 EB 00 73 20
DF 2E 00 62 00 55 00 D0  00 3C 00 48 21 2D 24 00
58 00 66 00 A5 00 8A 00  99 32 02 25 00 59 00 5C
00 F6 00 5F 00 E7 28 53  36 00 6A 00 5D 00 44 00
B0 00 BC 29 A1 2C 00 60  00 6E 00 19 00 FE 00 0D
3A 76 2D 00 61 00 64 00  6A 00 D3 00 5B 30 C7 3E
00 72 00 65 00 B8 00 24  00 30 31 15 34 00 68 00
76 00 8D 00 72 00 81 42  EA 35 00 69 00 6C 00 DE
src regs sR: { 01 01 07 01 }
dst regs dR: { 03 0C }
IS: 3 IP: 13

[balance] Running test 3/5...

 === machine state === 
mem M:
01 02 04 08 10 20 40 80  00 00 00 00 00 00 00 00
00 00 00 00 00 00 00 00  00 00 00 00 00 00 00 00
00 00 00 00 00 00 00 00  00 00 00 00 00 00 00 00
00 00 00 00 00 00 00 00  00 00 00 00 00 00 00 00
00 00 00 00 00 00 00 00  00 00 00 00 00 00 00 00
00 00 00 00 00 00 00 00  00 00 00 00 00 00 00 00
00 00 00 00 00 00 00 00  00 00 00 00 00 00 00 00
00 00 00 00 00 00 00 00  00 00 00 00 00 00 00 00
00 00 00 00 00 00 00 00  00 00 00 00 00 00 00 00
00 00 00 00 00 00 00 00  00 00 00 00 00 00 00 00
00 00 00 00 00 00 00 00  00 00 00 00 00 00 00 00
00 00 00 00 00 00 00 00  00 00 00 00 00 00 00 00
00 00 00 00 00 00 00 00  00 00 00 00 00 00 00 00
00 00 00 00 00 00 00 00  00 00 00 00 00 00 00 00
00 00 00 00 00 00 00 00  00 00 00 00 00 00 00 00
00 00 00 00 00 00 00 00  00 00 00 00 00 00 00 00
src regs sR: { 20 00 01 02 }
dst regs dR: { 03 04 }
IS: 1 IP: 0
 === machine state === 
mem M:
01 02 04 00 10 20 40 80  00 00 00 00 00 12 00 05
00 06 00 00 00 00 00 00  00 03 08 00 16 00 07 00
00 00 00 00 00 00 14 09  00 0C 00 18 00 00 00 00
00 00 00 0A 1A 00 0D 00  0E 00 00 00 00 00 00 00
0B 10 00 1E 00 0F 00 00  00 00 00 00 00 1C 11 00
14 00 20 00 00 00 00 00  00 00 12 22 00 15 00 16
00 00 00 00 00 00 00 13  18 00 26 00 17 00 00 00
00 00 00 00 24 19 00 1C  00 28 00 00 00 00 00 00
00 1A 2A 00 1D 00 1E 00  00 00 00 00 00 00 1B 20
00 2E 00 1F 00 00 00 00  00 00 00 2C 21 00 24 00
30 00 00 00 00 00 00 00  22 32 00 25 00 26 00 00
00 00 00 00 00 23 28 00  36 00 27 00 00 00 00 00
00 00 34 29 00 2C 00 38  00 00 00 00 00 00 00 2A
3A 00 2D 00 2E 00 00 00  00 00 00 00 2B 30 00 3E
00 2F 00 00 00 00 00 00  00 3C 31 00 34 00 40 00
00 00 00 00 00 00 32 42  00 C2 00 36 00 00 00 00
src regs sR: { 01 F7 07 F7 }
dst regs dR: { 03 F9 }
IS: 3 IP: 13

[balance] Running test 4/5...

 === machine state === 
mem M:
01 02 04 08 10 20 40 80  00 00 00 00 00 00 00 00
00 00 00 00 00 00 00 00  00 00 00 00 00 00 00 00
00 00 00 00 00 00 00 00  00 00 00 00 00 00 00 00
00 00 00 00 00 00 00 00  00 00 00 00 00 00 00 00
00 00 00 00 00 00 00 00  00 00 00 00 00 00 00 00
00 00 00 00 00 00 00 00  00 00 00 00 00 00 00 00
00 00 00 00 00 00 00 00  00 00 00 00 00 00 00 00
00 00 00 00 00 00 00 00  00 00 00 00 00 00 00 00
00 00 00 00 00 00 00 00  00 00 00 00 00 00 00 00
00 00 00 00 00 00 00 00  00 00 00 00 00 00 00 00
00 00 00 00 00 00 00 00  00 00 00 00 00 00 00 00
00 00 00 00 00 00 00 00  00 00 00 00 00 00 00 00
00 00 00 00 00 00 00 00  00 00 00 00 00 00 00 00
00 00 00 00 00 00 00 00  00 00 00 00 00 00 00 00
00 00 00 00 00 00 00 00  00 00 00 00 00 00 00 00
00 00 00 00 00 00 00 00  00 00 00 00 00 00 00 00
src regs sR: { FF 00 01 02 }
dst regs dR: { 03 04 }
IS: 1 IP: 0
.Your code halted, but didn't solve puzzle copyreg.
Try again to balance the score
 === machine state === 
mem M:
7C 0C 04 00 38 14 46 80  7A 3B 6D 00 EB 72 00 05
00 39 0A 3C 00 70 4C 7E  00 6F 73 00 16 00 4A 0B
3D 00 71 42 74 00 80 84  00 0C 00 40 1C 4E 00 82
43 75 00 76 7A 00 0D 00  41 12 44 00 78 54 86 00
77 7B 00 1E 00 52 13 45  00 79 4A 7C 00 88 8C 00
14 00 48 24 56 00 8A 4B  7D 00 7E 82 00 15 00 49
1A 4C 00 80 5C 8E 00 7F  83 00 26 00 5A 1B 4D 00
81 52 84 00 90 94 00 1C  00 50 2C 5E 00 92 53 85
00 86 8A 00 1D 00 51 22  54 00 88 64 96 00 87 8B
00 2E 00 62 23 55 00 89  5A 8C 00 98 9C 00 24 00
58 34 66 00 9A 5B 8D 00  8E 92 00 25 00 59 2A 5C
00 90 6C 9E 00 8F 93 00  36 00 6A 2B 5D 00 91 62
94 00 A0 A4 00 2C 00 60  3C 6E 00 A2 63 95 00 96
9A 00 2D 00 61 32 64 00  98 74 A6 00 97 9B 00 3E
00 72 33 65 00 99 6A 9C  00 A8 AC 00 34 00 68 44
76 00 AA 6B 9D 00 9E AC  03 35 00 69 3A 6C 00 A0
src regs sR: { 01 01 07 F3 }
dst regs dR: { 03 0C }
IS: 3 IP: 13
% 
[balance] Running test 1/5...

 === machine state === 
mem M:
01 02 04 08 10 20 40 80  00 00 00 00 00 00 00 00
00 00 00 00 00 00 00 00  00 00 00 00 00 00 00 00
00 00 00 00 00 00 00 00  00 00 00 00 00 00 00 00
00 00 00 00 00 00 00 00  00 00 00 00 00 00 00 00
00 00 00 00 00 00 00 00  00 00 00 00 00 00 00 00
00 00 00 00 00 00 00 00  00 00 00 00 00 00 00 00
00 00 00 00 00 00 00 00  00 00 00 00 00 00 00 00
00 00 00 00 00 00 00 00  00 00 00 00 00 00 00 00
00 00 00 00 00 00 00 00  00 00 00 00 00 00 00 00
00 00 00 00 00 00 00 00  00 00 00 00 00 00 00 00
00 00 00 00 00 00 00 00  00 00 00 00 00 00 00 00
00 00 00 00 00 00 00 00  00 00 00 00 00 00 00 00
00 00 00 00 00 00 00 00  00 00 00 00 00 00 00 00
00 00 00 00 00 00 00 00  00 00 00 00 00 00 00 00
00 00 00 00 00 00 00 00  00 00 00 00 00 00 00 00
00 00 00 00 00 00 00 00  00 00 00 00 00 00 00 00
src regs sR: { 97 00 01 02 }
dst regs dR: { 03 04 }
IS: 1 IP: 0
. === machine state === 
mem M:
83 0C 04 00 38 1B 46 80  7A 52 6D 00 EB 94 00 05
00 39 2C 3C 00 70 53 7E  00 6F 8A 00 16 00 4A 22
3D 00 71 64 74 00 80 8B  00 0C 00 40 23 4E 00 82
5A 75 00 76 9C 00 0D 00  41 34 44 00 78 5B 86 00
77 92 00 1E 00 52 2A 45  00 79 6C 7C 00 88 93 00
14 00 48 2B 56 00 8A 62  7D 00 7E A4 00 15 00 49
3C 4C 00 80 63 8E 00 7F  9A 00 26 00 5A 32 4D 00
81 74 84 00 90 9B 00 1C  00 50 33 5E 00 92 6A 85
00 86 AC 00 1D 00 51 44  54 00 88 6B 96 00 87 AC
03 2E 00 62 3A 55 00 89  7C 8C 00 98 21 14 24 00
58 3B 66 00 9A 72 8D 00  8E 32 0A 25 00 59 4C 5C
00 90 73 9E 00 8F 28 0B  36 00 6A 42 5D 00 91 84
94 00 A0 29 1C 2C 00 60  43 6E 00 A2 7A 95 00 96
3A 12 2D 00 61 54 64 00  98 7B A6 00 97 30 13 3E
00 72 4A 65 00 99 8C 9C  00 A8 31 24 34 00 68 4B
76 00 AA 82 9D 00 9E 42  1A 35 00 69 5C 6C 00 A0
src regs sR: { 01 01 07 8B }
dst regs dR: { 03 0C }
IS: 3 IP: 13

[balance] Running test 2/5...

 === machine state === 
mem M:
01 02 04 08 10 20 40 80  00 00 00 00 00 00 00 00
00 00 00 00 00 00 00 00  00 00 00 00 00 00 00 00
00 00 00 00 00 00 00 00  00 00 00 00 00 00 00 00
00 00 00 00 00 00 00 00  00 00 00 00 00 00 00 00
00 00 00 00 00 00 00 00  00 00 00 00 00 00 00 00
00 00 00 00 00 00 00 00  00 00 00 00 00 00 00 00
00 00 00 00 00 00 00 00  00 00 00 00 00 00 00 00
00 00 00 00 00 00 00 00  00 00 00 00 00 00 00 00
00 00 00 00 00 00 00 00  00 00 00 00 00 00 00 00
00 00 00 00 00 00 00 00  00 00 00 00 00 00 00 00
00 00 00 00 00 00 00 00  00 00 00 00 00 00 00 00
00 00 00 00 00 00 00 00  00 00 00 00 00 00 00 00
00 00 00 00 00 00 00 00  00 00 00 00 00 00 00 00
00 00 00 00 00 00 00 00  00 00 00 00 00 00 00 00
00 00 00 00 00 00 00 00  00 00 00 00 00 00 00 00
00 00 00 00 00 00 00 00  00 00 00 00 00 00 00 00
src regs sR: { 9D 00 01 02 }
dst regs dR: { 03 04 }
IS: 1 IP: 0
. === machine state === 
mem M:
01 0C 5C 00 38 20 83 80  7A 00 6D 1B EB 12 00 52
00 39 00 94 00 70 00 7E  2C 6F 08 00 53 00 4A 00
8A 00 71 00 74 22 80 09  00 64 00 40 00 8B 00 82
00 75 23 76 1A 00 5A 00  41 00 9C 00 78 00 86 34
77 10 00 5B 00 52 00 92  00 79 00 7C 2A 88 11 00
6C 00 48 00 93 00 8A 00  7D 2B 7E 22 00 62 00 49
00 A4 00 80 00 8E 3C 7F  18 00 63 00 5A 00 9A 00
81 00 84 32 90 19 00 74  00 50 00 9B 00 92 00 85
33 86 2A 00 6A 00 51 00  AC 00 88 00 96 44 87 20
00 6B 00 62 00 AC 03 89  00 8C 3A 98 21 00 7C 00
58 00 66 14 9A 00 8D 3B  8E 32 00 72 00 59 00 5C
0A 90 00 9E 4C 8F 28 00  73 00 6A 00 5D 0B 91 00
94 42 A0 29 00 84 00 60  00 6E 1C A2 00 95 43 96
3A 00 7A 00 61 00 64 12  98 00 A6 54 97 30 00 7B
00 72 00 65 13 99 00 9C  4A A8 31 00 8C 00 68 00
76 24 AA 00 9D 4B 9E 42  00 82 00 69 00 6C 1A A0
src regs sR: { 01 01 07 91 }
dst regs dR: { 03 0C }
IS: 3 IP: 13

[balance] Running test 3/5...

 === machine state === 
mem M:
01 02 04 08 10 20 40 80  00 00 00 00 00 00 00 00
00 00 00 00 00 00 00 00  00 00 00 00 00 00 00 00
00 00 00 00 00 00 00 00  00 00 00 00 00 00 00 00
00 00 00 00 00 00 00 00  00 00 00 00 00 00 00 00
00 00 00 00 00 00 00 00  00 00 00 00 00 00 00 00
00 00 00 00 00 00 00 00  00 00 00 00 00 00 00 00
00 00 00 00 00 00 00 00  00 00 00 00 00 00 00 00
00 00 00 00 00 00 00 00  00 00 00 00 00 00 00 00
00 00 00 00 00 00 00 00  00 00 00 00 00 00 00 00
00 00 00 00 00 00 00 00  00 00 00 00 00 00 00 00
00 00 00 00 00 00 00 00  00 00 00 00 00 00 00 00
00 00 00 00 00 00 00 00  00 00 00 00 00 00 00 00
00 00 00 00 00 00 00 00  00 00 00 00 00 00 00 00
00 00 00 00 00 00 00 00  00 00 00 00 00 00 00 00
00 00 00 00 00 00 00 00  00 00 00 00 00 00 00 00
00 00 00 00 00 00 00 00  00 00 00 00 00 00 00 00
src regs sR: { 3B 00 01 02 }
dst regs dR: { 03 04 }
IS: 1 IP: 0
.Your code halted, but didn't solve puzzle copyreg.
Try again to balance the score
 === machine state === 
mem M:
01 0C 04 00 38 20 46 80  7A 00 6D 00 02 12 00 05
00 39 00 3C 00 70 00 7E  00 9B 08 00 16 00 4A 00
3D 00 71 00 74 00 AC 09  00 0C 00 40 00 4E 00 82
00 75 00 AC 1A 00 0D 00  41 00 44 00 78 00 86 00
77 10 00 1E 00 52 00 45  00 79 00 7C 00 88 11 00
14 00 48 00 56 00 8A 00  7D 00 7E 22 00 15 00 49
00 4C 00 80 00 8E 00 7F  18 00 26 00 5A 00 4D 00
81 00 84 00 90 19 00 1C  00 50 00 5E 00 92 00 85
00 86 2A 00 1D 00 51 00  54 00 88 00 96 00 87 20
00 2E 00 62 00 55 00 89  00 8C 00 98 21 00 24 00
58 00 66 00 9A 00 8D 00  8E 32 00 25 00 59 00 5C
00 90 00 9E 00 8F 28 00  36 00 6A 00 5D 00 91 00
94 00 A0 29 00 2C 00 60  00 6E 00 A2 00 95 00 96
3A 00 2D 00 61 00 64 00  98 00 A6 00 97 30 00 3E
00 72 00 65 00 99 00 9C  00 A8 31 00 34 00 68 00
76 00 AA 00 9D 00 9E 42  00 35 00 69 00 6C 00 A0
src regs sR: { 01 01 07 2F }
dst regs dR: { 03 0C }
IS: 3 IP: 13
% 
[balance] Running test 1/5...

 === machine state === 
mem M:
01 02 04 08 10 20 40 80  00 00 00 00 00 00 00 00
00 00 00 00 00 00 00 00  00 00 00 00 00 00 00 00
00 00 00 00 00 00 00 00  00 00 00 00 00 00 00 00
00 00 00 00 00 00 00 00  00 00 00 00 00 00 00 00
00 00 00 00 00 00 00 00  00 00 00 00 00 00 00 00
00 00 00 00 00 00 00 00  00 00 00 00 00 00 00 00
00 00 00 00 00 00 00 00  00 00 00 00 00 00 00 00
00 00 00 00 00 00 00 00  00 00 00 00 00 00 00 00
00 00 00 00 00 00 00 00  00 00 00 00 00 00 00 00
00 00 00 00 00 00 00 00  00 00 00 00 00 00 00 00
00 00 00 00 00 00 00 00  00 00 00 00 00 00 00 00
00 00 00 00 00 00 00 00  00 00 00 00 00 00 00 00
00 00 00 00 00 00 00 00  00 00 00 00 00 00 00 00
00 00 00 00 00 00 00 00  00 00 00 00 00 00 00 00
00 00 00 00 00 00 00 00  00 00 00 00 00 00 00 00
00 00 00 00 00 00 00 00  00 00 00 00 00 00 00 00
src regs sR: { 81 00 01 02 }
dst regs dR: { 03 04 }
IS: 1 IP: 0
. === machine state === 
mem M:
53 0C 04 00 8A 20 46 80  7A 22 6D 00 EB 64 00 05
00 8B 00 3C 00 70 23 7E  00 6F 5A 00 16 00 9C 00
3D 00 71 34 74 00 80 5B  00 0C 00 92 00 4E 00 82
2A 75 00 76 6C 00 0D 00  93 00 44 00 78 2B 86 00
77 62 00 1E 00 A4 00 45  00 79 3C 7C 00 88 63 00
14 00 9A 00 56 00 8A 32  7D 00 7E 74 00 15 00 9B
00 4C 00 80 33 8E 00 7F  6A 00 26 00 AC 00 4D 00
81 44 84 00 90 6B 00 1C  00 AC 03 5E 00 92 3A 85
00 86 7C 00 1D 00 51 14  54 00 88 3B 96 00 87 72
00 2E 00 62 0A 55 00 89  4C 8C 00 98 73 00 24 00
58 0B 66 00 9A 42 8D 00  8E 84 00 25 00 59 1C 5C
00 90 43 9E 00 8F 7A 00  36 00 6A 12 5D 00 91 54
94 00 A0 7B 00 2C 00 60  13 6E 00 A2 4A 95 00 96
8C 00 2D 00 61 24 64 00  98 4B A6 00 97 82 00 3E
00 72 1A 65 00 99 5C 9C  00 A8 83 00 34 00 68 1B
76 00 AA 52 9D 00 9E 94  00 35 00 69 2C 6C 00 A0
src regs sR: { 01 01 07 75 }
dst regs dR: { 03 0C }
IS: 3 IP: 13

[balance] Running test 2/5...

 === machine state === 
mem M:
01 02 04 08 10 20 40 80  00 00 00 00 00 00 00 00
00 00 00 00 00 00 00 00  00 00 00 00 00 00 00 00
00 00 00 00 00 00 00 00  00 00 00 00 00 00 00 00
00 00 00 00 00 00 00 00  00 00 00 00 00 00 00 00
00 00 00 00 00 00 00 00  00 00 00 00 00 00 00 00
00 00 00 00 00 00 00 00  00 00 00 00 00 00 00 00
00 00 00 00 00 00 00 00  00 00 00 00 00 00 00 00
00 00 00 00 00 00 00 00  00 00 00 00 00 00 00 00
00 00 00 00 00 00 00 00  00 00 00 00 00 00 00 00
00 00 00 00 00 00 00 00  00 00 00 00 00 00 00 00
00 00 00 00 00 00 00 00  00 00 00 00 00 00 00 00
00 00 00 00 00 00 00 00  00 00 00 00 00 00 00 00
00 00 00 00 00 00 00 00  00 00 00 00 00 00 00 00
00 00 00 00 00 00 00 00  00 00 00 00 00 00 00 00
00 00 00 00 00 00 00 00  00 00 00 00 00 00 00 00
00 00 00 00 00 00 00 00  00 00 00 00 00 00 00 00
src regs sR: { 9E 00 01 02 }
dst regs dR: { 03 04 }
IS: 1 IP: 0
Your code halted, but didn't solve puzzle copyreg.
Try again to balance the score
 === machine state === 
mem M:
01 02 04 00 38 20 46 80  37 00 00 00 1B 12 00 05
00 39 00 3C 00 48 00 00  00 2C 08 00 16 00 4A 00
3D 00 3E 00 00 00 22 09  00 0C 00 40 00 4E 00 3F
00 00 00 23 1A 00 0D 00  41 00 44 00 50 00 00 00
34 10 00 1E 00 52 00 45  00 46 00 00 00 2A 11 00
14 00 48 00 56 00 47 00  00 00 2B 22 00 15 00 49
00 4C 00 58 00 00 00 3C  18 00 26 00 5A 00 4D 00
4E 00 00 00 32 19 00 1C  00 50 00 D0 00 4F 00 00
00 33 2A 00 1D 00 1E 00  00 00 00 00 00 00 44 20
00 2E 00 1F 00 00 00 03  00 00 00 3A 21 00 24 00
30 00 00 00 14 00 00 00  3B 32 00 25 00 26 00 00
00 0A 00 00 00 4C 28 00  36 00 27 00 00 00 0B 00
00 00 42 29 00 2C 00 38  00 00 00 1C 00 00 00 43
3A 00 2D 00 2E 00 00 00  12 00 00 00 54 30 00 3E
00 2F 00 00 00 13 00 00  00 4A 31 00 34 00 40 00
00 00 24 00 00 00 4B 42  00 35 00 36 00 00 00 1A
src regs sR: { 01 79 07 79 }
dst regs dR: { 03 7B }
IS: 3 IP: 13
% 
[balance] Running test 1/5...

 === machine state === 
mem M:
01 02 04 08 10 20 40 80  00 00 00 00 00 00 00 00
00 00 00 00 00 00 00 00  00 00 00 00 00 00 00 00
00 00 00 00 00 00 00 00  00 00 00 00 00 00 00 00
00 00 00 00 00 00 00 00  00 00 00 00 00 00 00 00
00 00 00 00 00 00 00 00  00 00 00 00 00 00 00 00
00 00 00 00 00 00 00 00  00 00 00 00 00 00 00 00
00 00 00 00 00 00 00 00  00 00 00 00 00 00 00 00
00 00 00 00 00 00 00 00  00 00 00 00 00 00 00 00
00 00 00 00 00 00 00 00  00 00 00 00 00 00 00 00
00 00 00 00 00 00 00 00  00 00 00 00 00 00 00 00
00 00 00 00 00 00 00 00  00 00 00 00 00 00 00 00
00 00 00 00 00 00 00 00  00 00 00 00 00 00 00 00
00 00 00 00 00 00 00 00  00 00 00 00 00 00 00 00
00 00 00 00 00 00 00 00  00 00 00 00 00 00 00 00
00 00 00 00 00 00 00 00  00 00 00 00 00 00 00 00
00 00 00 00 00 00 00 00  00 00 00 00 00 00 00 00
src regs sR: { 76 00 01 02 }
dst regs dR: { 03 04 }
IS: 1 IP: 0
. === machine state === 
mem M:
01 0C 64 00 38 20 8B 80  7A 00 6D 23 EB 12 00 5A
00 39 00 9C 00 70 00 7E  34 6F 08 00 5B 00 4A 00
92 00 71 00 74 2A 80 09  00 6C 00 40 00 93 00 82
00 75 2B 76 1A 00 62 00  41 00 A4 00 78 00 86 3C
77 10 00 63 00 52 00 9A  00 79 00 7C 32 88 11 00
74 00 48 00 9B 00 8A 00  7D 33 7E 22 00 6A 00 49
00 AC 00 80 00 8E 44 7F  18 00 6B 00 5A 00 AC 03
81 00 84 3A 90 19 00 7C  00 50 00 5E 14 92 00 85
3B 86 2A 00 72 00 51 00  54 0A 88 00 96 4C 87 20
00 73 00 62 00 55 0B 89  00 8C 42 98 21 00 84 00
58 00 66 1C 9A 00 8D 43  8E 32 00 7A 00 59 00 5C
12 90 00 9E 54 8F 28 00  7B 00 6A 00 5D 13 91 00
94 4A A0 29 00 8C 00 60  00 6E 24 A2 00 95 4B 96
3A 00 82 00 61 00 64 1A  98 00 A6 5C 97 30 00 83
00 72 00 65 1B 99 00 9C  52 A8 31 00 94 00 68 00
76 2C AA 00 9D 53 9E 42  00 8A 00 69 00 6C 22 A0
src regs sR: { 01 01 07 6A }
dst regs dR: { 03 0C }
IS: 3 IP: 13

[balance] Running test 2/5...

 === machine state === 
mem M:
01 02 04 08 10 20 40 80  00 00 00 00 00 00 00 00
00 00 00 00 00 00 00 00  00 00 00 00 00 00 00 00
00 00 00 00 00 00 00 00  00 00 00 00 00 00 00 00
00 00 00 00 00 00 00 00  00 00 00 00 00 00 00 00
00 00 00 00 00 00 00 00  00 00 00 00 00 00 00 00
00 00 00 00 00 00 00 00  00 00 00 00 00 00 00 00
00 00 00 00 00 00 00 00  00 00 00 00 00 00 00 00
00 00 00 00 00 00 00 00  00 00 00 00 00 00 00 00
00 00 00 00 00 00 00 00  00 00 00 00 00 00 00 00
00 00 00 00 00 00 00 00  00 00 00 00 00 00 00 00
00 00 00 00 00 00 00 00  00 00 00 00 00 00 00 00
00 00 00 00 00 00 00 00  00 00 00 00 00 00 00 00
00 00 00 00 00 00 00 00  00 00 00 00 00 00 00 00
00 00 00 00 00 00 00 00  00 00 00 00 00 00 00 00
00 00 00 00 00 00 00 00  00 00 00 00 00 00 00 00
00 00 00 00 00 00 00 00  00 00 00 00 00 00 00 00
src regs sR: { BC 00 01 02 }
dst regs dR: { 03 04 }
IS: 1 IP: 0
Your code halted, but didn't solve puzzle copyreg.
Try again to balance the score
 === machine state === 
mem M:
01 02 04 00 10 20 40 80  00 00 00 00 00 12 00 05
00 06 00 00 00 00 00 00  00 00 08 00 16 00 07 00
00 00 00 00 00 00 00 09  00 0C 00 18 00 00 00 00
00 00 00 00 1A 00 0D 00  0E 00 00 00 00 00 00 00
00 10 00 1E 00 0F 00 00  00 00 00 00 00 00 11 00
14 00 20 00 00 00 00 00  00 00 00 22 00 A2 00 16
00 00 00 00 00 00 00 00  00 00 00 00 00 00 00 00
00 00 00 00 00 00 00 00  00 00 00 00 00 00 00 00
00 00 00 00 00 00 00 00  00 00 00 00 00 00 00 00
00 00 00 00 00 00 00 00  00 00 00 00 00 00 00 00
00 00 00 00 00 00 00 00  00 00 00 00 00 00 00 00
00 00 00 00 00 03 00 00  00 00 00 00 00 00 00 00
00 00 14 00 00 00 00 00  00 00 00 00 00 00 00 0A
00 00 00 00 00 00 00 00  00 00 00 00 0B 00 00 00
00 00 00 00 00 00 00 00  00 1C 00 00 00 00 00 00
00 00 00 00 00 00 12 00  00 00 00 00 00 00 00 00
src regs sR: { 01 5B 07 5B }
dst regs dR: { 03 5D }
IS: 3 IP: 13
% 
[balance] Running test 1/5...

 === machine state === 
mem M:
01 02 04 08 10 20 40 80  00 00 00 00 00 00 00 00
00 00 00 00 00 00 00 00  00 00 00 00 00 00 00 00
00 00 00 00 00 00 00 00  00 00 00 00 00 00 00 00
00 00 00 00 00 00 00 00  00 00 00 00 00 00 00 00
00 00 00 00 00 00 00 00  00 00 00 00 00 00 00 00
00 00 00 00 00 00 00 00  00 00 00 00 00 00 00 00
00 00 00 00 00 00 00 00  00 00 00 00 00 00 00 00
00 00 00 00 00 00 00 00  00 00 00 00 00 00 00 00
00 00 00 00 00 00 00 00  00 00 00 00 00 00 00 00
00 00 00 00 00 00 00 00  00 00 00 00 00 00 00 00
00 00 00 00 00 00 00 00  00 00 00 00 00 00 00 00
00 00 00 00 00 00 00 00  00 00 00 00 00 00 00 00
00 00 00 00 00 00 00 00  00 00 00 00 00 00 00 00
00 00 00 00 00 00 00 00  00 00 00 00 00 00 00 00
00 00 00 00 00 00 00 00  00 00 00 00 00 00 00 00
00 00 00 00 00 00 00 00  00 00 00 00 00 00 00 00
src regs sR: { 70 00 01 02 }
dst regs dR: { 03 04 }
IS: 1 IP: 0
. === machine state === 
mem M:
8B 0C 04 00 38 23 46 80  7A 5A 6D 00 EB 9C 00 05
00 39 34 3C 00 70 5B 7E  00 6F 92 00 16 00 4A 2A
3D 00 71 6C 74 00 80 93  00 0C 00 40 2B 4E 00 82
62 75 00 76 A4 00 0D 00  41 3C 44 00 78 63 86 00
77 9A 00 1E 00 52 32 45  00 79 74 7C 00 88 9B 00
14 00 48 33 56 00 8A 6A  7D 00 7E AC 00 15 00 49
44 4C 00 80 6B 8E 00 7F  AC 03 26 00 5A 3A 4D 00
81 7C 84 00 90 19 14 1C  00 50 3B 5E 00 92 72 85
00 86 2A 0A 1D 00 51 4C  54 00 88 73 96 00 87 20
0B 2E 00 62 42 55 00 89  84 8C 00 98 21 1C 24 00
58 43 66 00 9A 7A 8D 00  8E 32 12 25 00 59 54 5C
00 90 7B 9E 00 8F 28 13  36 00 6A 4A 5D 00 91 8C
94 00 A0 29 24 2C 00 60  4B 6E 00 A2 82 95 00 96
3A 1A 2D 00 61 5C 64 00  98 83 A6 00 97 30 1B 3E
00 72 52 65 00 99 94 9C  00 A8 31 2C 34 00 68 53
76 00 AA 8A 9D 00 9E 42  22 35 00 69 64 6C 00 A0
src regs sR: { 01 01 07 64 }
dst regs dR: { 03 0C }
IS: 3 IP: 13

[balance] Running test 2/5...

 === machine state === 
mem M:
01 02 04 08 10 20 40 80  00 00 00 00 00 00 00 00
00 00 00 00 00 00 00 00  00 00 00 00 00 00 00 00
00 00 00 00 00 00 00 00  00 00 00 00 00 00 00 00
00 00 00 00 00 00 00 00  00 00 00 00 00 00 00 00
00 00 00 00 00 00 00 00  00 00 00 00 00 00 00 00
00 00 00 00 00 00 00 00  00 00 00 00 00 00 00 00
00 00 00 00 00 00 00 00  00 00 00 00 00 00 00 00
00 00 00 00 00 00 00 00  00 00 00 00 00 00 00 00
00 00 00 00 00 00 00 00  00 00 00 00 00 00 00 00
00 00 00 00 00 00 00 00  00 00 00 00 00 00 00 00
00 00 00 00 00 00 00 00  00 00 00 00 00 00 00 00
00 00 00 00 00 00 00 00  00 00 00 00 00 00 00 00
00 00 00 00 00 00 00 00  00 00 00 00 00 00 00 00
00 00 00 00 00 00 00 00  00 00 00 00 00 00 00 00
00 00 00 00 00 00 00 00  00 00 00 00 00 00 00 00
00 00 00 00 00 00 00 00  00 00 00 00 00 00 00 00
src regs sR: { EE 00 01 02 }
dst regs dR: { 03 04 }
IS: 1 IP: 0
. === machine state === 
mem M:
01 FF 04 80 28 83 3E 80  94 E1 9C 00 05 12 35 05
00 46 9B 56 00 AC 07 C2  00 B3 08 5B 16 00 6C B9
74 00 CA 1F DA 00 D9 1E  73 2E 00 84 DF 9A 00 F0
3D F8 00 F1 44 91 4C 00  A2 F7 B2 00 08 63 1E 00
0F 5C B7 72 00 C8 15 D0  00 26 7B 36 00 35 7A CF
8A 00 E0 3B F6 00 4C 99  54 00 4D A0 ED A8 00 FE
53 0E 00 64 BF 7A 00 6B  B8 13 CE 00 24 71 2C 00
82 D7 92 00 91 D6 2B E6  00 3C 97 52 00 A8 F5 B0
00 A9 FC 49 04 00 5A AF  6A 00 C0 1B D6 00 C7 14
6F 2A 00 80 CD 88 00 DE  33 EE 00 ED 32 87 42 00
98 F3 AE 00 04 51 0C 00  05 58 A5 60 00 B6 0B C6
00 1C 77 32 00 23 70 CB  86 00 DC 29 E4 00 3A 8F
4A 00 49 8E E3 9E 00 F4  4F 0A 00 60 AD 68 00 61
B4 01 BC 00 12 67 22 00  78 D3 8E 00 7F CC 27 E2
00 38 85 40 00 96 D3 A6  00 A5 EA 3F FA 00 50 AB
66 00 BC 00 C4 00 BD 10  5D 18 00 6E C3 7E 00 D4
src regs sR: { 01 01 07 E2 }
dst regs dR: { 03 0C }
IS: 3 IP: 13

[balance] Running test 3/5...

 === machine state === 
mem M:
01 02 04 08 10 20 40 80  00 00 00 00 00 00 00 00
00 00 00 00 00 00 00 00  00 00 00 00 00 00 00 00
00 00 00 00 00 00 00 00  00 00 00 00 00 00 00 00
00 00 00 00 00 00 00 00  00 00 00 00 00 00 00 00
00 00 00 00 00 00 00 00  00 00 00 00 00 00 00 00
00 00 00 00 00 00 00 00  00 00 00 00 00 00 00 00
00 00 00 00 00 00 00 00  00 00 00 00 00 00 00 00
00 00 00 00 00 00 00 00  00 00 00 00 00 00 00 00
00 00 00 00 00 00 00 00  00 00 00 00 00 00 00 00
00 00 00 00 00 00 00 00  00 00 00 00 00 00 00 00
00 00 00 00 00 00 00 00  00 00 00 00 00 00 00 00
00 00 00 00 00 00 00 00  00 00 00 00 00 00 00 00
00 00 00 00 00 00 00 00  00 00 00 00 00 00 00 00
00 00 00 00 00 00 00 00  00 00 00 00 00 00 00 00
00 00 00 00 00 00 00 00  00 00 00 00 00 00 00 00
00 00 00 00 00 00 00 00  00 00 00 00 00 00 00 00
src regs sR: { E8 00 01 02 }
dst regs dR: { 03 04 }
IS: 1 IP: 0
.Your code halted, but didn't solve puzzle copyreg.
Try again to balance the score
 === machine state === 
mem M:
01 02 04 80 38 20 46 80  7A 00 6D 00 6E 12 00 05
00 39 00 3C 00 70 00 7E  00 6F 08 00 16 00 4A 00
3D 00 71 00 74 00 80 09  00 0C 00 40 00 4E 00 82
00 02 00 76 1A 00 0D 00  41 00 44 00 50 00 00 00
4B 10 00 1E 00 52 00 45  00 46 00 00 00 5C 11 00
14 00 48 00 56 00 47 00  00 00 52 22 00 15 00 49
00 4C 00 58 00 00 00 53  18 00 26 00 5A 00 4D 00
4E 00 00 00 64 19 00 1C  00 50 00 5E 00 4F 00 00
00 5A 2A 00 1D 00 51 00  54 00 60 00 00 00 5B 20
00 2E 00 62 00 55 00 56  00 00 00 6C 21 00 24 00
58 00 66 00 57 00 00 00  62 32 00 25 00 59 00 5C
00 68 00 00 00 63 28 00  36 00 6A 00 5D 00 5E 00
00 00 74 29 00 2C 00 60  00 6E 00 5F 00 00 00 6A
3A 00 2D 00 61 00 64 00  70 00 00 00 6B 30 00 3E
00 72 00 65 00 66 00 00  00 7C 31 00 34 00 68 00
76 00 67 00 00 00 72 42  00 35 00 69 00 6C 00 78
src regs sR: { 01 2F 07 2F }
dst regs dR: { 03 31 }
IS: 3 IP: 13
% 
[balance] Running test 1/5...

 === machine state === 
mem M:
01 02 04 08 10 20 40 80  00 00 00 00 00 00 00 00
00 00 00 00 00 00 00 00  00 00 00 00 00 00 00 00
00 00 00 00 00 00 00 00  00 00 00 00 00 00 00 00
00 00 00 00 00 00 00 00  00 00 00 00 00 00 00 00
00 00 00 00 00 00 00 00  00 00 00 00 00 00 00 00
00 00 00 00 00 00 00 00  00 00 00 00 00 00 00 00
00 00 00 00 00 00 00 00  00 00 00 00 00 00 00 00
00 00 00 00 00 00 00 00  00 00 00 00 00 00 00 00
00 00 00 00 00 00 00 00  00 00 00 00 00 00 00 00
00 00 00 00 00 00 00 00  00 00 00 00 00 00 00 00
00 00 00 00 00 00 00 00  00 00 00 00 00 00 00 00
00 00 00 00 00 00 00 00  00 00 00 00 00 00 00 00
00 00 00 00 00 00 00 00  00 00 00 00 00 00 00 00
00 00 00 00 00 00 00 00  00 00 00 00 00 00 00 00
00 00 00 00 00 00 00 00  00 00 00 00 00 00 00 00
00 00 00 00 00 00 00 00  00 00 00 00 00 00 00 00
src regs sR: { B9 00 01 02 }
dst regs dR: { 03 04 }
IS: 1 IP: 0
.Your code halted, but didn't solve puzzle copyreg.
Try again to balance the score
 === machine state === 
mem M:
13 0C 04 00 4A 20 46 80  8C 00 6D 00 EB 24 00 05
00 4B 00 3C 00 82 00 7E  00 6F 1A 00 16 00 5C 00
3D 00 83 00 74 00 80 1B  00 0C 00 52 00 4E 00 94
00 75 00 76 2C 00 0D 00  53 00 44 00 8A 00 86 00
77 22 00 1E 00 64 00 45  00 8B 00 7C 00 88 23 00
14 00 5A 00 56 00 9C 00  7D 00 7E 34 00 15 00 5B
00 4C 00 92 00 8E 00 7F  2A 00 26 00 6C 00 4D 00
93 00 84 00 90 2B 00 1C  00 62 00 5E 00 A4 00 85
00 86 3C 00 1D 00 63 00  54 00 9A 00 96 00 87 32
00 2E 00 74 00 55 00 9B  00 8C 00 98 33 00 24 00
6A 00 66 00 AC 00 8D 00  8E 44 00 25 00 6B 00 5C
00 AC 03 9E 00 8F 3A 00  36 00 7C 00 5D 00 91 14
94 00 A0 3B 00 2C 00 72  00 6E 00 A2 0A 95 00 96
4C 00 2D 00 73 00 64 00  98 0B A6 00 97 42 00 3E
00 84 00 65 00 99 1C 9C  00 A8 43 00 34 00 7A 00
76 00 AA 12 9D 00 9E 54  00 35 00 7B 00 6C 00 A0
src regs sR: { 01 01 07 AD }
dst regs dR: { 03 0C }
IS: 3 IP: 13
% 
[balance] Running test 1/5...

 === machine state === 
mem M:
01 02 04 08 10 20 40 80  00 00 00 00 00 00 00 00
00 00 00 00 00 00 00 00  00 00 00 00 00 00 00 00
00 00 00 00 00 00 00 00  00 00 00 00 00 00 00 00
00 00 00 00 00 00 00 00  00 00 00 00 00 00 00 00
00 00 00 00 00 00 00 00  00 00 00 00 00 00 00 00
00 00 00 00 00 00 00 00  00 00 00 00 00 00 00 00
00 00 00 00 00 00 00 00  00 00 00 00 00 00 00 00
00 00 00 00 00 00 00 00  00 00 00 00 00 00 00 00
00 00 00 00 00 00 00 00  00 00 00 00 00 00 00 00
00 00 00 00 00 00 00 00  00 00 00 00 00 00 00 00
00 00 00 00 00 00 00 00  00 00 00 00 00 00 00 00
00 00 00 00 00 00 00 00  00 00 00 00 00 00 00 00
00 00 00 00 00 00 00 00  00 00 00 00 00 00 00 00
00 00 00 00 00 00 00 00  00 00 00 00 00 00 00 00
00 00 00 00 00 00 00 00  00 00 00 00 00 00 00 00
00 00 00 00 00 00 00 00  00 00 00 00 00 00 00 00
src regs sR: { 21 00 01 02 }
dst regs dR: { 03 04 }
IS: 1 IP: 0
. === machine state === 
mem M:
01 0C 04 00 38 20 46 80  7A 00 6D 00 F0 12 00 05
00 39 00 3C 00 70 00 7E  00 AC 08 00 16 00 4A 00
3D 00 71 00 74 00 80 09  00 0C 00 40 00 4E 00 82
00 75 00 76 1A 00 0D 00  41 00 44 00 78 00 86 00
77 10 00 1E 00 52 00 45  00 79 00 7C 00 88 11 00
14 00 48 00 56 00 8A 00  7D 00 7E 22 00 15 00 49
00 4C 00 80 00 8E 00 7F  18 00 26 00 5A 00 4D 00
81 00 84 00 90 19 00 1C  00 50 00 5E 00 92 00 85
00 86 2A 00 1D 00 51 00  54 00 88 00 96 00 87 20
00 2E 00 62 00 55 00 89  00 8C 00 98 21 00 24 00
58 00 66 00 9A 00 8D 00  8E 32 00 25 00 59 00 5C
00 90 00 9E 00 8F 28 00  36 00 6A 00 5D 00 91 00
94 00 A0 29 00 2C 00 60  00 6E 00 A2 00 95 00 96
3A 00 2D 00 61 00 64 00  98 00 A6 00 97 30 00 3E
00 72 00 65 00 99 00 9C  00 A8 31 00 34 00 68 00
76 00 AA 00 9D 00 9E 42  00 35 00 69 00 6C 00 A0
src regs sR: { 01 01 07 15 }
dst regs dR: { 03 0C }
IS: 3 IP: 13

[balance] Running test 2/5...

 === machine state === 
mem M:
01 02 04 08 10 20 40 80  00 00 00 00 00 00 00 00
00 00 00 00 00 00 00 00  00 00 00 00 00 00 00 00
00 00 00 00 00 00 00 00  00 00 00 00 00 00 00 00
00 00 00 00 00 00 00 00  00 00 00 00 00 00 00 00
00 00 00 00 00 00 00 00  00 00 00 00 00 00 00 00
00 00 00 00 00 00 00 00  00 00 00 00 00 00 00 00
00 00 00 00 00 00 00 00  00 00 00 00 00 00 00 00
00 00 00 00 00 00 00 00  00 00 00 00 00 00 00 00
00 00 00 00 00 00 00 00  00 00 00 00 00 00 00 00
00 00 00 00 00 00 00 00  00 00 00 00 00 00 00 00
00 00 00 00 00 00 00 00  00 00 00 00 00 00 00 00
00 00 00 00 00 00 00 00  00 00 00 00 00 00 00 00
00 00 00 00 00 00 00 00  00 00 00 00 00 00 00 00
00 00 00 00 00 00 00 00  00 00 00 00 00 00 00 00
00 00 00 00 00 00 00 00  00 00 00 00 00 00 00 00
00 00 00 00 00 00 00 00  00 00 00 00 00 00 00 00
src regs sR: { 69 00 01 02 }
dst regs dR: { 03 04 }
IS: 1 IP: 0
. === machine state === 
mem M:
01 0C 5A 00 38 20 9C 80  7A 00 6D 34 EB 12 00 5B
00 39 00 92 00 70 00 7E  2A 6F 08 00 6C 00 4A 00
93 00 71 00 74 2B 80 09  00 62 00 40 00 A4 00 82
00 75 3C 76 1A 00 63 00  41 00 9A 00 78 00 86 32
77 10 00 74 00 52 00 9B  00 79 00 7C 33 88 11 00
6A 00 48 00 AC 00 8A 00  7D 44 7E 22 00 6B 00 49
00 AC 03 80 00 8E 3A 7F  18 00 7C 00 5A 00 4D 14
81 00 84 3B 90 19 00 72  00 50 00 5E 0A 92 00 85
4C 86 2A 00 73 00 51 00  54 0B 88 00 96 42 87 20
00 84 00 62 00 55 1C 89  00 8C 43 98 21 00 7A 00
58 00 66 12 9A 00 8D 54  8E 32 00 7B 00 59 00 5C
13 90 00 9E 4A 8F 28 00  8C 00 6A 00 5D 24 91 00
94 4B A0 29 00 82 00 60  00 6E 1A A2 00 95 5C 96
3A 00 83 00 61 00 64 1B  98 00 A6 52 97 30 00 94
00 72 00 65 2C 99 00 9C  53 A8 31 00 8A 00 68 00
76 22 AA 00 9D 64 9E 42  00 8B 00 69 00 6C 23 A0
src regs sR: { 01 01 07 5D }
dst regs dR: { 03 0C }
IS: 3 IP: 13

[balance] Running test 3/5...

 === machine state === 
mem M:
01 02 04 08 10 20 40 80  00 00 00 00 00 00 00 00
00 00 00 00 00 00 00 00  00 00 00 00 00 00 00 00
00 00 00 00 00 00 00 00  00 00 00 00 00 00 00 00
00 00 00 00 00 00 00 00  00 00 00 00 00 00 00 00
00 00 00 00 00 00 00 00  00 00 00 00 00 00 00 00
00 00 00 00 00 00 00 00  00 00 00 00 00 00 00 00
00 00 00 00 00 00 00 00  00 00 00 00 00 00 00 00
00 00 00 00 00 00 00 00  00 00 00 00 00 00 00 00
00 00 00 00 00 00 00 00  00 00 00 00 00 00 00 00
00 00 00 00 00 00 00 00  00 00 00 00 00 00 00 00
00 00 00 00 00 00 00 00  00 00 00 00 00 00 00 00
00 00 00 00 00 00 00 00  00 00 00 00 00 00 00 00
00 00 00 00 00 00 00 00  00 00 00 00 00 00 00 00
00 00 00 00 00 00 00 00  00 00 00 00 00 00 00 00
00 00 00 00 00 00 00 00  00 00 00 00 00 00 00 00
00 00 00 00 00 00 00 00  00 00 00 00 00 00 00 00
src regs sR: { 8E 00 01 02 }
dst regs dR: { 03 04 }
IS: 1 IP: 0
. === machine state === 
mem M:
52 0C 04 00 94 20 46 80  7A 2C 6D 00 EB 53 00 05
00 8A 00 3C 00 70 22 7E  00 6F 64 00 16 00 8B 00
3D 00 71 23 74 00 80 5A  00 0C 00 9C 00 4E 00 82
34 75 00 76 5B 00 0D 00  92 00 44 00 78 2A 86 00
77 6C 00 1E 00 93 00 45  00 79 2B 7C 00 88 62 00
14 00 A4 00 56 00 8A 3C  7D 00 7E 63 00 15 00 9A
00 4C 00 80 32 8E 00 7F  74 00 26 00 9B 00 4D 00
81 33 84 00 90 6A 00 1C  00 AC 00 5E 00 92 44 85
00 86 6B 00 1D 00 AC 03  54 00 88 3A 96 00 87 7C
00 2E 00 62 14 55 00 89  3B 8C 00 98 72 00 24 00
58 0A 66 00 9A 4C 8D 00  8E 73 00 25 00 59 0B 5C
00 90 42 9E 00 8F 84 00  36 00 6A 1C 5D 00 91 43
94 00 A0 7A 00 2C 00 60  12 6E 00 A2 54 95 00 96
7B 00 2D 00 61 13 64 00  98 4A A6 00 97 8C 00 3E
00 72 24 65 00 99 4B 9C  00 A8 82 00 34 00 68 1A
76 00 AA 5C 9D 00 9E 83  00 35 00 69 1B 6C 00 A0
src regs sR: { 01 01 07 82 }
dst regs dR: { 03 0C }
IS: 3 IP: 13

[balance] Running test 4/5...

 === machine state === 
mem M:
01 02 04 08 10 20 40 80  00 00 00 00 00 00 00 00
00 00 00 00 00 00 00 00  00 00 00 00 00 00 00 00
00 00 00 00 00 00 00 00  00 00 00 00 00 00 00 00
00 00 00 00 00 00 00 00  00 00 00 00 00 00 00 00
00 00 00 00 00 00 00 00  00 00 00 00 00 00 00 00
00 00 00 00 00 00 00 00  00 00 00 00 00 00 00 00
00 00 00 00 00 00 00 00  00 00 00 00 00 00 00 00
00 00 00 00 00 00 00 00  00 00 00 00 00 00 00 00
00 00 00 00 00 00 00 00  00 00 00 00 00 00 00 00
00 00 00 00 00 00 00 00  00 00 00 00 00 00 00 00
00 00 00 00 00 00 00 00  00 00 00 00 00 00 00 00
00 00 00 00 00 00 00 00  00 00 00 00 00 00 00 00
00 00 00 00 00 00 00 00  00 00 00 00 00 00 00 00
00 00 00 00 00 00 00 00  00 00 00 00 00 00 00 00
00 00 00 00 00 00 00 00  00 00 00 00 00 00 00 00
00 00 00 00 00 00 00 00  00 00 00 00 00 00 00 00
src regs sR: { BD 00 01 02 }
dst regs dR: { 03 04 }
IS: 1 IP: 0
.Your code halted, but didn't solve puzzle copyreg.
Try again to balance the score
 === machine state === 
mem M:
01 0C 04 00 38 20 46 80  7A 00 6D 00 10 12 00 05
00 39 00 3C 00 70 00 7E  00 82 08 00 16 00 4A 00
3D 00 71 00 74 00 83 09  00 0C 00 40 00 4E 00 82
00 75 00 94 1A 00 0D 00  41 00 44 00 78 00 86 00
8A 10 00 1E 00 52 00 45  00 79 00 7C 00 8B 11 00
14 00 48 00 56 00 8A 00  7D 00 9C 22 00 15 00 49
00 4C 00 80 00 8E 00 92  18 00 26 00 5A 00 4D 00
81 00 84 00 93 19 00 1C  00 50 00 5E 00 92 00 85
00 A4 2A 00 1D 00 51 00  54 00 88 00 96 00 9A 20
00 2E 00 62 00 55 00 89  00 8C 00 9B 21 00 24 00
58 00 66 00 9A 00 8D 00  AC 32 00 25 00 59 00 5C
00 90 00 9E 00 AC 28 00  36 00 6A 00 5D 00 91 00
94 00 A0 29 00 2C 00 60  00 6E 00 A2 00 95 00 96
3A 00 2D 00 61 00 64 00  98 00 A6 00 97 30 00 3E
00 72 00 65 00 99 00 9C  00 A8 31 00 34 00 68 00
76 00 AA 00 9D 00 9E 42  00 35 00 69 00 6C 00 A0
src regs sR: { 01 01 07 B1 }
dst regs dR: { 03 0C }
IS: 3 IP: 13
% 
[balance] Running test 1/5...

 === machine state === 
mem M:
01 02 04 08 10 20 40 80  00 00 00 00 00 00 00 00
00 00 00 00 00 00 00 00  00 00 00 00 00 00 00 00
00 00 00 00 00 00 00 00  00 00 00 00 00 00 00 00
00 00 00 00 00 00 00 00  00 00 00 00 00 00 00 00
00 00 00 00 00 00 00 00  00 00 00 00 00 00 00 00
00 00 00 00 00 00 00 00  00 00 00 00 00 00 00 00
00 00 00 00 00 00 00 00  00 00 00 00 00 00 00 00
00 00 00 00 00 00 00 00  00 00 00 00 00 00 00 00
00 00 00 00 00 00 00 00  00 00 00 00 00 00 00 00
00 00 00 00 00 00 00 00  00 00 00 00 00 00 00 00
00 00 00 00 00 00 00 00  00 00 00 00 00 00 00 00
00 00 00 00 00 00 00 00  00 00 00 00 00 00 00 00
00 00 00 00 00 00 00 00  00 00 00 00 00 00 00 00
00 00 00 00 00 00 00 00  00 00 00 00 00 00 00 00
00 00 00 00 00 00 00 00  00 00 00 00 00 00 00 00
00 00 00 00 00 00 00 00  00 00 00 00 00 00 00 00
src regs sR: { 71 00 01 02 }
dst regs dR: { 03 04 }
IS: 1 IP: 0
. === machine state === 
mem M:
01 0C 04 00 38 20 46 80  7A 00 6D 00 0E 12 92 05
00 39 00 3C 00 70 00 7E  00 6F 08 03 16 00 4A 00
3D 00 71 00 74 00 80 09  71 0C 00 40 00 4E 00 82
00 75 00 76 1A 86 0D 00  41 00 44 00 78 00 86 00
77 10 F7 1E 00 52 00 45  00 79 00 7C 00 88 11 65
14 00 48 00 56 00 8A 00  7D 00 7E 22 7A 15 00 49
00 4C 00 80 00 8E 00 7F  18 7A 26 00 5A 00 4D 00
81 00 84 00 90 19 00 1C  00 50 00 5E 00 92 00 85
00 86 2A 00 1D 00 51 00  54 00 88 00 96 00 87 20
00 2E 00 62 00 55 00 89  00 8C 00 98 21 00 24 00
58 00 66 00 15 00 FA 00  09 32 00 25 00 59 00 5C
00 86 00 0F 00 77 28 00  36 00 6A 00 5D 00 F4 00
80 00 8C 29 00 2C 00 60  00 6E 00 09 00 EE 00 FD
3A 00 2D 00 61 00 64 00  7A 00 03 00 6B 30 00 3E
00 72 00 65 00 E8 00 74  00 80 31 00 34 00 68 00
76 00 FD 00 E2 00 F1 42  00 35 00 69 00 6C 00 6E
src regs sR: { 01 01 07 65 }
dst regs dR: { 03 0C }
IS: 3 IP: 13

[balance] Running test 2/5...

 === machine state === 
mem M:
01 02 04 08 10 20 40 80  00 00 00 00 00 00 00 00
00 00 00 00 00 00 00 00  00 00 00 00 00 00 00 00
00 00 00 00 00 00 00 00  00 00 00 00 00 00 00 00
00 00 00 00 00 00 00 00  00 00 00 00 00 00 00 00
00 00 00 00 00 00 00 00  00 00 00 00 00 00 00 00
00 00 00 00 00 00 00 00  00 00 00 00 00 00 00 00
00 00 00 00 00 00 00 00  00 00 00 00 00 00 00 00
00 00 00 00 00 00 00 00  00 00 00 00 00 00 00 00
00 00 00 00 00 00 00 00  00 00 00 00 00 00 00 00
00 00 00 00 00 00 00 00  00 00 00 00 00 00 00 00
00 00 00 00 00 00 00 00  00 00 00 00 00 00 00 00
00 00 00 00 00 00 00 00  00 00 00 00 00 00 00 00
00 00 00 00 00 00 00 00  00 00 00 00 00 00 00 00
00 00 00 00 00 00 00 00  00 00 00 00 00 00 00 00
00 00 00 00 00 00 00 00  00 00 00 00 00 00 00 00
00 00 00 00 00 00 00 00  00 00 00 00 00 00 00 00
src regs sR: { 96 00 01 02 }
dst regs dR: { 03 04 }
IS: 1 IP: 0
. === machine state === 
mem M:
01 0C 04 00 38 20 46 80  7A 00 6D 00 08 12 00 05
00 39 00 3C 00 70 00 7E  00 8A 08 00 16 00 4A 00
3D 00 71 00 74 00 8B 09  00 0C 00 40 00 4E 00 82
00 75 00 9C 1A 00 0D 00  41 00 44 00 78 00 86 00
92 10 00 1E 00 52 00 45  00 79 00 7C 00 93 11 00
14 00 48 00 56 00 8A 00  7D 00 A4 22 00 15 00 49
00 4C 00 80 00 8E 00 9A  18 00 26 00 5A 00 4D 00
81 00 84 00 9B 19 00 1C  00 50 00 5E 00 92 00 85
00 AC 2A 00 1D 00 51 00  54 00 88 00 96 00 AC 20
00 2E 00 62 00 55 00 89  00 8C 00 98 21 00 24 00
58 00 66 00 9A 00 8D 00  8E 32 00 25 00 59 00 5C
00 90 00 9E 00 8F 28 00  36 00 6A 00 5D 00 91 00
94 00 A0 29 00 2C 00 60  00 6E 00 A2 00 95 00 96
3A 00 2D 00 61 00 64 00  98 00 A6 00 97 30 00 3E
00 72 00 65 00 99 00 9C  00 A8 31 00 34 00 68 00
76 00 AA 00 9D 00 9E 42  00 35 00 69 00 6C 00 A0
src regs sR: { 01 01 07 8A }
dst regs dR: { 03 0C }
IS: 3 IP: 13

[balance] Running test 3/5...

 === machine state === 
mem M:
01 02 04 08 10 20 40 80  00 00 00 00 00 00 00 00
00 00 00 00 00 00 00 00  00 00 00 00 00 00 00 00
00 00 00 00 00 00 00 00  00 00 00 00 00 00 00 00
00 00 00 00 00 00 00 00  00 00 00 00 00 00 00 00
00 00 00 00 00 00 00 00  00 00 00 00 00 00 00 00
00 00 00 00 00 00 00 00  00 00 00 00 00 00 00 00
00 00 00 00 00 00 00 00  00 00 00 00 00 00 00 00
00 00 00 00 00 00 00 00  00 00 00 00 00 00 00 00
00 00 00 00 00 00 00 00  00 00 00 00 00 00 00 00
00 00 00 00 00 00 00 00  00 00 00 00 00 00 00 00
00 00 00 00 00 00 00 00  00 00 00 00 00 00 00 00
00 00 00 00 00 00 00 00  00 00 00 00 00 00 00 00
00 00 00 00 00 00 00 00  00 00 00 00 00 00 00 00
00 00 00 00 00 00 00 00  00 00 00 00 00 00 00 00
00 00 00 00 00 00 00 00  00 00 00 00 00 00 00 00
00 00 00 00 00 00 00 00  00 00 00 00 00 00 00 00
src regs sR: { 0A 00 01 02 }
dst regs dR: { 03 04 }
IS: 1 IP: 0
Your code halted, but didn't solve puzzle copyreg.
Try again to balance the score
 === machine state === 
mem M:
01 02 04 00 10 20 40 80  00 00 00 00 00 12 00 92
00 06 00 00 00 00 00 00  00 00 00 00 00 00 00 00
00 00 00 00 00 00 00 00  00 00 00 00 00 00 00 00
00 00 00 00 00 00 00 00  00 00 00 00 00 00 00 00
00 00 00 00 00 00 00 00  00 00 00 00 00 00 00 00
00 00 00 00 00 00 00 00  00 00 00 00 00 00 00 00
00 00 00 00 00 00 00 00  00 00 00 00 00 00 00 00
00 00 00 00 00 00 00 00  00 00 00 00 00 00 00 00
00 00 00 00 00 00 00 00  00 00 00 00 00 00 00 00
00 00 00 00 00 00 00 00  00 00 00 00 00 00 00 00
00 00 00 00 00 00 00 00  00 00 00 00 00 00 00 00
00 00 00 00 00 00 00 00  00 00 00 00 00 00 00 00
00 00 00 00 00 00 00 00  00 00 00 00 00 00 00 00
00 00 00 00 00 00 00 00  00 00 00 00 00 00 00 00
00 00 00 00 00 00 00 00  00 00 00 00 00 00 00 00
00 00 00 00 00 00 00 00  00 00 00 00 00 00 00 00
src regs sR: { 01 0D 07 0D }
dst regs dR: { 03 0F }
IS: 3 IP: 13
% 
[balance] Running test 1/5...

 === machine state === 
mem M:
01 02 04 08 10 20 40 80  00 00 00 00 00 00 00 00
00 00 00 00 00 00 00 00  00 00 00 00 00 00 00 00
00 00 00 00 00 00 00 00  00 00 00 00 00 00 00 00
00 00 00 00 00 00 00 00  00 00 00 00 00 00 00 00
00 00 00 00 00 00 00 00  00 00 00 00 00 00 00 00
00 00 00 00 00 00 00 00  00 00 00 00 00 00 00 00
00 00 00 00 00 00 00 00  00 00 00 00 00 00 00 00
00 00 00 00 00 00 00 00  00 00 00 00 00 00 00 00
00 00 00 00 00 00 00 00  00 00 00 00 00 00 00 00
00 00 00 00 00 00 00 00  00 00 00 00 00 00 00 00
00 00 00 00 00 00 00 00  00 00 00 00 00 00 00 00
00 00 00 00 00 00 00 00  00 00 00 00 00 00 00 00
00 00 00 00 00 00 00 00  00 00 00 00 00 00 00 00
00 00 00 00 00 00 00 00  00 00 00 00 00 00 00 00
00 00 00 00 00 00 00 00  00 00 00 00 00 00 00 00
00 00 00 00 00 00 00 00  00 00 00 00 00 00 00 00
src regs sR: { 14 00 01 02 }
dst regs dR: { 03 04 }
IS: 1 IP: 0
. === machine state === 
mem M:
01 00 04 00 3E 20 40 80  7A 00 7C 00 7A 12 00 14
00 4E 00 50 00 8A 00 8C  00 7E 08 00 0A 00 44 00
46 00 80 00 82 00 8E 18  00 1A 00 54 00 56 00 90
00 92 00 84 0E 00 10 00  4A 00 4C 00 86 00 88 00
94 1E 00 20 00 5A 00 5C  00 96 00 98 00 8A 14 00
16 00 50 00 52 00 8C 00  8E 00 9A 24 00 26 00 60
00 62 00 9C 00 9E 00 90  1A 00 1C 00 56 00 58 00
92 00 94 00 A0 2A 00 2C  00 66 00 68 00 A2 00 A4
00 96 20 00 22 00 5C 00  5E 00 98 00 9A 00 A6 30
00 32 00 6C 00 6E 00 A8  00 AA 00 9C 26 00 28 00
62 00 64 00 9E 00 A0 00  AC 36 00 38 00 72 00 74
00 AE 00 B0 00 A2 2C 00  2E 00 68 00 6A 00 A4 00
A6 00 B2 3C 00 3E 00 78  00 7A 00 B4 00 B6 00 A8
32 00 34 00 6E 00 70 00  AA 00 AC 00 B8 42 00 44
00 7E 00 80 00 BA 00 BC  00 AE 38 00 3A 00 74 00
76 00 B0 00 B2 00 FC 48  00 4A 00 84 00 86 00 C0
src regs sR: { 08 07 0C FD }
dst regs dR: { 03 F6 }
IS: 3 IP: 13

[balance] Running test 2/5...

 === machine state === 
mem M:
01 02 04 08 10 20 40 80  00 00 00 00 00 00 00 00
00 00 00 00 00 00 00 00  00 00 00 00 00 00 00 00
00 00 00 00 00 00 00 00  00 00 00 00 00 00 00 00
00 00 00 00 00 00 00 00  00 00 00 00 00 00 00 00
00 00 00 00 00 00 00 00  00 00 00 00 00 00 00 00
00 00 00 00 00 00 00 00  00 00 00 00 00 00 00 00
00 00 00 00 00 00 00 00  00 00 00 00 00 00 00 00
00 00 00 00 00 00 00 00  00 00 00 00 00 00 00 00
00 00 00 00 00 00 00 00  00 00 00 00 00 00 00 00
00 00 00 00 00 00 00 00  00 00 00 00 00 00 00 00
00 00 00 00 00 00 00 00  00 00 00 00 00 00 00 00
00 00 00 00 00 00 00 00  00 00 00 00 00 00 00 00
00 00 00 00 00 00 00 00  00 00 00 00 00 00 00 00
00 00 00 00 00 00 00 00  00 00 00 00 00 00 00 00
00 00 00 00 00 00 00 00  00 00 00 00 00 00 00 00
00 00 00 00 00 00 00 00  00 00 00 00 00 00 00 00
src regs sR: { 1D 00 01 02 }
dst regs dR: { 03 04 }
IS: 1 IP: 0
. === machine state === 
mem M:
33 0C 04 00 6A 20 46 80  AC 00 6D 00 EB 44 00 05
00 6B 00 3C 00 AC 03 7E  00 6F 3A 00 16 00 7C 00
3D 00 71 14 74 00 80 3B  00 0C 00 72 00 4E 00 82
0A 75 00 76 4C 00 0D 00  73 00 44 00 78 0B 86 00
77 42 00 1E 00 84 00 45  00 79 1C 7C 00 88 43 00
14 00 7A 00 56 00 8A 12  7D 00 7E 54 00 15 00 7B
00 4C 00 80 13 8E 00 7F  4A 00 26 00 8C 00 4D 00
81 24 84 00 90 4B 00 1C  00 82 00 5E 00 92 1A 85
00 86 5C 00 1D 00 83 00  54 00 88 1B 96 00 87 52
00 2E 00 94 00 55 00 89  2C 8C 00 98 53 00 24 00
8A 00 66 00 9A 22 8D 00  8E 64 00 25 00 8B 00 5C
00 90 23 9E 00 8F 5A 00  36 00 9C 00 5D 00 91 34
94 00 A0 5B 00 2C 00 92  00 6E 00 A2 2A 95 00 96
6C 00 2D 00 93 00 64 00  98 2B A6 00 97 62 00 3E
00 A4 00 65 00 99 3C 9C  00 A8 63 00 34 00 9A 00
76 00 AA 32 9D 00 9E 74  00 35 00 9B 00 6C 00 A0
src regs sR: { 01 01 07 11 }
dst regs dR: { 03 0C }
IS: 3 IP: 13

[balance] Running test 3/5...

 === machine state === 
mem M:
01 02 04 08 10 20 40 80  00 00 00 00 00 00 00 00
00 00 00 00 00 00 00 00  00 00 00 00 00 00 00 00
00 00 00 00 00 00 00 00  00 00 00 00 00 00 00 00
00 00 00 00 00 00 00 00  00 00 00 00 00 00 00 00
00 00 00 00 00 00 00 00  00 00 00 00 00 00 00 00
00 00 00 00 00 00 00 00  00 00 00 00 00 00 00 00
00 00 00 00 00 00 00 00  00 00 00 00 00 00 00 00
00 00 00 00 00 00 00 00  00 00 00 00 00 00 00 00
00 00 00 00 00 00 00 00  00 00 00 00 00 00 00 00
00 00 00 00 00 00 00 00  00 00 00 00 00 00 00 00
00 00 00 00 00 00 00 00  00 00 00 00 00 00 00 00
00 00 00 00 00 00 00 00  00 00 00 00 00 00 00 00
00 00 00 00 00 00 00 00  00 00 00 00 00 00 00 00
00 00 00 00 00 00 00 00  00 00 00 00 00 00 00 00
00 00 00 00 00 00 00 00  00 00 00 00 00 00 00 00
00 00 00 00 00 00 00 00  00 00 00 00 00 00 00 00
src regs sR: { 92 00 01 02 }
dst regs dR: { 03 04 }
IS: 1 IP: 0
. === machine state === 
mem M:
1B 0C 04 00 52 20 46 80  94 00 6D 00 EB 2C 00 05
00 53 00 3C 00 8A 00 7E  00 6F 22 00 16 00 64 00
3D 00 8B 00 74 00 80 23  00 0C 00 5A 00 4E 00 9C
00 75 00 76 34 00 0D 00  5B 00 44 00 92 00 86 00
77 2A 00 1E 00 6C 00 45  00 93 00 7C 00 88 2B 00
14 00 62 00 56 00 A4 00  7D 00 7E 3C 00 15 00 63
00 4C 00 9A 00 8E 00 7F  32 00 26 00 74 00 4D 00
9B 00 84 00 90 33 00 1C  00 6A 00 5E 00 AC 00 85
00 86 44 00 1D 00 6B 00  54 00 AC 03 96 00 87 3A
00 2E 00 7C 00 55 00 89  14 8C 00 98 3B 00 24 00
72 00 66 00 9A 0A 8D 00  8E 4C 00 25 00 73 00 5C
00 90 0B 9E 00 8F 42 00  36 00 84 00 5D 00 91 1C
94 00 A0 43 00 2C 00 7A  00 6E 00 A2 12 95 00 96
54 00 2D 00 7B 00 64 00  98 13 A6 00 97 4A 00 3E
00 8C 00 65 00 99 24 9C  00 A8 4B 00 34 00 82 00
76 00 AA 1A 9D 00 9E 5C  00 35 00 83 00 6C 00 A0
src regs sR: { 01 01 07 86 }
dst regs dR: { 03 0C }
IS: 3 IP: 13

[balance] Running test 4/5...

 === machine state === 
mem M:
01 02 04 08 10 20 40 80  00 00 00 00 00 00 00 00
00 00 00 00 00 00 00 00  00 00 00 00 00 00 00 00
00 00 00 00 00 00 00 00  00 00 00 00 00 00 00 00
00 00 00 00 00 00 00 00  00 00 00 00 00 00 00 00
00 00 00 00 00 00 00 00  00 00 00 00 00 00 00 00
00 00 00 00 00 00 00 00  00 00 00 00 00 00 00 00
00 00 00 00 00 00 00 00  00 00 00 00 00 00 00 00
00 00 00 00 00 00 00 00  00 00 00 00 00 00 00 00
00 00 00 00 00 00 00 00  00 00 00 00 00 00 00 00
00 00 00 00 00 00 00 00  00 00 00 00 00 00 00 00
00 00 00 00 00 00 00 00  00 00 00 00 00 00 00 00
00 00 00 00 00 00 00 00  00 00 00 00 00 00 00 00
00 00 00 00 00 00 00 00  00 00 00 00 00 00 00 00
00 00 00 00 00 00 00 00  00 00 00 00 00 00 00 00
00 00 00 00 00 00 00 00  00 00 00 00 00 00 00 00
00 00 00 00 00 00 00 00  00 00 00 00 00 00 00 00
src regs sR: { A1 00 01 02 }
dst regs dR: { 03 04 }
IS: 1 IP: 0
.Your code halted, but didn't solve puzzle copyreg.
Try again to balance the score
 === machine state === 
mem M:
01 0C 1A 00 38 20 5C 80  7A 00 83 00 EB 12 00 1B
00 39 00 52 00 70 00 94  00 6F 08 00 2C 00 4A 00
53 00 71 00 8A 00 80 09  00 22 00 40 00 64 00 82
00 8B 00 76 1A 00 23 00  41 00 5A 00 78 00 9C 00
77 10 00 34 00 52 00 5B  00 79 00 92 00 88 11 00
2A 00 48 00 6C 00 8A 00  93 00 7E 22 00 2B 00 49
00 62 00 80 00 A4 00 7F  18 00 3C 00 5A 00 63 00
81 00 9A 00 90 19 00 32  00 50 00 74 00 92 00 9B
00 86 2A 00 33 00 51 00  6A 00 88 00 AC 00 87 20
00 44 00 62 00 6B 00 89  00 AC 03 98 21 00 3A 00
58 00 7C 00 9A 00 8D 14  8E 32 00 3B 00 59 00 72
00 90 00 9E 0A 8F 28 00  4C 00 6A 00 73 00 91 00
94 0B A0 29 00 42 00 60  00 84 00 A2 00 95 1C 96
3A 00 43 00 61 00 7A 00  98 00 A6 12 97 30 00 54
00 72 00 7B 00 99 00 9C  13 A8 31 00 4A 00 68 00
8C 00 AA 00 9D 24 9E 42  00 4B 00 69 00 82 00 A0
src regs sR: { 01 01 07 95 }
dst regs dR: { 03 0C }
IS: 3 IP: 13
% 
[balance] Running test 1/5...

 === machine state === 
mem M:
01 02 04 08 10 20 40 80  00 00 00 00 00 00 00 00
00 00 00 00 00 00 00 00  00 00 00 00 00 00 00 00
00 00 00 00 00 00 00 00  00 00 00 00 00 00 00 00
00 00 00 00 00 00 00 00  00 00 00 00 00 00 00 00
00 00 00 00 00 00 00 00  00 00 00 00 00 00 00 00
00 00 00 00 00 00 00 00  00 00 00 00 00 00 00 00
00 00 00 00 00 00 00 00  00 00 00 00 00 00 00 00
00 00 00 00 00 00 00 00  00 00 00 00 00 00 00 00
00 00 00 00 00 00 00 00  00 00 00 00 00 00 00 00
00 00 00 00 00 00 00 00  00 00 00 00 00 00 00 00
00 00 00 00 00 00 00 00  00 00 00 00 00 00 00 00
00 00 00 00 00 00 00 00  00 00 00 00 00 00 00 00
00 00 00 00 00 00 00 00  00 00 00 00 00 00 00 00
00 00 00 00 00 00 00 00  00 00 00 00 00 00 00 00
00 00 00 00 00 00 00 00  00 00 00 00 00 00 00 00
00 00 00 00 00 00 00 00  00 00 00 00 00 00 00 00
src regs sR: { B5 00 01 02 }
dst regs dR: { 03 04 }
IS: 1 IP: 0
.Your code halted, but didn't solve puzzle copyreg.
Try again to balance the score
 === machine state === 
mem M:
4A 0C 04 00 8C 20 46 80  7A 24 6D 00 EB 4B 00 05
00 82 00 3C 00 70 1A 7E  00 6F 5C 00 16 00 83 00
3D 00 71 1B 74 00 80 52  00 0C 00 94 00 4E 00 82
2C 75 00 76 53 00 0D 00  8A 00 44 00 78 22 86 00
77 64 00 1E 00 8B 00 45  00 79 23 7C 00 88 5A 00
14 00 9C 00 56 00 8A 34  7D 00 7E 5B 00 15 00 92
00 4C 00 80 2A 8E 00 7F  6C 00 26 00 93 00 4D 00
81 2B 84 00 90 62 00 1C  00 A4 00 5E 00 92 3C 85
00 86 63 00 1D 00 9A 00  54 00 88 32 96 00 87 74
00 2E 00 9B 00 55 00 89  33 8C 00 98 6A 00 24 00
AC 00 66 00 9A 44 8D 00  8E 6B 00 25 00 AC 03 5C
00 90 3A 9E 00 8F 7C 00  36 00 6A 14 5D 00 91 3B
94 00 A0 72 00 2C 00 60  0A 6E 00 A2 4C 95 00 96
73 00 2D 00 61 0B 64 00  98 42 A6 00 97 84 00 3E
00 72 1C 65 00 99 43 9C  00 A8 7A 00 34 00 68 12
76 00 AA 54 9D 00 9E 7B  00 35 00 69 13 6C 00 A0
src regs sR: { 01 01 07 A9 }
dst regs dR: { 03 0C }
IS: 3 IP: 13
% 
[balance] Running test 1/5...

 === machine state === 
mem M:
01 02 04 08 10 20 40 80  00 00 00 00 00 00 00 00
00 00 00 00 00 00 00 00  00 00 00 00 00 00 00 00
00 00 00 00 00 00 00 00  00 00 00 00 00 00 00 00
00 00 00 00 00 00 00 00  00 00 00 00 00 00 00 00
00 00 00 00 00 00 00 00  00 00 00 00 00 00 00 00
00 00 00 00 00 00 00 00  00 00 00 00 00 00 00 00
00 00 00 00 00 00 00 00  00 00 00 00 00 00 00 00
00 00 00 00 00 00 00 00  00 00 00 00 00 00 00 00
00 00 00 00 00 00 00 00  00 00 00 00 00 00 00 00
00 00 00 00 00 00 00 00  00 00 00 00 00 00 00 00
00 00 00 00 00 00 00 00  00 00 00 00 00 00 00 00
00 00 00 00 00 00 00 00  00 00 00 00 00 00 00 00
00 00 00 00 00 00 00 00  00 00 00 00 00 00 00 00
00 00 00 00 00 00 00 00  00 00 00 00 00 00 00 00
00 00 00 00 00 00 00 00  00 00 00 00 00 00 00 00
00 00 00 00 00 00 00 00  00 00 00 00 00 00 00 00
src regs sR: { C9 00 01 02 }
dst regs dR: { 03 04 }
IS: 1 IP: 0
Your code halted, but didn't solve puzzle copyreg.
Try again to balance the score
 === machine state === 
mem M:
01 02 04 00 10 20 40 80  00 00 00 00 00 12 00 05
00 06 00 00 00 00 00 00  00 00 08 00 16 00 07 00
00 00 00 00 00 00 00 09  00 0C 00 18 00 00 00 00
00 00 00 00 1A 00 0D 00  0E 00 00 00 00 00 00 00
00 10 00 1E 00 0F 00 00  00 00 00 00 00 00 11 00
91 00 20 00 00 00 00 00  00 00 00 00 00 00 00 00
00 00 00 00 00 00 00 00  00 00 00 00 00 00 00 00
00 00 00 00 00 00 00 00  00 00 00 00 00 00 00 00
00 00 00 00 00 00 00 00  00 00 00 00 00 00 00 00
00 00 00 00 00 00 00 00  00 00 00 00 00 00 00 00
00 00 00 00 00 00 00 00  00 00 00 00 00 00 00 00
00 00 00 00 00 00 00 00  00 00 00 00 00 00 00 00
00 00 03 00 00 00 00 00  00 00 00 00 00 00 00 14
00 00 00 00 00 00 00 00  00 00 00 00 0A 00 00 00
00 00 00 00 00 00 00 00  00 0B 00 00 00 00 00 00
00 00 00 00 00 00 1C 00  00 00 00 00 00 00 00 00
src regs sR: { 01 4E 07 4E }
dst regs dR: { 03 50 }
IS: 3 IP: 13
% 
[balance] Running test 1/5...

 === machine state === 
mem M:
01 02 04 08 10 20 40 80  00 00 00 00 00 00 00 00
00 00 00 00 00 00 00 00  00 00 00 00 00 00 00 00
00 00 00 00 00 00 00 00  00 00 00 00 00 00 00 00
00 00 00 00 00 00 00 00  00 00 00 00 00 00 00 00
00 00 00 00 00 00 00 00  00 00 00 00 00 00 00 00
00 00 00 00 00 00 00 00  00 00 00 00 00 00 00 00
00 00 00 00 00 00 00 00  00 00 00 00 00 00 00 00
00 00 00 00 00 00 00 00  00 00 00 00 00 00 00 00
00 00 00 00 00 00 00 00  00 00 00 00 00 00 00 00
00 00 00 00 00 00 00 00  00 00 00 00 00 00 00 00
00 00 00 00 00 00 00 00  00 00 00 00 00 00 00 00
00 00 00 00 00 00 00 00  00 00 00 00 00 00 00 00
00 00 00 00 00 00 00 00  00 00 00 00 00 00 00 00
00 00 00 00 00 00 00 00  00 00 00 00 00 00 00 00
00 00 00 00 00 00 00 00  00 00 00 00 00 00 00 00
00 00 00 00 00 00 00 00  00 00 00 00 00 00 00 00
src regs sR: { 26 00 01 02 }
dst regs dR: { 03 04 }
IS: 1 IP: 0
. === machine state === 
mem M:
74 0C 04 00 9B 20 46 80  7A 33 6D 00 EB 6A 00 05
00 AC 00 3C 00 70 44 7E  00 6F 6B 00 16 00 AC 03
3D 00 71 3A 74 00 80 7C  00 0C 00 40 14 4E 00 82
3B 75 00 76 72 00 0D 00  41 0A 44 00 78 4C 86 00
77 73 00 1E 00 52 0B 45  00 79 42 7C 00 88 84 00
14 00 48 1C 56 00 8A 43  7D 00 7E 7A 00 15 00 49
12 4C 00 80 54 8E 00 7F  7B 00 26 00 5A 13 4D 00
81 4A 84 00 90 8C 00 1C  00 50 24 5E 00 92 4B 85
00 86 82 00 1D 00 51 1A  54 00 88 5C 96 00 87 83
00 2E 00 62 1B 55 00 89  52 8C 00 98 94 00 24 00
58 2C 66 00 9A 53 8D 00  8E 8A 00 25 00 59 22 5C
00 90 64 9E 00 8F 8B 00  36 00 6A 23 5D 00 91 5A
94 00 A0 9C 00 2C 00 60  34 6E 00 A2 5B 95 00 96
92 00 2D 00 61 2A 64 00  98 6C A6 00 97 93 00 3E
00 72 2B 65 00 99 62 9C  00 A8 A4 00 34 00 68 3C
76 00 AA 63 9D 00 9E 9A  00 35 00 69 32 6C 00 A0
src regs sR: { 01 01 07 1A }
dst regs dR: { 03 0C }
IS: 3 IP: 13

[balance] Running test 2/5...

 === machine state === 
mem M:
01 02 04 08 10 20 40 80  00 00 00 00 00 00 00 00
00 00 00 00 00 00 00 00  00 00 00 00 00 00 00 00
00 00 00 00 00 00 00 00  00 00 00 00 00 00 00 00
00 00 00 00 00 00 00 00  00 00 00 00 00 00 00 00
00 00 00 00 00 00 00 00  00 00 00 00 00 00 00 00
00 00 00 00 00 00 00 00  00 00 00 00 00 00 00 00
00 00 00 00 00 00 00 00  00 00 00 00 00 00 00 00
00 00 00 00 00 00 00 00  00 00 00 00 00 00 00 00
00 00 00 00 00 00 00 00  00 00 00 00 00 00 00 00
00 00 00 00 00 00 00 00  00 00 00 00 00 00 00 00
00 00 00 00 00 00 00 00  00 00 00 00 00 00 00 00
00 00 00 00 00 00 00 00  00 00 00 00 00 00 00 00
00 00 00 00 00 00 00 00  00 00 00 00 00 00 00 00
00 00 00 00 00 00 00 00  00 00 00 00 00 00 00 00
00 00 00 00 00 00 00 00  00 00 00 00 00 00 00 00
00 00 00 00 00 00 00 00  00 00 00 00 00 00 00 00
src regs sR: { 4A 00 01 02 }
dst regs dR: { 03 04 }
IS: 1 IP: 0
. === machine state === 
mem M:
01 0C 04 00 38 20 46 80  7A 00 6D 00 06 12 AA 05
00 39 00 3C 00 70 00 7E  00 6F 08 23 16 00 4A 00
3D 00 71 00 74 00 80 09  99 0C 00 40 00 4E 00 82
00 75 00 76 1A BE 0D 00  41 00 44 00 78 00 86 00
77 10 BE 1E 00 52 00 45  00 79 00 7C 00 88 11 00
14 00 48 00 56 00 8A 00  7D 00 7E 22 00 15 00 49
00 4C 00 80 00 8E 00 7F  18 00 26 00 5A 00 4D 00
81 00 84 00 90 19 00 1C  00 50 00 5E 00 92 00 85
00 86 2A 00 1D 00 51 00  54 00 88 00 96 00 87 20
00 2E 00 62 00 55 00 89  00 8C 00 98 21 00 24 00
58 00 66 00 9A 00 8D 00  8E 32 00 25 00 59 00 5C
00 90 00 9E 00 8F 28 00  36 00 6A 00 5D 00 91 00
94 00 A0 29 00 2C 00 60  00 6E 00 25 00 0A 00 19
3A 00 2D 00 61 00 64 00  9E 00 2F 00 8F 30 00 3E
00 72 00 65 00 14 00 A8  00 B4 31 00 34 00 68 00
76 00 39 00 1E 00 2D 42  00 35 00 69 00 6C 00 B2
src regs sR: { 01 01 07 3E }
dst regs dR: { 03 0C }
IS: 3 IP: 13

[balance] Running test 3/5...

 === machine state === 
mem M:
01 02 04 08 10 20 40 80  00 00 00 00 00 00 00 00
00 00 00 00 00 00 00 00  00 00 00 00 00 00 00 00
00 00 00 00 00 00 00 00  00 00 00 00 00 00 00 00
00 00 00 00 00 00 00 00  00 00 00 00 00 00 00 00
00 00 00 00 00 00 00 00  00 00 00 00 00 00 00 00
00 00 00 00 00 00 00 00  00 00 00 00 00 00 00 00
00 00 00 00 00 00 00 00  00 00 00 00 00 00 00 00
00 00 00 00 00 00 00 00  00 00 00 00 00 00 00 00
00 00 00 00 00 00 00 00  00 00 00 00 00 00 00 00
00 00 00 00 00 00 00 00  00 00 00 00 00 00 00 00
00 00 00 00 00 00 00 00  00 00 00 00 00 00 00 00
00 00 00 00 00 00 00 00  00 00 00 00 00 00 00 00
00 00 00 00 00 00 00 00  00 00 00 00 00 00 00 00
00 00 00 00 00 00 00 00  00 00 00 00 00 00 00 00
00 00 00 00 00 00 00 00  00 00 00 00 00 00 00 00
00 00 00 00 00 00 00 00  00 00 00 00 00 00 00 00
src regs sR: { A3 00 01 02 }
dst regs dR: { 03 04 }
IS: 1 IP: 0
.Your code halted, but didn't solve puzzle copyreg.
Try again to balance the score
 === machine state === 
mem M:
01 0C 04 00 38 20 46 80  7A 00 6D 00 09 12 00 05
00 39 00 3C 00 70 00 7E  00 94 08 00 16 00 4A 00
3D 00 71 00 74 00 8A 09  00 0C 00 40 00 4E 00 82
00 75 00 8B 1A 00 0D 00  41 00 44 00 78 00 86 00
9C 10 00 1E 00 52 00 45  00 79 00 7C 00 92 11 00
14 00 48 00 56 00 8A 00  7D 00 93 22 00 15 00 49
00 4C 00 80 00 8E 00 A4  18 00 26 00 5A 00 4D 00
81 00 84 00 9A 19 00 1C  00 50 00 5E 00 92 00 85
00 9B 2A 00 1D 00 51 00  54 00 88 00 96 00 AC 20
00 2E 00 62 00 55 00 89  00 8C 00 AC 21 00 24 00
58 00 66 00 9A 00 8D 00  8E 32 00 25 00 59 00 5C
00 90 00 9E 00 8F 28 00  36 00 6A 00 5D 00 91 00
94 00 A0 29 00 2C 00 60  00 6E 00 A2 00 95 00 96
3A 00 2D 00 61 00 64 00  98 00 A6 00 97 30 00 3E
00 72 00 65 00 99 00 9C  00 A8 31 00 34 00 68 00
76 00 AA 00 9D 00 9E 42  00 35 00 69 00 6C 00 A0
src regs sR: { 01 01 07 97 }
dst regs dR: { 03 0C }
IS: 3 IP: 13
% 
[balance] Running test 1/5...

 === machine state === 
mem M:
01 02 04 08 10 20 40 80  00 00 00 00 00 00 00 00
00 00 00 00 00 00 00 00  00 00 00 00 00 00 00 00
00 00 00 00 00 00 00 00  00 00 00 00 00 00 00 00
00 00 00 00 00 00 00 00  00 00 00 00 00 00 00 00
00 00 00 00 00 00 00 00  00 00 00 00 00 00 00 00
00 00 00 00 00 00 00 00  00 00 00 00 00 00 00 00
00 00 00 00 00 00 00 00  00 00 00 00 00 00 00 00
00 00 00 00 00 00 00 00  00 00 00 00 00 00 00 00
00 00 00 00 00 00 00 00  00 00 00 00 00 00 00 00
00 00 00 00 00 00 00 00  00 00 00 00 00 00 00 00
00 00 00 00 00 00 00 00  00 00 00 00 00 00 00 00
00 00 00 00 00 00 00 00  00 00 00 00 00 00 00 00
00 00 00 00 00 00 00 00  00 00 00 00 00 00 00 00
00 00 00 00 00 00 00 00  00 00 00 00 00 00 00 00
00 00 00 00 00 00 00 00  00 00 00 00 00 00 00 00
00 00 00 00 00 00 00 00  00 00 00 00 00 00 00 00
src regs sR: { E3 00 01 02 }
dst regs dR: { 03 04 }
IS: 1 IP: 0
Your code halted, but didn't solve puzzle copyreg.
Try again to balance the score
 === machine state === 
mem M:
01 02 04 00 10 20 40 80  00 00 00 00 00 12 00 05
00 06 00 00 00 00 00 00  00 00 08 00 16 00 07 00
00 00 00 00 00 00 00 09  00 0C 00 18 00 00 00 00
00 00 00 00 1A 00 9A 00  0E 00 00 00 00 00 00 00
00 00 00 00 00 00 00 00  00 00 00 00 00 00 00 00
00 00 00 00 00 00 00 00  00 00 00 00 00 00 00 00
00 00 00 00 00 00 00 00  00 00 00 00 00 00 00 00
00 00 00 00 00 00 00 00  00 00 00 00 00 00 00 00
00 00 00 00 00 00 00 00  00 00 00 00 00 00 00 00
00 00 00 00 00 00 00 00  00 00 00 00 00 00 00 00
00 00 00 00 00 00 00 00  00 00 00 00 00 00 00 00
00 00 00 00 00 00 00 00  00 00 00 00 00 00 00 00
00 00 00 00 00 00 00 00  00 00 00 00 00 00 00 00
00 00 00 00 00 00 00 00  00 00 00 00 03 00 00 00
00 00 00 00 00 00 00 00  00 14 00 00 00 00 00 00
00 00 00 00 00 00 0A 00  00 00 00 00 00 00 00 00
src regs sR: { 01 34 07 34 }
dst regs dR: { 03 36 }
IS: 3 IP: 13
% 
[balance] Running test 1/5...

 === machine state === 
mem M:
01 02 04 08 10 20 40 80  00 00 00 00 00 00 00 00
00 00 00 00 00 00 00 00  00 00 00 00 00 00 00 00
00 00 00 00 00 00 00 00  00 00 00 00 00 00 00 00
00 00 00 00 00 00 00 00  00 00 00 00 00 00 00 00
00 00 00 00 00 00 00 00  00 00 00 00 00 00 00 00
00 00 00 00 00 00 00 00  00 00 00 00 00 00 00 00
00 00 00 00 00 00 00 00  00 00 00 00 00 00 00 00
00 00 00 00 00 00 00 00  00 00 00 00 00 00 00 00
00 00 00 00 00 00 00 00  00 00 00 00 00 00 00 00
00 00 00 00 00 00 00 00  00 00 00 00 00 00 00 00
00 00 00 00 00 00 00 00  00 00 00 00 00 00 00 00
00 00 00 00 00 00 00 00  00 00 00 00 00 00 00 00
00 00 00 00 00 00 00 00  00 00 00 00 00 00 00 00
00 00 00 00 00 00 00 00  00 00 00 00 00 00 00 00
00 00 00 00 00 00 00 00  00 00 00 00 00 00 00 00
00 00 00 00 00 00 00 00  00 00 00 00 00 00 00 00
src regs sR: { BB 00 01 02 }
dst regs dR: { 03 04 }
IS: 1 IP: 0
.Your code halted, but didn't solve puzzle copyreg.
Try again to balance the score
 === machine state === 
mem M:
01 0C 13 00 38 20 4A 80  7A 00 8C 00 EB 12 00 24
00 39 00 4B 00 70 00 82  00 6F 08 00 1A 00 4A 00
5C 00 71 00 83 00 80 09  00 1B 00 40 00 52 00 82
00 94 00 76 1A 00 2C 00  41 00 53 00 78 00 8A 00
77 10 00 22 00 52 00 64  00 79 00 8B 00 88 11 00
23 00 48 00 5A 00 8A 00  9C 00 7E 22 00 34 00 49
00 5B 00 80 00 92 00 7F  18 00 2A 00 5A 00 6C 00
81 00 93 00 90 19 00 2B  00 50 00 62 00 92 00 A4
00 86 2A 00 3C 00 51 00  63 00 88 00 9A 00 87 20
00 32 00 62 00 74 00 89  00 9B 00 98 21 00 33 00
58 00 6A 00 9A 00 AC 00  8E 32 00 44 00 59 00 6B
00 90 00 AC 03 8F 28 00  3A 00 6A 00 7C 00 91 00
94 14 A0 29 00 3B 00 60  00 72 00 A2 00 95 0A 96
3A 00 4C 00 61 00 73 00  98 00 A6 0B 97 30 00 42
00 72 00 84 00 99 00 9C  1C A8 31 00 43 00 68 00
7A 00 AA 00 9D 12 9E 42  00 54 00 69 00 7B 00 A0
src regs sR: { 01 01 07 AF }
dst regs dR: { 03 0C }
IS: 3 IP: 13
% 
[balance] Running test 1/5...

 === machine state === 
mem M:
01 02 04 08 10 20 40 80  00 00 00 00 00 00 00 00
00 00 00 00 00 00 00 00  00 00 00 00 00 00 00 00
00 00 00 00 00 00 00 00  00 00 00 00 00 00 00 00
00 00 00 00 00 00 00 00  00 00 00 00 00 00 00 00
00 00 00 00 00 00 00 00  00 00 00 00 00 00 00 00
00 00 00 00 00 00 00 00  00 00 00 00 00 00 00 00
00 00 00 00 00 00 00 00  00 00 00 00 00 00 00 00
00 00 00 00 00 00 00 00  00 00 00 00 00 00 00 00
00 00 00 00 00 00 00 00  00 00 00 00 00 00 00 00
00 00 00 00 00 00 00 00  00 00 00 00 00 00 00 00
00 00 00 00 00 00 00 00  00 00 00 00 00 00 00 00
00 00 00 00 00 00 00 00  00 00 00 00 00 00 00 00
00 00 00 00 00 00 00 00  00 00 00 00 00 00 00 00
00 00 00 00 00 00 00 00  00 00 00 00 00 00 00 00
00 00 00 00 00 00 00 00  00 00 00 00 00 00 00 00
00 00 00 00 00 00 00 00  00 00 00 00 00 00 00 00
src regs sR: { 88 00 01 02 }
dst regs dR: { 03 04 }
IS: 1 IP: 0
Your code halted, but didn't solve puzzle copyreg.
Try again to balance the score
 === machine state === 
mem M:
01 02 04 00 10 20 40 80  00 00 00 00 00 12 00 05
00 06 00 00 00 00 00 00  00 00 08 00 16 00 07 00
00 00 00 00 00 00 00 09  00 0C 00 18 00 00 00 00
00 00 00 00 1A 00 0D 00  0E 00 00 00 00 00 00 00
00 10 00 1E 00 0F 00 00  00 00 00 00 00 00 11 00
14 00 20 00 00 00 00 00  00 00 00 22 00 15 00 16
00 00 00 00 00 00 00 00  18 00 26 00 17 00 00 00
00 00 00 00 00 19 00 1C  00 28 00 00 00 00 00 00
00 03 2A 00 1D 00 1E 00  00 00 00 00 00 00 14 20
00 A0 00 1F 00 00 00 00  00 00 00 0A 00 00 00 00
00 00 00 00 00 00 00 00  0B 00 00 00 00 00 00 00
00 00 00 00 00 1C 00 00  00 00 00 00 00 00 00 00
00 00 12 00 00 00 00 00  00 00 00 00 00 00 00 13
00 00 00 00 00 00 00 00  00 00 00 00 24 00 00 00
00 00 00 00 00 00 00 00  00 1A 00 00 00 00 00 00
00 00 00 00 00 00 1B 00  00 00 00 00 00 00 00 00
src regs sR: { 01 8F 07 8F }
dst regs dR: { 03 91 }
IS: 3 IP: 13
% 
[balance] Running test 1/5...

 === machine state === 
mem M:
01 02 04 08 10 20 40 80  00 00 00 00 00 00 00 00
00 00 00 00 00 00 00 00  00 00 00 00 00 00 00 00
00 00 00 00 00 00 00 00  00 00 00 00 00 00 00 00
00 00 00 00 00 00 00 00  00 00 00 00 00 00 00 00
00 00 00 00 00 00 00 00  00 00 00 00 00 00 00 00
00 00 00 00 00 00 00 00  00 00 00 00 00 00 00 00
00 00 00 00 00 00 00 00  00 00 00 00 00 00 00 00
00 00 00 00 00 00 00 00  00 00 00 00 00 00 00 00
00 00 00 00 00 00 00 00  00 00 00 00 00 00 00 00
00 00 00 00 00 00 00 00  00 00 00 00 00 00 00 00
00 00 00 00 00 00 00 00  00 00 00 00 00 00 00 00
00 00 00 00 00 00 00 00  00 00 00 00 00 00 00 00
00 00 00 00 00 00 00 00  00 00 00 00 00 00 00 00
00 00 00 00 00 00 00 00  00 00 00 00 00 00 00 00
00 00 00 00 00 00 00 00  00 00 00 00 00 00 00 00
00 00 00 00 00 00 00 00  00 00 00 00 00 00 00 00
src regs sR: { EC 00 01 02 }
dst regs dR: { 03 04 }
IS: 1 IP: 0
Your code halted, but didn't solve puzzle copyreg.
Try again to balance the score
 === machine state === 
mem M:
01 02 04 00 38 20 46 80  37 00 00 00 0B 12 00 05
00 39 00 3C 00 48 00 00  00 1C 08 00 16 00 4A 00
3D 00 3E 00 00 00 12 09  00 0C 00 40 00 C0 00 3F
00 00 00 13 1A 00 0D 00  0E 00 00 00 00 00 00 00
24 10 00 1E 00 0F 00 00  00 00 00 00 00 1A 11 00
14 00 20 00 00 00 00 00  00 00 1B 22 00 15 00 16
00 00 00 00 00 00 00 2C  18 00 26 00 17 00 00 00
00 00 00 00 22 19 00 1C  00 28 00 00 00 00 00 00
00 23 2A 00 1D 00 1E 00  00 00 00 00 00 00 34 20
00 2E 00 1F 00 00 00 00  00 00 00 2A 21 00 24 00
30 00 00 00 00 00 00 00  2B 32 00 25 00 26 00 00
00 00 00 00 00 3C 28 00  36 00 27 00 00 00 00 00
00 00 32 29 00 2C 00 38  00 00 00 00 00 00 00 33
3A 00 2D 00 2E 00 00 00  00 00 00 00 44 30 00 3E
00 2F 00 00 00 03 00 00  00 3A 31 00 34 00 40 00
00 00 14 00 00 00 3B 42  00 35 00 36 00 00 00 0A
src regs sR: { 01 2B 07 2B }
dst regs dR: { 03 2D }
IS: 3 IP: 13
% 
[balance] Running test 1/5...

 === machine state === 
mem M:
01 02 04 08 10 20 40 80  00 00 00 00 00 00 00 00
00 00 00 00 00 00 00 00  00 00 00 00 00 00 00 00
00 00 00 00 00 00 00 00  00 00 00 00 00 00 00 00
00 00 00 00 00 00 00 00  00 00 00 00 00 00 00 00
00 00 00 00 00 00 00 00  00 00 00 00 00 00 00 00
00 00 00 00 00 00 00 00  00 00 00 00 00 00 00 00
00 00 00 00 00 00 00 00  00 00 00 00 00 00 00 00
00 00 00 00 00 00 00 00  00 00 00 00 00 00 00 00
00 00 00 00 00 00 00 00  00 00 00 00 00 00 00 00
00 00 00 00 00 00 00 00  00 00 00 00 00 00 00 00
00 00 00 00 00 00 00 00  00 00 00 00 00 00 00 00
00 00 00 00 00 00 00 00  00 00 00 00 00 00 00 00
00 00 00 00 00 00 00 00  00 00 00 00 00 00 00 00
00 00 00 00 00 00 00 00  00 00 00 00 00 00 00 00
00 00 00 00 00 00 00 00  00 00 00 00 00 00 00 00
00 00 00 00 00 00 00 00  00 00 00 00 00 00 00 00
src regs sR: { FD 00 01 02 }
dst regs dR: { 03 04 }
IS: 1 IP: 0
Your code halted, but didn't solve puzzle copyreg.
Try again to balance the score
 === machine state === 
mem M:
01 02 04 00 10 20 40 80  00 00 00 00 00 12 00 05
00 06 00 00 00 00 00 00  00 00 08 00 88 00 07 00
00 00 00 00 00 00 00 00  00 00 00 00 00 00 00 00
00 00 00 00 00 00 00 00  00 00 00 00 00 00 00 00
00 00 00 00 00 00 00 00  00 00 00 00 00 00 00 00
00 00 00 00 00 00 00 00  00 00 00 00 00 00 00 00
00 00 00 00 00 00 00 00  00 00 00 00 00 00 00 00
00 00 00 00 00 00 00 00  00 00 00 00 00 00 00 00
00 00 00 00 00 00 00 00  00 00 00 00 00 00 00 00
00 00 00 00 00 00 00 00  00 00 00 00 00 00 00 00
00 00 00 00 00 00 00 00  00 00 00 00 00 00 00 00
00 00 00 00 00 00 00 00  00 00 00 00 00 00 00 00
00 00 00 00 00 00 00 00  00 00 00 00 00 00 00 00
00 00 00 00 00 00 00 00  00 00 00 00 00 00 00 00
00 00 00 00 00 00 00 00  00 00 00 00 00 00 00 00
00 00 00 00 00 00 03 00  00 00 00 00 00 00 00 00
src regs sR: { 01 1A 07 1A }
dst regs dR: { 03 1C }
IS: 3 IP: 13
% 
[balance] Running test 1/5...

 === machine state === 
mem M:
01 02 04 08 10 20 40 80  00 00 00 00 00 00 00 00
00 00 00 00 00 00 00 00  00 00 00 00 00 00 00 00
00 00 00 00 00 00 00 00  00 00 00 00 00 00 00 00
00 00 00 00 00 00 00 00  00 00 00 00 00 00 00 00
00 00 00 00 00 00 00 00  00 00 00 00 00 00 00 00
00 00 00 00 00 00 00 00  00 00 00 00 00 00 00 00
00 00 00 00 00 00 00 00  00 00 00 00 00 00 00 00
00 00 00 00 00 00 00 00  00 00 00 00 00 00 00 00
00 00 00 00 00 00 00 00  00 00 00 00 00 00 00 00
00 00 00 00 00 00 00 00  00 00 00 00 00 00 00 00
00 00 00 00 00 00 00 00  00 00 00 00 00 00 00 00
00 00 00 00 00 00 00 00  00 00 00 00 00 00 00 00
00 00 00 00 00 00 00 00  00 00 00 00 00 00 00 00
00 00 00 00 00 00 00 00  00 00 00 00 00 00 00 00
00 00 00 00 00 00 00 00  00 00 00 00 00 00 00 00
00 00 00 00 00 00 00 00  00 00 00 00 00 00 00 00
src regs sR: { ED 00 01 02 }
dst regs dR: { 03 04 }
IS: 1 IP: 0
.Your code halted, but didn't solve puzzle copyreg.
Try again to balance the score
 === machine state === 
mem M:
0A 0C 04 00 4C 20 46 80  73 00 6D 00 EB 0B 00 05
00 42 00 3C 00 84 00 7E  00 6F 1C 00 16 00 43 00
3D 00 7A 00 74 00 80 12  00 0C 00 54 00 4E 00 7B
00 75 00 76 13 00 0D 00  4A 00 44 00 8C 00 86 00
77 24 00 1E 00 4B 00 45  00 82 00 7C 00 88 1A 00
14 00 5C 00 56 00 83 00  7D 00 7E 1B 00 15 00 52
00 4C 00 94 00 8E 00 7F  2C 00 26 00 53 00 4D 00
8A 00 84 00 90 22 00 1C  00 64 00 5E 00 8B 00 85
00 86 23 00 1D 00 5A 00  54 00 9C 00 96 00 87 34
00 2E 00 5B 00 55 00 92  00 8C 00 98 2A 00 24 00
6C 00 66 00 93 00 8D 00  8E 2B 00 25 00 62 00 5C
00 A4 00 9E 00 8F 3C 00  36 00 63 00 5D 00 9A 00
94 00 A0 32 00 2C 00 74  00 6E 00 9B 00 95 00 96
33 00 2D 00 6A 00 64 00  AC 00 A6 00 97 44 00 3E
00 6B 00 65 00 AC 03 9C  00 A8 3A 00 34 00 7C 00
76 00 AA 14 9D 00 9E 3B  00 35 00 72 00 6C 00 A0
src regs sR: { 01 01 07 E1 }
dst regs dR: { 03 0C }
IS: 3 IP: 13
% 
[balance] Running test 1/5...

 === machine state === 
mem M:
01 02 04 08 10 20 40 80  00 00 00 00 00 00 00 00
00 00 00 00 00 00 00 00  00 00 00 00 00 00 00 00
00 00 00 00 00 00 00 00  00 00 00 00 00 00 00 00
00 00 00 00 00 00 00 00  00 00 00 00 00 00 00 00
00 00 00 00 00 00 00 00  00 00 00 00 00 00 00 00
00 00 00 00 00 00 00 00  00 00 00 00 00 00 00 00
00 00 00 00 00 00 00 00  00 00 00 00 00 00 00 00
00 00 00 00 00 00 00 00  00 00 00 00 00 00 00 00
00 00 00 00 00 00 00 00  00 00 00 00 00 00 00 00
00 00 00 00 00 00 00 00  00 00 00 00 00 00 00 00
00 00 00 00 00 00 00 00  00 00 00 00 00 00 00 00
00 00 00 00 00 00 00 00  00 00 00 00 00 00 00 00
00 00 00 00 00 00 00 00  00 00 00 00 00 00 00 00
00 00 00 00 00 00 00 00  00 00 00 00 00 00 00 00
00 00 00 00 00 00 00 00  00 00 00 00 00 00 00 00
00 00 00 00 00 00 00 00  00 00 00 00 00 00 00 00
src regs sR: { A6 00 01 02 }
dst regs dR: { 03 04 }
IS: 1 IP: 0
. === machine state === 
mem M:
01 0C 82 08 38 20 46 1A  7A 00 6D 5C 71 12 00 83
00 39 00 3C 1B 70 00 7E  52 6F 08 00 94 00 4A 00
3D 2C 71 00 74 53 80 09  00 8A 00 40 00 4E 22 82
00 75 64 76 1A 00 8B 00  41 00 44 23 78 00 86 5A
77 10 00 9C 00 52 00 45  34 79 00 7C 5B 88 11 00
92 00 48 00 56 2A 8A 00  7D 6C 7E 22 00 93 00 49
00 4C 2B 80 00 8E 62 7F  18 00 A4 00 5A 00 4D 3C
81 00 84 63 90 19 00 9A  00 50 00 5E 32 92 00 85
74 86 2A 00 9B 00 51 00  54 33 88 00 96 6A 87 20
00 AC 00 62 00 55 44 89  00 8C 6B 98 21 00 AC 03
58 00 66 3A 9A 00 8D 7C  8E 32 00 25 14 59 00 5C
3B 90 00 9E 72 8F 28 00  36 0A 6A 00 5D 4C 91 00
94 73 A0 29 00 2C 0B 60  00 6E 42 A2 00 95 84 96
3A 00 2D 1C 61 00 64 43  98 00 A6 7A 97 30 00 3E
12 72 00 65 54 99 00 9C  7B A8 31 00 34 13 68 00
76 4A AA 00 9D 8C 9E 42  00 35 24 69 00 6C 4B A0
src regs sR: { 01 01 07 9A }
dst regs dR: { 03 0C }
IS: 3 IP: 13

[balance] Running test 2/5...

 === machine state === 
mem M:
01 02 04 08 10 20 40 80  00 00 00 00 00 00 00 00
00 00 00 00 00 00 00 00  00 00 00 00 00 00 00 00
00 00 00 00 00 00 00 00  00 00 00 00 00 00 00 00
00 00 00 00 00 00 00 00  00 00 00 00 00 00 00 00
00 00 00 00 00 00 00 00  00 00 00 00 00 00 00 00
00 00 00 00 00 00 00 00  00 00 00 00 00 00 00 00
00 00 00 00 00 00 00 00  00 00 00 00 00 00 00 00
00 00 00 00 00 00 00 00  00 00 00 00 00 00 00 00
00 00 00 00 00 00 00 00  00 00 00 00 00 00 00 00
00 00 00 00 00 00 00 00  00 00 00 00 00 00 00 00
00 00 00 00 00 00 00 00  00 00 00 00 00 00 00 00
00 00 00 00 00 00 00 00  00 00 00 00 00 00 00 00
00 00 00 00 00 00 00 00  00 00 00 00 00 00 00 00
00 00 00 00 00 00 00 00  00 00 00 00 00 00 00 00
00 00 00 00 00 00 00 00  00 00 00 00 00 00 00 00
00 00 00 00 00 00 00 00  00 00 00 00 00 00 00 00
src regs sR: { AB 00 01 02 }
dst regs dR: { 03 04 }
IS: 1 IP: 0
Your code halted, but didn't solve puzzle copyreg.
Try again to balance the score
 === machine state === 
mem M:
01 02 04 00 38 20 46 80  37 00 00 00 1A 12 00 05
00 39 00 3C 00 48 00 00  00 1B 08 00 16 00 4A 00
3D 00 3E 00 00 00 2C 09  00 0C 00 40 00 4E 00 3F
00 00 00 22 1A 00 0D 00  41 00 44 00 50 00 00 00
23 10 00 1E 00 52 00 45  00 46 00 00 00 34 11 00
14 00 48 00 56 00 47 00  00 00 2A 22 00 15 00 49
00 4C 00 58 00 00 00 2B  18 00 26 00 5A 00 DA 00
4E 00 00 00 3C 19 00 1C  00 28 00 00 00 00 00 00
00 32 2A 00 1D 00 1E 00  00 00 00 00 00 00 33 20
00 2E 00 1F 00 00 00 00  00 00 00 44 21 00 24 00
30 00 00 00 03 00 00 00  3A 32 00 25 00 26 00 00
00 14 00 00 00 3B 28 00  36 00 27 00 00 00 0A 00
00 00 4C 29 00 2C 00 38  00 00 00 0B 00 00 00 42
3A 00 2D 00 2E 00 00 00  1C 00 00 00 43 30 00 3E
00 2F 00 00 00 12 00 00  00 54 31 00 34 00 40 00
00 00 13 00 00 00 4A 42  00 35 00 36 00 00 00 24
src regs sR: { 01 6C 07 6C }
dst regs dR: { 03 6E }
IS: 3 IP: 13
% 
[balance] Running test 1/5...

 === machine state === 
mem M:
01 02 04 08 10 20 40 80  00 00 00 00 00 00 00 00
00 00 00 00 00 00 00 00  00 00 00 00 00 00 00 00
00 00 00 00 00 00 00 00  00 00 00 00 00 00 00 00
00 00 00 00 00 00 00 00  00 00 00 00 00 00 00 00
00 00 00 00 00 00 00 00  00 00 00 00 00 00 00 00
00 00 00 00 00 00 00 00  00 00 00 00 00 00 00 00
00 00 00 00 00 00 00 00  00 00 00 00 00 00 00 00
00 00 00 00 00 00 00 00  00 00 00 00 00 00 00 00
00 00 00 00 00 00 00 00  00 00 00 00 00 00 00 00
00 00 00 00 00 00 00 00  00 00 00 00 00 00 00 00
00 00 00 00 00 00 00 00  00 00 00 00 00 00 00 00
00 00 00 00 00 00 00 00  00 00 00 00 00 00 00 00
00 00 00 00 00 00 00 00  00 00 00 00 00 00 00 00
00 00 00 00 00 00 00 00  00 00 00 00 00 00 00 00
00 00 00 00 00 00 00 00  00 00 00 00 00 00 00 00
00 00 00 00 00 00 00 00  00 00 00 00 00 00 00 00
src regs sR: { 29 00 01 02 }
dst regs dR: { 03 04 }
IS: 1 IP: 0
 === machine state === 
mem M:
01 02 04 00 38 20 46 80  37 00 00 00 33 12 00 05
00 39 00 3C 00 48 00 00  00 44 08 00 16 00 4A 00
3D 00 3E 00 00 00 3A 09  00 0C 00 40 00 4E 00 3F
00 00 00 3B 1A 00 0D 00  41 00 44 00 50 00 00 00
4C 10 00 1E 00 52 00 45  00 46 00 00 00 42 11 00
14 00 48 00 56 00 47 00  00 00 43 22 00 15 00 49
00 4C 00 58 00 00 00 54  18 00 26 00 5A 00 4D 00
4E 00 00 00 4A 19 00 1C  00 50 00 5E 00 4F 00 00
00 4B 2A 00 1D 00 51 00  54 00 60 00 00 00 5C 20
00 2E 00 62 00 55 00 56  00 00 00 52 21 00 24 00
58 00 66 00 57 00 00 00  53 32 00 25 00 59 00 5C
00 68 00 00 00 64 28 00  36 00 6A 00 5D 00 5E 00
00 00 5A 29 00 2C 00 60  00 6E 00 5F 00 00 00 5B
3A 00 2D 00 61 00 64 00  70 00 00 00 6C 30 00 3E
00 72 00 65 00 66 00 00  00 62 31 00 34 00 68 00
E8 00 67 00 00 00 63 42  00 35 00 36 00 00 00 32
src regs sR: { 01 EE 07 EE }
dst regs dR: { 03 F0 }
IS: 3 IP: 13

[balance] Running test 2/5...

 === machine state === 
mem M:
01 02 04 08 10 20 40 80  00 00 00 00 00 00 00 00
00 00 00 00 00 00 00 00  00 00 00 00 00 00 00 00
00 00 00 00 00 00 00 00  00 00 00 00 00 00 00 00
00 00 00 00 00 00 00 00  00 00 00 00 00 00 00 00
00 00 00 00 00 00 00 00  00 00 00 00 00 00 00 00
00 00 00 00 00 00 00 00  00 00 00 00 00 00 00 00
00 00 00 00 00 00 00 00  00 00 00 00 00 00 00 00
00 00 00 00 00 00 00 00  00 00 00 00 00 00 00 00
00 00 00 00 00 00 00 00  00 00 00 00 00 00 00 00
00 00 00 00 00 00 00 00  00 00 00 00 00 00 00 00
00 00 00 00 00 00 00 00  00 00 00 00 00 00 00 00
00 00 00 00 00 00 00 00  00 00 00 00 00 00 00 00
00 00 00 00 00 00 00 00  00 00 00 00 00 00 00 00
00 00 00 00 00 00 00 00  00 00 00 00 00 00 00 00
00 00 00 00 00 00 00 00  00 00 00 00 00 00 00 00
00 00 00 00 00 00 00 00  00 00 00 00 00 00 00 00
src regs sR: { E3 00 01 02 }
dst regs dR: { 03 04 }
IS: 1 IP: 0
Your code halted, but didn't solve puzzle copyreg.
Try again to balance the score
 === machine state === 
mem M:
01 02 04 00 10 20 40 80  00 00 00 00 00 12 00 05
00 06 00 00 00 00 00 00  00 00 08 00 16 00 07 00
00 00 00 00 00 00 00 09  00 0C 00 18 00 00 00 00
00 00 00 00 1A 00 9A 00  0E 00 00 00 00 00 00 00
00 00 00 00 00 00 00 00  00 00 00 00 00 00 00 00
00 00 00 00 00 00 00 00  00 00 00 00 00 00 00 00
00 00 00 00 00 00 00 00  00 00 00 00 00 00 00 00
00 00 00 00 00 00 00 00  00 00 00 00 00 00 00 00
00 00 00 00 00 00 00 00  00 00 00 00 00 00 00 00
00 00 00 00 00 00 00 00  00 00 00 00 00 00 00 00
00 00 00 00 00 00 00 00  00 00 00 00 00 00 00 00
00 00 00 00 00 00 00 00  00 00 00 00 00 00 00 00
00 00 00 00 00 00 00 00  00 00 00 00 00 00 00 00
00 00 00 00 00 00 00 00  00 00 00 00 03 00 00 00
00 00 00 00 00 00 00 00  00 14 00 00 00 00 00 00
00 00 00 00 00 00 0A 00  00 00 00 00 00 00 00 00
src regs sR: { 01 34 07 34 }
dst regs dR: { 03 36 }
IS: 3 IP: 13
% 
[balance] Running test 1/5...

 === machine state === 
mem M:
01 02 04 08 10 20 40 80  00 00 00 00 00 00 00 00
00 00 00 00 00 00 00 00  00 00 00 00 00 00 00 00
00 00 00 00 00 00 00 00  00 00 00 00 00 00 00 00
00 00 00 00 00 00 00 00  00 00 00 00 00 00 00 00
00 00 00 00 00 00 00 00  00 00 00 00 00 00 00 00
00 00 00 00 00 00 00 00  00 00 00 00 00 00 00 00
00 00 00 00 00 00 00 00  00 00 00 00 00 00 00 00
00 00 00 00 00 00 00 00  00 00 00 00 00 00 00 00
00 00 00 00 00 00 00 00  00 00 00 00 00 00 00 00
00 00 00 00 00 00 00 00  00 00 00 00 00 00 00 00
00 00 00 00 00 00 00 00  00 00 00 00 00 00 00 00
00 00 00 00 00 00 00 00  00 00 00 00 00 00 00 00
00 00 00 00 00 00 00 00  00 00 00 00 00 00 00 00
00 00 00 00 00 00 00 00  00 00 00 00 00 00 00 00
00 00 00 00 00 00 00 00  00 00 00 00 00 00 00 00
00 00 00 00 00 00 00 00  00 00 00 00 00 00 00 00
src regs sR: { 87 00 01 02 }
dst regs dR: { 03 04 }
IS: 1 IP: 0
. === machine state === 
mem M:
01 0C 2C 00 38 20 53 80  7A 00 8A 00 EB 12 00 22
00 39 00 64 00 70 00 8B  00 6F 08 00 23 00 4A 00
5A 00 71 00 9C 00 80 09  00 34 00 40 00 5B 00 82
00 92 00 76 1A 00 2A 00  41 00 6C 00 78 00 93 00
77 10 00 2B 00 52 00 62  00 79 00 A4 00 88 11 00
3C 00 48 00 63 00 8A 00  9A 00 7E 22 00 32 00 49
00 74 00 80 00 9B 00 7F  18 00 33 00 5A 00 6A 00
81 00 AC 00 90 19 00 44  00 50 00 6B 00 92 00 AC
03 86 2A 00 3A 00 51 00  7C 00 88 00 96 14 87 20
00 3B 00 62 00 72 00 89  00 8C 0A 98 21 00 4C 00
58 00 73 00 9A 00 8D 0B  8E 32 00 42 00 59 00 84
00 90 00 9E 1C 8F 28 00  43 00 6A 00 7A 00 91 00
94 12 A0 29 00 54 00 60  00 7B 00 A2 00 95 13 96
3A 00 4A 00 61 00 8C 00  98 00 A6 24 97 30 00 4B
00 72 00 82 00 99 00 9C  1A A8 31 00 5C 00 68 00
83 00 AA 00 9D 1B 9E 42  00 52 00 69 00 94 00 A0
src regs sR: { 01 01 07 7B }
dst regs dR: { 03 0C }
IS: 3 IP: 13

[balance] Running test 2/5...

 === machine state === 
mem M:
01 02 04 08 10 20 40 80  00 00 00 00 00 00 00 00
00 00 00 00 00 00 00 00  00 00 00 00 00 00 00 00
00 00 00 00 00 00 00 00  00 00 00 00 00 00 00 00
00 00 00 00 00 00 00 00  00 00 00 00 00 00 00 00
00 00 00 00 00 00 00 00  00 00 00 00 00 00 00 00
00 00 00 00 00 00 00 00  00 00 00 00 00 00 00 00
00 00 00 00 00 00 00 00  00 00 00 00 00 00 00 00
00 00 00 00 00 00 00 00  00 00 00 00 00 00 00 00
00 00 00 00 00 00 00 00  00 00 00 00 00 00 00 00
00 00 00 00 00 00 00 00  00 00 00 00 00 00 00 00
00 00 00 00 00 00 00 00  00 00 00 00 00 00 00 00
00 00 00 00 00 00 00 00  00 00 00 00 00 00 00 00
00 00 00 00 00 00 00 00  00 00 00 00 00 00 00 00
00 00 00 00 00 00 00 00  00 00 00 00 00 00 00 00
00 00 00 00 00 00 00 00  00 00 00 00 00 00 00 00
00 00 00 00 00 00 00 00  00 00 00 00 00 00 00 00
src regs sR: { 65 00 01 02 }
dst regs dR: { 03 04 }
IS: 1 IP: 0
. === machine state === 
mem M:
01 0C 9C 04 38 20 46 34  7A 00 6D 5B 5F 12 00 92
00 39 00 3C 2A 70 00 7E  6C 6F 08 00 93 00 4A 00
3D 2B 71 00 74 62 80 09  00 A4 00 40 00 4E 3C 82
00 75 63 76 1A 00 9A 00  41 00 44 32 78 00 86 74
77 10 00 9B 00 52 00 45  33 79 00 7C 6A 88 11 00
AC 00 48 00 56 44 8A 00  7D 6B 7E 22 00 AC 03 49
00 4C 3A 80 00 8E 7C 7F  18 00 26 14 5A 00 4D 3B
81 00 84 72 90 19 00 1C  0A 50 00 5E 4C 92 00 85
73 86 2A 00 1D 0B 51 00  54 42 88 00 96 84 87 20
00 2E 1C 62 00 55 43 89  00 8C 7A 98 21 00 24 12
58 00 66 54 9A 00 8D 7B  8E 32 00 25 13 59 00 5C
4A 90 00 9E 8C 8F 28 00  36 24 6A 00 5D 4B 91 00
94 82 A0 29 00 2C 1A 60  00 6E 5C A2 00 95 83 96
3A 00 2D 1B 61 00 64 52  98 00 A6 94 97 30 00 3E
2C 72 00 65 53 99 00 9C  8A A8 31 00 34 22 68 00
76 64 AA 00 9D 8B 9E 42  00 35 23 69 00 6C 5A A0
src regs sR: { 01 01 07 59 }
dst regs dR: { 03 0C }
IS: 3 IP: 13

[balance] Running test 3/5...

 === machine state === 
mem M:
01 02 04 08 10 20 40 80  00 00 00 00 00 00 00 00
00 00 00 00 00 00 00 00  00 00 00 00 00 00 00 00
00 00 00 00 00 00 00 00  00 00 00 00 00 00 00 00
00 00 00 00 00 00 00 00  00 00 00 00 00 00 00 00
00 00 00 00 00 00 00 00  00 00 00 00 00 00 00 00
00 00 00 00 00 00 00 00  00 00 00 00 00 00 00 00
00 00 00 00 00 00 00 00  00 00 00 00 00 00 00 00
00 00 00 00 00 00 00 00  00 00 00 00 00 00 00 00
00 00 00 00 00 00 00 00  00 00 00 00 00 00 00 00
00 00 00 00 00 00 00 00  00 00 00 00 00 00 00 00
00 00 00 00 00 00 00 00  00 00 00 00 00 00 00 00
00 00 00 00 00 00 00 00  00 00 00 00 00 00 00 00
00 00 00 00 00 00 00 00  00 00 00 00 00 00 00 00
00 00 00 00 00 00 00 00  00 00 00 00 00 00 00 00
00 00 00 00 00 00 00 00  00 00 00 00 00 00 00 00
00 00 00 00 00 00 00 00  00 00 00 00 00 00 00 00
src regs sR: { 82 00 01 02 }
dst regs dR: { 03 04 }
IS: 1 IP: 0
.Your code halted, but didn't solve puzzle copyreg.
Try again to balance the score
 === machine state === 
mem M:
01 45 04 00 38 9B 46 80  E1 00 C6 00 D5 12 EA 05
00 39 D1 3C 00 1A 00 6B  00 0B 08 23 16 00 4A 76
3D 00 50 00 A4 00 B0 09  59 0C 00 40 AF 4E 00 F5
00 DA 00 E9 1A FE 0D 00  41 E5 44 00 2E 00 7F 00
1F 10 37 1E 00 52 00 45  00 64 00 B8 00 C4 11 6D
14 00 48 00 56 00 09 00  EE 00 FD 22 12 15 00 49
00 4C 00 42 00 93 00 33  18 4B 26 00 5A 00 4D 00
78 00 CC 00 D8 19 81 1C  00 50 00 5E 00 1D 00 02
00 11 2A 26 1D 00 51 00  54 00 56 00 A7 00 47 20
5F 2E 00 A5 00 8A 00 8C  00 E0 00 EC 21 95 24 00
DE 00 2F 00 31 00 16 00  25 32 3A 25 00 14 00 68
00 6A 00 BB 00 5B 28 73  36 00 B9 00 9E 00 A0 00
F4 00 00 29 A9 2C 00 F2  00 43 00 FE 00 4A 00 00
3A 4E 2D 00 28 00 7C 00  88 00 4B 00 00 30 87 3E
00 CD 00 B2 00 C1 00 5C  00 00 31 BD 34 00 06 00
57 00 F7 00 52 00 00 42  62 35 00 3C 00 90 00 9C
src regs sR: { 01 C0 C6 35 }
dst regs dR: { 03 CB }
IS: 3 IP: 13
% 
[balance] Running test 1/5...

 === machine state === 
mem M:
01 02 04 08 10 20 40 80  00 00 00 00 00 00 00 00
00 00 00 00 00 00 00 00  00 00 00 00 00 00 00 00
00 00 00 00 00 00 00 00  00 00 00 00 00 00 00 00
00 00 00 00 00 00 00 00  00 00 00 00 00 00 00 00
00 00 00 00 00 00 00 00  00 00 00 00 00 00 00 00
00 00 00 00 00 00 00 00  00 00 00 00 00 00 00 00
00 00 00 00 00 00 00 00  00 00 00 00 00 00 00 00
00 00 00 00 00 00 00 00  00 00 00 00 00 00 00 00
00 00 00 00 00 00 00 00  00 00 00 00 00 00 00 00
00 00 00 00 00 00 00 00  00 00 00 00 00 00 00 00
00 00 00 00 00 00 00 00  00 00 00 00 00 00 00 00
00 00 00 00 00 00 00 00  00 00 00 00 00 00 00 00
00 00 00 00 00 00 00 00  00 00 00 00 00 00 00 00
00 00 00 00 00 00 00 00  00 00 00 00 00 00 00 00
00 00 00 00 00 00 00 00  00 00 00 00 00 00 00 00
00 00 00 00 00 00 00 00  00 00 00 00 00 00 00 00
src regs sR: { 99 00 01 02 }
dst regs dR: { 03 04 }
IS: 1 IP: 0
. === machine state === 
mem M:
01 0C 83 08 38 20 46 1B  7A 00 6D 52 70 12 00 94
00 39 00 3C 2C 70 00 7E  53 6F 08 00 8A 00 4A 00
3D 22 71 00 74 64 80 09  00 8B 00 40 00 4E 23 82
00 75 5A 76 1A 00 9C 00  41 00 44 34 78 00 86 5B
77 10 00 92 00 52 00 45  2A 79 00 7C 6C 88 11 00
93 00 48 00 56 2B 8A 00  7D 62 7E 22 00 A4 00 49
00 4C 3C 80 00 8E 63 7F  18 00 9A 00 5A 00 4D 32
81 00 84 74 90 19 00 9B  00 50 00 5E 33 92 00 85
6A 86 2A 00 AC 00 51 00  54 44 88 00 96 6B 87 20
00 AC 03 62 00 55 3A 89  00 8C 7C 98 21 00 24 14
58 00 66 3B 9A 00 8D 72  8E 32 00 25 0A 59 00 5C
4C 90 00 9E 73 8F 28 00  36 0B 6A 00 5D 42 91 00
94 84 A0 29 00 2C 1C 60  00 6E 43 A2 00 95 7A 96
3A 00 2D 12 61 00 64 54  98 00 A6 7B 97 30 00 3E
13 72 00 65 4A 99 00 9C  8C A8 31 00 34 24 68 00
76 4B AA 00 9D 82 9E 42  00 35 1A 69 00 6C 5C A0
src regs sR: { 01 01 07 8D }
dst regs dR: { 03 0C }
IS: 3 IP: 13

[balance] Running test 2/5...

 === machine state === 
mem M:
01 02 04 08 10 20 40 80  00 00 00 00 00 00 00 00
00 00 00 00 00 00 00 00  00 00 00 00 00 00 00 00
00 00 00 00 00 00 00 00  00 00 00 00 00 00 00 00
00 00 00 00 00 00 00 00  00 00 00 00 00 00 00 00
00 00 00 00 00 00 00 00  00 00 00 00 00 00 00 00
00 00 00 00 00 00 00 00  00 00 00 00 00 00 00 00
00 00 00 00 00 00 00 00  00 00 00 00 00 00 00 00
00 00 00 00 00 00 00 00  00 00 00 00 00 00 00 00
00 00 00 00 00 00 00 00  00 00 00 00 00 00 00 00
00 00 00 00 00 00 00 00  00 00 00 00 00 00 00 00
00 00 00 00 00 00 00 00  00 00 00 00 00 00 00 00
00 00 00 00 00 00 00 00  00 00 00 00 00 00 00 00
00 00 00 00 00 00 00 00  00 00 00 00 00 00 00 00
00 00 00 00 00 00 00 00  00 00 00 00 00 00 00 00
00 00 00 00 00 00 00 00  00 00 00 00 00 00 00 00
00 00 00 00 00 00 00 00  00 00 00 00 00 00 00 00
src regs sR: { EB 00 01 02 }
dst regs dR: { 03 04 }
IS: 1 IP: 0
. === machine state === 
mem M:
01 0C 4C 00 38 20 73 80  7A 00 6D 0B EB 12 00 42
00 39 00 84 00 70 00 7E  1C 6F 08 00 43 00 4A 00
7A 00 71 00 74 12 80 09  00 54 00 40 00 7B 00 82
00 75 13 76 1A 00 4A 00  41 00 8C 00 78 00 86 24
77 10 00 4B 00 52 00 82  00 79 00 7C 1A 88 11 00
5C 00 48 00 83 00 8A 00  7D 1B 7E 22 00 52 00 49
00 94 00 80 00 8E 2C 7F  18 00 53 00 5A 00 8A 00
81 00 84 22 90 19 00 64  00 50 00 8B 00 92 00 85
23 86 2A 00 5A 00 51 00  9C 00 88 00 96 34 87 20
00 5B 00 62 00 92 00 89  00 8C 2A 98 21 00 6C 00
58 00 93 00 9A 00 8D 2B  8E 32 00 62 00 59 00 A4
00 90 00 9E 3C 8F 28 00  63 00 6A 00 9A 00 91 00
94 32 A0 29 00 74 00 60  00 9B 00 A2 00 95 33 96
3A 00 6A 00 61 00 AC 00  98 00 A6 44 97 30 00 6B
00 72 00 AC 03 99 00 9C  3A A8 31 00 7C 00 68 00
76 14 AA 00 9D 3B 9E 42  00 72 00 69 00 6C 0A A0
src regs sR: { 01 01 07 DF }
dst regs dR: { 03 0C }
IS: 3 IP: 13

[balance] Running test 3/5...

 === machine state === 
mem M:
01 02 04 08 10 20 40 80  00 00 00 00 00 00 00 00
00 00 00 00 00 00 00 00  00 00 00 00 00 00 00 00
00 00 00 00 00 00 00 00  00 00 00 00 00 00 00 00
00 00 00 00 00 00 00 00  00 00 00 00 00 00 00 00
00 00 00 00 00 00 00 00  00 00 00 00 00 00 00 00
00 00 00 00 00 00 00 00  00 00 00 00 00 00 00 00
00 00 00 00 00 00 00 00  00 00 00 00 00 00 00 00
00 00 00 00 00 00 00 00  00 00 00 00 00 00 00 00
00 00 00 00 00 00 00 00  00 00 00 00 00 00 00 00
00 00 00 00 00 00 00 00  00 00 00 00 00 00 00 00
00 00 00 00 00 00 00 00  00 00 00 00 00 00 00 00
00 00 00 00 00 00 00 00  00 00 00 00 00 00 00 00
00 00 00 00 00 00 00 00  00 00 00 00 00 00 00 00
00 00 00 00 00 00 00 00  00 00 00 00 00 00 00 00
00 00 00 00 00 00 00 00  00 00 00 00 00 00 00 00
00 00 00 00 00 00 00 00  00 00 00 00 00 00 00 00
src regs sR: { 63 00 01 02 }
dst regs dR: { 03 04 }
IS: 1 IP: 0
. === machine state === 
mem M:
9C 0C 04 00 38 34 46 80  7A 5B 6D 00 EB 92 00 05
00 39 2A 3C 00 70 6C 7E  00 6F 93 00 16 00 4A 2B
3D 00 71 62 74 00 80 A4  00 0C 00 40 3C 4E 00 82
63 75 00 76 9A 00 0D 00  41 32 44 00 78 74 86 00
77 9B 00 1E 00 52 33 45  00 79 6A 7C 00 88 AC 00
14 00 48 44 56 00 8A 6B  7D 00 7E AC 03 15 00 49
3A 4C 00 80 7C 8E 00 7F  18 14 26 00 5A 3B 4D 00
81 72 84 00 90 19 0A 1C  00 50 4C 5E 00 92 73 85
00 86 2A 0B 1D 00 51 42  54 00 88 84 96 00 87 20
1C 2E 00 62 43 55 00 89  7A 8C 00 98 21 12 24 00
58 54 66 00 9A 7B 8D 00  8E 32 13 25 00 59 4A 5C
00 90 8C 9E 00 8F 28 24  36 00 6A 4B 5D 00 91 82
94 00 A0 29 1A 2C 00 60  5C 6E 00 A2 83 95 00 96
3A 1B 2D 00 61 52 64 00  98 94 A6 00 97 30 2C 3E
00 72 53 65 00 99 8A 9C  00 A8 31 22 34 00 68 64
76 00 AA 8B 9D 00 9E 42  23 35 00 69 5A 6C 00 A0
src regs sR: { 01 01 07 57 }
dst regs dR: { 03 0C }
IS: 3 IP: 13

[balance] Running test 4/5...

 === machine state === 
mem M:
01 02 04 08 10 20 40 80  00 00 00 00 00 00 00 00
00 00 00 00 00 00 00 00  00 00 00 00 00 00 00 00
00 00 00 00 00 00 00 00  00 00 00 00 00 00 00 00
00 00 00 00 00 00 00 00  00 00 00 00 00 00 00 00
00 00 00 00 00 00 00 00  00 00 00 00 00 00 00 00
00 00 00 00 00 00 00 00  00 00 00 00 00 00 00 00
00 00 00 00 00 00 00 00  00 00 00 00 00 00 00 00
00 00 00 00 00 00 00 00  00 00 00 00 00 00 00 00
00 00 00 00 00 00 00 00  00 00 00 00 00 00 00 00
00 00 00 00 00 00 00 00  00 00 00 00 00 00 00 00
00 00 00 00 00 00 00 00  00 00 00 00 00 00 00 00
00 00 00 00 00 00 00 00  00 00 00 00 00 00 00 00
00 00 00 00 00 00 00 00  00 00 00 00 00 00 00 00
00 00 00 00 00 00 00 00  00 00 00 00 00 00 00 00
00 00 00 00 00 00 00 00  00 00 00 00 00 00 00 00
00 00 00 00 00 00 00 00  00 00 00 00 00 00 00 00
src regs sR: { FD 00 01 02 }
dst regs dR: { 03 04 }
IS: 1 IP: 0
Your code halted, but didn't solve puzzle copyreg.
Try again to balance the score
 === machine state === 
mem M:
01 02 04 00 10 20 40 80  00 00 00 00 00 12 00 05
00 06 00 00 00 00 00 00  00 00 08 00 88 00 07 00
00 00 00 00 00 00 00 00  00 00 00 00 00 00 00 00
00 00 00 00 00 00 00 00  00 00 00 00 00 00 00 00
00 00 00 00 00 00 00 00  00 00 00 00 00 00 00 00
00 00 00 00 00 00 00 00  00 00 00 00 00 00 00 00
00 00 00 00 00 00 00 00  00 00 00 00 00 00 00 00
00 00 00 00 00 00 00 00  00 00 00 00 00 00 00 00
00 00 00 00 00 00 00 00  00 00 00 00 00 00 00 00
00 00 00 00 00 00 00 00  00 00 00 00 00 00 00 00
00 00 00 00 00 00 00 00  00 00 00 00 00 00 00 00
00 00 00 00 00 00 00 00  00 00 00 00 00 00 00 00
00 00 00 00 00 00 00 00  00 00 00 00 00 00 00 00
00 00 00 00 00 00 00 00  00 00 00 00 00 00 00 00
00 00 00 00 00 00 00 00  00 00 00 00 00 00 00 00
00 00 00 00 00 00 03 00  00 00 00 00 00 00 00 00
src regs sR: { 01 1A 07 1A }
dst regs dR: { 03 1C }
IS: 3 IP: 13
% UMIX shutdown: console EOF
