publication line: INCORRECT!
00000000 000093be 0a 00020519 0000000a 00000003 00020518 00000083 00020524 00000000 00000002
00000000 000093be 0a 0002051a 0000000a 00000003 00020518 00000083 00020525 00000000 00000002
00000000 000093be 0a 0002051b 0000000a 00000003 00020518 00000083 00020526 00000000 00000002
00000000 000093be 0a 0002051c 0000000a 00000003 00020518 00000083 00020527 00000000 00000002
00000000 000093be 0a 0002051d 0000000a 00000003 00020518 00000083 00020528 00000000 00000002
00000000 000093be 0a 0002051e 0000000a 00000003 00020518 00000083 00020529 00000000 00000002
00000000 000093be 0a 0002051f 0000000a 00000003 00020518 00000083 0002052a 00000000 00000002
00000000 000093be 0a 00020520 0000000a 00000003 00020518 00000083 0002052b 00000000 00000002
00000000 000093be 0a 00020521 0000000a 00000003 00020518 00000083 0002052c 00000000 00000002
00000000 000093be 0a 00020522 0000000a 00000003 00020518 00000083 0002052d 00000000 00000002
00000000 000093be 0a 00020530 0000000a 00000003 0002052f 00000083 0002053b 00000000 00000002
00000000 000093be 0a 00020531 0000000a 00000003 0002052f 00000083 0002053c 00000000 00000002
00000000 000093be 0a 00020532 0000000a 00000003 0002052f 00000083 0002053d 00000000 00000002
00000000 000093be 0a 00020533 0000000a 00000003 0002052f 00000083 0002053e 00000000 00000002
00000000 000093be 0a 00020534 0000000a 00000003 0002052f 00000083 0002053f 00000000 00000002
00000000 000093be 0a 00020535 0000000a 00000003 0002052f 00000083 00020540 00000000 00000002
00000000 000093be 0a 00020536 0000000a 00000003 0002052f 00000083 00020541 00000000 00000002
00000000 000093be 0a 00020537 0000000a 00000003 0002052f 00000083 00020542 00000000 00000002
00000000 000093be 0a 00020538 0000000a 00000003 0002052f 00000083 00020543 00000000 00000002
00000000 000093be 0a 00020539 0000000a 00000003 0002052f 00000083 00020544 00000000 00000002
00000000 000093be 0a 00020547 0000000a 00000003 00020546 00000083 00020552 00000000 00000002
00000000 000093be 0a 00020548 0000000a 00000003 00020546 00000083 00020553 00000000 00000002
00000000 000093be 0a 00020549 0000000a 00000003 00020546 00000083 00020554 00000000 00000002
00000000 000093be 0a 0002054a 0000000a 00000003 00020546 00000083 00020555 00000000 00000002
00000000 000093be 0a 0002054b 0000000a 00000003 00020546 00000083 00020556 00000000 00000002
00000000 000093be 0a 0002054c 0000000a 00000003 00020546 00000083 00020557 00000000 00000002
00000000 000093be 0a 0002054d 0000000a 00000003 00020546 00000083 00020558 00000000 00000002
00000000 000093be 0a 0002054e 0000000a 00000003 00020546 00000083 00020559 00000000 00000002
00000000 000093be 0a 0002054f 0000000a 00000003 00020546 00000083 0002055a 00000000 00000002
00000000 000093be 0a 00020550 0000000a 00000003 00020546 00000083 0002055b 00000000 00000002
00000000 000093be 0a 0002055e 0000000a 00000003 0002055d 00000083 00020569 00000000 00000002
00000000 000093be 0a 0002055f 0000000a 00000003 0002055d 00000083 0002056a 00000000 00000002
00000000 000093be 0a 00020560 0000000a 00000003 0002055d 00000083 0002056b 00000000 00000002
00000000 000093be 0a 00020561 0000000a 00000003 0002055d 00000083 0002056c 00000000 00000002
00000000 000093be 0a 00020562 0000000a 00000003 0002055d 00000083 0002056d 00000000 00000002
00000000 000093be 0a 00020563 0000000a 00000003 0002055d 00000083 0002056e 00000000 00000002
00000000 000093be 0a 00020564 0000000a 00000003 0002055d 00000083 0002056f 00000000 00000002
00000000 000093be 0a 00020565 0000000a 00000003 0002055d 00000083 00020570 00000000 00000002
00000000 000093be 0a 00020566 0000000a 00000003 0002055d 00000083 00020571 00000000 00000002
00000000 000093be 0a 00020567 0000000a 00000003 0002055d 00000083 00020572 00000000 00000002
00000000 000093be 0a 00020575 0000000a 00000003 00020574 00000083 00020580 00000000 00000002
00000000 000093be 0a 00020576 0000000a 00000003 00020574 00000083 00020581 00000000 00000002
00000000 000093be 0a 00020577 0000000a 00000003 00020574 00000083 00020582 00000000 00000002
00000000 000093be 0a 00020578 0000000a 00000003 00020574 00000083 00020583 00000000 00000002
00000000 000093be 0a 00020579 0000000a 00000003 00020574 00000083 00020584 00000000 00000002
00000000 000093be 0a 0002057a 0000000a 00000003 00020574 00000083 00020585 00000000 00000002
00000000 000093be 0a 0002057b 0000000a 00000003 00020574 00000083 00020586 00000000 00000002
00000000 000093be 0a 0002057c 0000000a 00000003 00020574 00000083 00020587 00000000 00000002
00000000 000093be 0a 0002057d 0000000a 00000003 00020574 00000083 00020588 00000000 00000002
00000000 000093be 0a 0002057e 0000000a 00000003 00020574 00000083 00020589 00000000 00000002
00000000 000093be 31 0002058c 00000031 00000003 0002058b 00000083 000205a0 00000000 00000002
00000000 000093be 32 0002058d 00000032 00000003 0002058b 00000083 000205a1 00000000 00000002
00000000 000093be 3a 0002058e 0000003a 00000003 0002058b 00000083 000205a2 00000000 00000002
00000000 000093be 30 0002058f 00000030 00000003 0002058b 00000083 000205a3 00000000 00000002
00000000 000093be 30 00020590 00000030 00000003 0002058b 00000083 000205a4 00000000 00000002
00000000 000093be 3a 00020591 0000003a 00000003 0002058b 00000083 000205a5 00000000 00000002
00000000 000093be 30 00020592 00000030 00000003 0002058b 00000083 000205a6 00000000 00000002
00000000 000093be 30 00020593 00000030 00000003 0002058b 00000083 000205a7 00000000 00000002
00000000 000093be 20 00020594 00000020 00000003 0002058b 00000083 000205a8 00000000 00000002
00000000 000093be 31 00020595 00000031 00000003 0002058b 00000083 000205a9 00000000 00000002
00000000 000093be 2f 00020596 0000002f 00000003 0002058b 00000083 000205aa 00000000 00000002
00000000 000093be 31 00020597 00000031 00000003 0002058b 00000083 000205ab 00000000 00000002
00000000 000093be 2f 00020598 0000002f 00000003 0002058b 00000083 000205ac 00000000 00000002
00000000 000093be 31 00020599 00000031 00000003 0002058b 00000083 000205ad 00000000 00000002
00000000 000093be 39 0002059a 00000039 00000003 0002058b 00000083 000205ae 00000000 00000002
00000000 000093be 31 0002059b 00000031 00000003 0002058b 00000083 000205af 00000000 00000002
00000000 000093be 30 0002059c 00000030 00000003 0002058b 00000083 000205b0 00000000 00000002
00000000 000093be 30 0002059d 00000030 00000003 0002058b 00000083 000205b1 00000000 00000002
00000000 000093be 0a 0002059e 0000000a 00000003 0002058b 00000083 000205b2 00000000 00000002
00000000 000093be 57 000205b5 00000057 00000003 000205b4 00000083 000205df 00000000 00000002
00000000 000093be 65 000205b6 00000065 00000003 000205b4 00000083 000205e0 00000000 00000002
00000000 000093be 6c 000205b7 0000006c 00000003 000205b4 00000083 000205e1 00000000 00000002
00000000 000093be 63 000205b8 00000063 00000003 000205b4 00000083 000205e2 00000000 00000002
00000000 000093be 6f 000205b9 0000006f 00000003 000205b4 00000083 000205e3 00000000 00000002
00000000 000093be 6d 000205ba 0000006d 00000003 000205b4 00000083 000205e4 00000000 00000002
00000000 000093be 65 000205bb 00000065 00000003 000205b4 00000083 000205e5 00000000 00000002
00000000 000093be 20 000205bc 00000020 00000003 000205b4 00000083 000205e6 00000000 00000002
00000000 000093be 74 000205bd 00000074 00000003 000205b4 00000083 000205e7 00000000 00000002
00000000 000093be 6f 000205be 0000006f 00000003 000205b4 00000083 000205e8 00000000 00000002
00000000 000093be 20 000205bf 00000020 00000003 000205b4 00000083 000205e9 00000000 00000002
00000000 000093be 55 000205c0 00000055 00000003 000205b4 00000083 000205ea 00000000 00000002
00000000 000093be 6e 000205c1 0000006e 00000003 000205b4 00000083 000205eb 00000000 00000002
00000000 000093be 69 000205c2 00000069 00000003 000205b4 00000083 000205ec 00000000 00000002
00000000 000093be 76 000205c3 00000076 00000003 000205b4 00000083 000205ed 00000000 00000002
00000000 000093be 65 000205c4 00000065 00000003 000205b4 00000083 000205ee 00000000 00000002
00000000 000093be 72 000205c5 00000072 00000003 000205b4 00000083 000205ef 00000000 00000002
00000000 000093be 73 000205c6 00000073 00000003 000205b4 00000083 000205f0 00000000 00000002
00000000 000093be 61 000205c7 00000061 00000003 000205b4 00000083 000205f1 00000000 00000002
00000000 000093be 6c 000205c8 0000006c 00000003 000205b4 00000083 000205f2 00000000 00000002
00000000 000093be 20 000205c9 00000020 00000003 000205b4 00000083 000205f3 00000000 00000002
00000000 000093be 4d 000205ca 0000004d 00000003 000205b4 00000083 000205f4 00000000 00000002
00000000 000093be 61 000205cb 00000061 00000003 000205b4 00000083 000205f5 00000000 00000002
00000000 000093be 63 000205cc 00000063 00000003 000205b4 00000083 000205f6 00000000 00000002
00000000 000093be 68 000205cd 00000068 00000003 000205b4 00000083 000205f7 00000000 00000002
00000000 000093be 69 000205ce 00000069 00000003 000205b4 00000083 000205f8 00000000 00000002
00000000 000093be 6e 000205cf 0000006e 00000003 000205b4 00000083 000205f9 00000000 00000002
00000000 000093be 65 000205d0 00000065 00000003 000205b4 00000083 000205fa 00000000 00000002
00000000 000093be 20 000205d1 00000020 00000003 000205b4 00000083 000205fb 00000000 00000002
00000000 000093be 49 000205d2 00000049 00000003 000205b4 00000083 000205fc 00000000 00000002
00000000 000093be 58 000205d3 00000058 00000003 000205b4 00000083 000205fd 00000000 00000002
00000000 000093be 20 000205d4 00000020 00000003 000205b4 00000083 000205fe 00000000 00000002
00000000 000093be 28 000205d5 00000028 00000003 000205b4 00000083 000205ff 00000000 00000002
00000000 000093be 55 000205d6 00000055 00000003 000205b4 00000083 00020600 00000000 00000002
00000000 000093be 4d 000205d7 0000004d 00000003 000205b4 00000083 00020601 00000000 00000002
00000000 000093be 49 000205d8 00000049 00000003 000205b4 00000083 00020602 00000000 00000002
00000000 000093be 58 000205d9 00000058 00000003 000205b4 00000083 00020603 00000000 00000002
00000000 000093be 29 000205da 00000029 00000003 000205b4 00000083 00020604 00000000 00000002
00000000 000093be 2e 000205db 0000002e 00000003 000205b4 00000083 00020605 00000000 00000002
00000000 000093be 0a 000205dc 0000000a 00000003 000205b4 00000083 00020606 00000000 00000002
00000000 000093be 0a 000205dd 0000000a 00000003 000205b4 00000083 00020607 00000000 00000002
00000000 000093be 54 0002060a 00000054 00000003 00020609 00000083 00020640 00000000 00000002
00000000 000093be 68 0002060b 00000068 00000003 00020609 00000083 00020641 00000000 00000002
00000000 000093be 69 0002060c 00000069 00000003 00020609 00000083 00020642 00000000 00000002
00000000 000093be 73 0002060d 00000073 00000003 00020609 00000083 00020643 00000000 00000002
00000000 000093be 20 0002060e 00000020 00000003 00020609 00000083 00020644 00000000 00000002
00000000 000093be 6d 0002060f 0000006d 00000003 00020609 00000083 00020645 00000000 00000002
00000000 000093be 61 00020610 00000061 00000003 00020609 00000083 00020646 00000000 00000002
00000000 000093be 63 00020611 00000063 00000003 00020609 00000083 00020647 00000000 00000002
00000000 000093be 68 00020612 00000068 00000003 00020609 00000083 00020648 00000000 00000002
00000000 000093be 69 00020613 00000069 00000003 00020609 00000083 00020649 00000000 00000002
00000000 000093be 6e 00020614 0000006e 00000003 00020609 00000083 0002064a 00000000 00000002
00000000 000093be 65 00020615 00000065 00000003 00020609 00000083 0002064b 00000000 00000002
00000000 000093be 20 00020616 00000020 00000003 00020609 00000083 0002064c 00000000 00000002
00000000 000093be 69 00020617 00000069 00000003 00020609 00000083 0002064d 00000000 00000002
00000000 000093be 73 00020618 00000073 00000003 00020609 00000083 0002064e 00000000 00000002
00000000 000093be 20 00020619 00000020 00000003 00020609 00000083 0002064f 00000000 00000002
00000000 000093be 61 0002061a 00000061 00000003 00020609 00000083 00020650 00000000 00000002
00000000 000093be 20 0002061b 00000020 00000003 00020609 00000083 00020651 00000000 00000002
00000000 000093be 73 0002061c 00000073 00000003 00020609 00000083 00020652 00000000 00000002
00000000 000093be 68 0002061d 00000068 00000003 00020609 00000083 00020653 00000000 00000002
00000000 000093be 61 0002061e 00000061 00000003 00020609 00000083 00020654 00000000 00000002
00000000 000093be 72 0002061f 00000072 00000003 00020609 00000083 00020655 00000000 00000002
00000000 000093be 65 00020620 00000065 00000003 00020609 00000083 00020656 00000000 00000002
00000000 000093be 64 00020621 00000064 00000003 00020609 00000083 00020657 00000000 00000002
00000000 000093be 20 00020622 00000020 00000003 00020609 00000083 00020658 00000000 00000002
00000000 000093be 72 00020623 00000072 00000003 00020609 00000083 00020659 00000000 00000002
00000000 000093be 65 00020624 00000065 00000003 00020609 00000083 0002065a 00000000 00000002
00000000 000093be 73 00020625 00000073 00000003 00020609 00000083 0002065b 00000000 00000002
00000000 000093be 6f 00020626 0000006f 00000003 00020609 00000083 0002065c 00000000 00000002
00000000 000093be 75 00020627 00000075 00000003 00020609 00000083 0002065d 00000000 00000002
00000000 000093be 72 00020628 00000072 00000003 00020609 00000083 0002065e 00000000 00000002
00000000 000093be 63 00020629 00000063 00000003 00020609 00000083 0002065f 00000000 00000002
00000000 000093be 65 0002062a 00000065 00000003 00020609 00000083 00020660 00000000 00000002
00000000 000093be 2e 0002062b 0000002e 00000003 00020609 00000083 00020661 00000000 00000002
00000000 000093be 20 0002062c 00000020 00000003 00020609 00000083 00020662 00000000 00000002
00000000 000093be 50 0002062d 00000050 00000003 00020609 00000083 00020663 00000000 00000002
00000000 000093be 6c 0002062e 0000006c 00000003 00020609 00000083 00020664 00000000 00000002
00000000 000093be 65 0002062f 00000065 00000003 00020609 00000083 00020665 00000000 00000002
00000000 000093be 61 00020630 00000061 00000003 00020609 00000083 00020666 00000000 00000002
00000000 000093be 73 00020631 00000073 00000003 00020609 00000083 00020667 00000000 00000002
00000000 000093be 65 00020632 00000065 00000003 00020609 00000083 00020668 00000000 00000002
00000000 000093be 20 00020633 00000020 00000003 00020609 00000083 00020669 00000000 00000002
00000000 000093be 64 00020634 00000064 00000003 00020609 00000083 0002066a 00000000 00000002
00000000 000093be 6f 00020635 0000006f 00000003 00020609 00000083 0002066b 00000000 00000002
00000000 000093be 20 00020636 00000020 00000003 00020609 00000083 0002066c 00000000 00000002
00000000 000093be 6e 00020637 0000006e 00000003 00020609 00000083 0002066d 00000000 00000002
00000000 000093be 6f 00020638 0000006f 00000003 00020609 00000083 0002066e 00000000 00000002
00000000 000093be 74 00020639 00000074 00000003 00020609 00000083 0002066f 00000000 00000002
00000000 000093be 20 0002063a 00000020 00000003 00020609 00000083 00020670 00000000 00000002
00000000 000093be 6c 0002063b 0000006c 00000003 00020609 00000083 00020671 00000000 00000002
00000000 000093be 6f 0002063c 0000006f 00000003 00020609 00000083 00020672 00000000 00000002
00000000 000093be 67 0002063d 00000067 00000003 00020609 00000083 00020673 00000000 00000002
00000000 000093be 0a 0002063e 0000000a 00000003 00020609 00000083 00020674 00000000 00000002
00000000 000093be 69 00020677 00000069 00000003 00020676 00000083 000206b2 00000000 00000002
00000000 000093be 6e 00020678 0000006e 00000003 00020676 00000083 000206b3 00000000 00000002
00000000 000093be 20 00020679 00000020 00000003 00020676 00000083 000206b4 00000000 00000002
00000000 000093be 74 0002067a 00000074 00000003 00020676 00000083 000206b5 00000000 00000002
00000000 000093be 6f 0002067b 0000006f 00000003 00020676 00000083 000206b6 00000000 00000002
00000000 000093be 20 0002067c 00000020 00000003 00020676 00000083 000206b7 00000000 00000002
00000000 000093be 6d 0002067d 0000006d 00000003 00020676 00000083 000206b8 00000000 00000002
00000000 000093be 75 0002067e 00000075 00000003 00020676 00000083 000206b9 00000000 00000002
00000000 000093be 6c 0002067f 0000006c 00000003 00020676 00000083 000206ba 00000000 00000002
00000000 000093be 74 00020680 00000074 00000003 00020676 00000083 000206bb 00000000 00000002
00000000 000093be 69 00020681 00000069 00000003 00020676 00000083 000206bc 00000000 00000002
00000000 000093be 70 00020682 00000070 00000003 00020676 00000083 000206bd 00000000 00000002
00000000 000093be 6c 00020683 0000006c 00000003 00020676 00000083 000206be 00000000 00000002
00000000 000093be 65 00020684 00000065 00000003 00020676 00000083 000206bf 00000000 00000002
00000000 000093be 20 00020685 00000020 00000003 00020676 00000083 000206c0 00000000 00000002
00000000 000093be 73 00020686 00000073 00000003 00020676 00000083 000206c1 00000000 00000002
00000000 000093be 69 00020687 00000069 00000003 00020676 00000083 000206c2 00000000 00000002
00000000 000093be 6d 00020688 0000006d 00000003 00020676 00000083 000206c3 00000000 00000002
00000000 000093be 75 00020689 00000075 00000003 00020676 00000083 000206c4 00000000 00000002
00000000 000093be 6c 0002068a 0000006c 00000003 00020676 00000083 000206c5 00000000 00000002
00000000 000093be 74 0002068b 00000074 00000003 00020676 00000083 000206c6 00000000 00000002
00000000 000093be 61 0002068c 00000061 00000003 00020676 00000083 000206c7 00000000 00000002
00000000 000093be 6e 0002068d 0000006e 00000003 00020676 00000083 000206c8 00000000 00000002
00000000 000093be 65 0002068e 00000065 00000003 00020676 00000083 000206c9 00000000 00000002
00000000 000093be 6f 0002068f 0000006f 00000003 00020676 00000083 000206ca 00000000 00000002
00000000 000093be 75 00020690 00000075 00000003 00020676 00000083 000206cb 00000000 00000002
00000000 000093be 73 00020691 00000073 00000003 00020676 00000083 000206cc 00000000 00000002
00000000 000093be 20 00020692 00000020 00000003 00020676 00000083 000206cd 00000000 00000002
00000000 000093be 55 00020693 00000055 00000003 00020676 00000083 000206ce 00000000 00000002
00000000 000093be 4d 00020694 0000004d 00000003 00020676 00000083 000206cf 00000000 00000002
00000000 000093be 49 00020695 00000049 00000003 00020676 00000083 000206d0 00000000 00000002
00000000 000093be 58 00020696 00000058 00000003 00020676 00000083 000206d1 00000000 00000002
00000000 000093be 20 00020697 00000020 00000003 00020676 00000083 000206d2 00000000 00000002
00000000 000093be 73 00020698 00000073 00000003 00020676 00000083 000206d3 00000000 00000002
00000000 000093be 65 00020699 00000065 00000003 00020676 00000083 000206d4 00000000 00000002
00000000 000093be 72 0002069a 00000072 00000003 00020676 00000083 000206d5 00000000 00000002
00000000 000093be 76 0002069b 00000076 00000003 00020676 00000083 000206d6 00000000 00000002
00000000 000093be 65 0002069c 00000065 00000003 00020676 00000083 000206d7 00000000 00000002
00000000 000093be 72 0002069d 00000072 00000003 00020676 00000083 000206d8 00000000 00000002
00000000 000093be 73 0002069e 00000073 00000003 00020676 00000083 000206d9 00000000 00000002
00000000 000093be 2e 0002069f 0000002e 00000003 00020676 00000083 000206da 00000000 00000002
00000000 000093be 20 000206a0 00000020 00000003 00020676 00000083 000206db 00000000 00000002
00000000 000093be 4e 000206a1 0000004e 00000003 00020676 00000083 000206dc 00000000 00000002
00000000 000093be 6f 000206a2 0000006f 00000003 00020676 00000083 000206dd 00000000 00000002
00000000 000093be 20 000206a3 00000020 00000003 00020676 00000083 000206de 00000000 00000002
00000000 000093be 67 000206a4 00000067 00000003 00020676 00000083 000206df 00000000 00000002
00000000 000093be 61 000206a5 00000061 00000003 00020676 00000083 000206e0 00000000 00000002
00000000 000093be 6d 000206a6 0000006d 00000003 00020676 00000083 000206e1 00000000 00000002
00000000 000093be 65 000206a7 00000065 00000003 00020676 00000083 000206e2 00000000 00000002
00000000 000093be 20 000206a8 00000020 00000003 00020676 00000083 000206e3 00000000 00000002
00000000 000093be 70 000206a9 00000070 00000003 00020676 00000083 000206e4 00000000 00000002
00000000 000093be 6c 000206aa 0000006c 00000003 00020676 00000083 000206e5 00000000 00000002
00000000 000093be 61 000206ab 00000061 00000003 00020676 00000083 000206e6 00000000 00000002
00000000 000093be 79 000206ac 00000079 00000003 00020676 00000083 000206e7 00000000 00000002
00000000 000093be 69 000206ad 00000069 00000003 00020676 00000083 000206e8 00000000 00000002
00000000 000093be 6e 000206ae 0000006e 00000003 00020676 00000083 000206e9 00000000 00000002
00000000 000093be 67 000206af 00000067 00000003 00020676 00000083 000206ea 00000000 00000002
00000000 000093be 0a 000206b0 0000000a 00000003 00020676 00000083 000206eb 00000000 00000002
00000000 000093be 69 000206ee 00000069 00000003 000206ed 00000083 000206fc 00000000 00000002
00000000 000093be 73 000206ef 00000073 00000003 000206ed 00000083 000206fd 00000000 00000002
00000000 000093be 20 000206f0 00000020 00000003 000206ed 00000083 000206fe 00000000 00000002
00000000 000093be 61 000206f1 00000061 00000003 000206ed 00000083 000206ff 00000000 00000002
00000000 000093be 6c 000206f2 0000006c 00000003 000206ed 00000083 00020700 00000000 00000002
00000000 000093be 6c 000206f3 0000006c 00000003 000206ed 00000083 00020701 00000000 00000002
00000000 000093be 6f 000206f4 0000006f 00000003 000206ed 00000083 00020702 00000000 00000002
00000000 000093be 77 000206f5 00000077 00000003 000206ed 00000083 00020703 00000000 00000002
00000000 000093be 65 000206f6 00000065 00000003 000206ed 00000083 00020704 00000000 00000002
00000000 000093be 64 000206f7 00000064 00000003 000206ed 00000083 00020705 00000000 00000002
00000000 000093be 2e 000206f8 0000002e 00000003 000206ed 00000083 00020706 00000000 00000002
00000000 000093be 0a 000206f9 0000000a 00000003 000206ed 00000083 00020707 00000000 00000002
00000000 000093be 0a 000206fa 0000000a 00000003 000206ed 00000083 00020708 00000000 00000002
00000000 000093be 50 0002070b 00000050 00000003 0002070a 00000083 0002073c 00000000 00000002
00000000 000093be 6c 0002070c 0000006c 00000003 0002070a 00000083 0002073d 00000000 00000002
00000000 000093be 65 0002070d 00000065 00000003 0002070a 00000083 0002073e 00000000 00000002
00000000 000093be 61 0002070e 00000061 00000003 0002070a 00000083 0002073f 00000000 00000002
00000000 000093be 73 0002070f 00000073 00000003 0002070a 00000083 00020740 00000000 00000002
00000000 000093be 65 00020710 00000065 00000003 0002070a 00000083 00020741 00000000 00000002
00000000 000093be 20 00020711 00000020 00000003 0002070a 00000083 00020742 00000000 00000002
00000000 000093be 6c 00020712 0000006c 00000003 0002070a 00000083 00020743 00000000 00000002
00000000 000093be 6f 00020713 0000006f 00000003 0002070a 00000083 00020744 00000000 00000002
00000000 000093be 67 00020714 00000067 00000003 0002070a 00000083 00020745 00000000 00000002
00000000 000093be 20 00020715 00000020 00000003 0002070a 00000083 00020746 00000000 00000002
00000000 000093be 69 00020716 00000069 00000003 0002070a 00000083 00020747 00000000 00000002
00000000 000093be 6e 00020717 0000006e 00000003 0002070a 00000083 00020748 00000000 00000002
00000000 000093be 20 00020718 00000020 00000003 0002070a 00000083 00020749 00000000 00000002
00000000 000093be 28 00020719 00000028 00000003 0002070a 00000083 0002074a 00000000 00000002
00000000 000093be 75 0002071a 00000075 00000003 0002070a 00000083 0002074b 00000000 00000002
00000000 000093be 73 0002071b 00000073 00000003 0002070a 00000083 0002074c 00000000 00000002
00000000 000093be 65 0002071c 00000065 00000003 0002070a 00000083 0002074d 00000000 00000002
00000000 000093be 20 0002071d 00000020 00000003 0002070a 00000083 0002074e 00000000 00000002
00000000 000093be 27 0002071e 00000027 00000003 0002070a 00000083 0002074f 00000000 00000002
00000000 000093be 67 0002071f 00000067 00000003 0002070a 00000083 00020750 00000000 00000002
00000000 000093be 75 00020720 00000075 00000003 0002070a 00000083 00020751 00000000 00000002
00000000 000093be 65 00020721 00000065 00000003 0002070a 00000083 00020752 00000000 00000002
00000000 000093be 73 00020722 00000073 00000003 0002070a 00000083 00020753 00000000 00000002
00000000 000093be 74 00020723 00000074 00000003 0002070a 00000083 00020754 00000000 00000002
00000000 000093be 27 00020724 00000027 00000003 0002070a 00000083 00020755 00000000 00000002
00000000 000093be 20 00020725 00000020 00000003 0002070a 00000083 00020756 00000000 00000002
00000000 000093be 66 00020726 00000066 00000003 0002070a 00000083 00020757 00000000 00000002
00000000 000093be 6f 00020727 0000006f 00000003 0002070a 00000083 00020758 00000000 00000002
00000000 000093be 72 00020728 00000072 00000003 0002070a 00000083 00020759 00000000 00000002
00000000 000093be 20 00020729 00000020 00000003 0002070a 00000083 0002075a 00000000 00000002
00000000 000093be 76 0002072a 00000076 00000003 0002070a 00000083 0002075b 00000000 00000002
00000000 000093be 69 0002072b 00000069 00000003 0002070a 00000083 0002075c 00000000 00000002
00000000 000093be 73 0002072c 00000073 00000003 0002070a 00000083 0002075d 00000000 00000002
00000000 000093be 69 0002072d 00000069 00000003 0002070a 00000083 0002075e 00000000 00000002
00000000 000093be 74 0002072e 00000074 00000003 0002070a 00000083 0002075f 00000000 00000002
00000000 000093be 6f 0002072f 0000006f 00000003 0002070a 00000083 00020760 00000000 00000002
00000000 000093be 72 00020730 00000072 00000003 0002070a 00000083 00020761 00000000 00000002
00000000 000093be 20 00020731 00000020 00000003 0002070a 00000083 00020762 00000000 00000002
00000000 000093be 61 00020732 00000061 00000003 0002070a 00000083 00020763 00000000 00000002
00000000 000093be 63 00020733 00000063 00000003 0002070a 00000083 00020764 00000000 00000002
00000000 000093be 63 00020734 00000063 00000003 0002070a 00000083 00020765 00000000 00000002
00000000 000093be 65 00020735 00000065 00000003 0002070a 00000083 00020766 00000000 00000002
00000000 000093be 73 00020736 00000073 00000003 0002070a 00000083 00020767 00000000 00000002
00000000 000093be 73 00020737 00000073 00000003 0002070a 00000083 00020768 00000000 00000002
00000000 000093be 29 00020738 00000029 00000003 0002070a 00000083 00020769 00000000 00000002
00000000 000093be 2e 00020739 0000002e 00000003 0002070a 00000083 0002076a 00000000 00000002
00000000 000093be 0a 0002073a 0000000a 00000003 0002070a 00000083 0002076b 00000000 00000002
00000000 000093be 3b 0002076e 0000003b 00000003 0002076d 00000083 00020777 00000000 00000002
00000000 000093be 6c 0002076f 0000006c 00000003 0002076d 00000083 00020778 00000000 00000002
00000000 000093be 6f 00020770 0000006f 00000003 0002076d 00000083 00020779 00000000 00000002
00000000 000093be 67 00020771 00000067 00000003 0002076d 00000083 0002077a 00000000 00000002
00000000 000093be 69 00020772 00000069 00000003 0002076d 00000083 0002077b 00000000 00000002
00000000 000093be 6e 00020773 0000006e 00000003 0002076d 00000083 0002077c 00000000 00000002
00000000 000093be 3a 00020774 0000003a 00000003 0002076d 00000083 0002077d 00000000 00000002
00000000 000093be 20 00020775 00000020 00000003 0002076d 00000083 0002077e 00000000 00000002
00000000 000093be 70 00020807 00000070 00000003 00020806 00000083 00020812 00000000 00000002
00000000 000093be 61 00020808 00000061 00000003 00020806 00000083 00020813 00000000 00000002
00000000 000093be 73 00020809 00000073 00000003 00020806 00000083 00020814 00000000 00000002
00000000 000093be 73 0002080a 00000073 00000003 00020806 00000083 00020815 00000000 00000002
00000000 000093be 77 0002080b 00000077 00000003 00020806 00000083 00020816 00000000 00000002
00000000 000093be 6f 0002080c 0000006f 00000003 00020806 00000083 00020817 00000000 00000002
00000000 000093be 72 0002080d 00000072 00000003 00020806 00000083 00020818 00000000 00000002
00000000 000093be 64 0002080e 00000064 00000003 00020806 00000083 00020819 00000000 00000002
00000000 000093be 3a 0002080f 0000003a 00000003 00020806 00000083 0002081a 00000000 00000002
00000000 000093be 20 00020810 00000020 00000003 00020806 00000083 0002081b 00000000 00000002
00000000 000093be 6c 0003d972 0000006c 00000003 0003d981 00000083 0003d983 00000000 00000002
00000000 000093be 6f 0003d973 0000006f 00000003 0003d981 00000083 0003d984 00000000 00000002
00000000 000093be 67 0003d974 00000067 00000003 0003d981 00000083 0003d985 00000000 00000002
00000000 000093be 67 0003d975 00000067 00000003 0003d981 00000083 0003d986 00000000 00000002
00000000 000093be 65 0003d976 00000065 00000003 0003d981 00000083 0003d987 00000000 00000002
00000000 000093be 64 0003d977 00000064 00000003 0003d981 00000083 0003d988 00000000 00000002
00000000 000093be 20 0003d978 00000020 00000003 0003d981 00000083 0003d989 00000000 00000002
00000000 000093be 69 0003d979 00000069 00000003 0003d981 00000083 0003d98a 00000000 00000002
00000000 000093be 6e 0003d97a 0000006e 00000003 0003d981 00000083 0003d98b 00000000 00000002
00000000 000093be 20 0003d97b 00000020 00000003 0003d981 00000083 0003d98c 00000000 00000002
00000000 000093be 61 0003d97c 00000061 00000003 0003d981 00000083 0003d98d 00000000 00000002
00000000 000093be 73 0003d97d 00000073 00000003 0003d981 00000083 0003d98e 00000000 00000002
00000000 000093be 20 0003d97e 00000020 00000003 0003d981 00000083 0003d98f 00000000 00000002
00000000 000093be 6f 00020795 0000006f 00000003 0003d981 00000083 0003d990 00000000 00000002
00000000 000093be 68 0002079c 00000068 00000003 0003d981 00000083 0003d991 00000000 00000002
00000000 000093be 6d 000207a3 0000006d 00000003 0003d981 00000083 0003d992 00000000 00000002
00000000 000093be 65 000207aa 00000065 00000003 0003d981 00000083 0003d993 00000000 00000002
00000000 000093be 67 000207b1 00000067 00000003 0003d981 00000083 0003d994 00000000 00000002
00000000 000093be 61 000207b8 00000061 00000003 0003d981 00000083 0003d995 00000000 00000002
00000000 000093be 0a 0003d980 0000000a 00000003 0003d981 00000083 0003d996 00000000 00000002
00000000 000093be 0a 0003d99b 0000000a 00000003 0003d99a 00000083 0003d99d 00000000 00000002
00000000 000093be 0a 0003d9a0 0000000a 00000003 0003d99f 00000083 0003d9a2 00000000 00000002
00000000 000093be 25 0003d9dc 00000025 00000003 0003d9db 00000083 0003d9df 00000000 00000002
00000000 000093be 20 0003d9dd 00000020 00000003 0003d9db 00000083 0003d9e0 00000000 00000002
00000000 000093be 42 0003e955 00000042 00000003 0003e983 00000083 0003e985 00000000 00000002
00000000 000093be 65 0003e956 00000065 00000003 0003e983 00000083 0003e986 00000000 00000002
00000000 000093be 67 0003e957 00000067 00000003 0003e983 00000083 0003e987 00000000 00000002
00000000 000093be 69 0003e958 00000069 00000003 0003e983 00000083 0003e988 00000000 00000002
00000000 000093be 6e 0003e959 0000006e 00000003 0003e983 00000083 0003e989 00000000 00000002
00000000 000093be 20 0003e95a 00000020 00000003 0003e983 00000083 0003e98a 00000000 00000002
00000000 000093be 73 0003e95b 00000073 00000003 0003e983 00000083 0003e98b 00000000 00000002
00000000 000093be 65 0003e95c 00000065 00000003 0003e983 00000083 0003e98c 00000000 00000002
00000000 000093be 6e 0003e95d 0000006e 00000003 0003e983 00000083 0003e98d 00000000 00000002
00000000 000093be 64 0003e95e 00000064 00000003 0003e983 00000083 0003e98e 00000000 00000002
00000000 000093be 69 0003e95f 00000069 00000003 0003e983 00000083 0003e98f 00000000 00000002
00000000 000093be 6e 0003e960 0000006e 00000003 0003e983 00000083 0003e990 00000000 00000002
00000000 000093be 67 0003e961 00000067 00000003 0003e983 00000083 0003e991 00000000 00000002
00000000 000093be 20 0003e962 00000020 00000003 0003e983 00000083 0003e992 00000000 00000002
00000000 000093be 63 0003e963 00000063 00000003 0003e983 00000083 0003e993 00000000 00000002
00000000 000093be 68 0003e964 00000068 00000003 0003e983 00000083 0003e994 00000000 00000002
00000000 000093be 61 0003e965 00000061 00000003 0003e983 00000083 0003e995 00000000 00000002
00000000 000093be 72 0003e966 00000072 00000003 0003e983 00000083 0003e996 00000000 00000002
00000000 000093be 61 0003e967 00000061 00000003 0003e983 00000083 0003e997 00000000 00000002
00000000 000093be 63 0003e968 00000063 00000003 0003e983 00000083 0003e998 00000000 00000002
00000000 000093be 74 0003e969 00000074 00000003 0003e983 00000083 0003e999 00000000 00000002
00000000 000093be 65 0003e96a 00000065 00000003 0003e983 00000083 0003e99a 00000000 00000002
00000000 000093be 72 0003e96b 00000072 00000003 0003e983 00000083 0003e99b 00000000 00000002
00000000 000093be 73 0003e96c 00000073 00000003 0003e983 00000083 0003e99c 00000000 00000002
00000000 000093be 2e 0003e96d 0000002e 00000003 0003e983 00000083 0003e99d 00000000 00000002
00000000 000093be 20 0003e96e 00000020 00000003 0003e983 00000083 0003e99e 00000000 00000002
00000000 000093be 54 0003e96f 00000054 00000003 0003e983 00000083 0003e99f 00000000 00000002
00000000 000093be 65 0003e970 00000065 00000003 0003e983 00000083 0003e9a0 00000000 00000002
00000000 000093be 72 0003e971 00000072 00000003 0003e983 00000083 0003e9a1 00000000 00000002
00000000 000093be 6d 0003e972 0000006d 00000003 0003e983 00000083 0003e9a2 00000000 00000002
00000000 000093be 69 0003e973 00000069 00000003 0003e983 00000083 0003e9a3 00000000 00000002
00000000 000093be 6e 0003e974 0000006e 00000003 0003e983 00000083 0003e9a4 00000000 00000002
00000000 000093be 61 0003e975 00000061 00000003 0003e983 00000083 0003e9a5 00000000 00000002
00000000 000093be 74 0003e976 00000074 00000003 0003e983 00000083 0003e9a6 00000000 00000002
00000000 000093be 65 0003e977 00000065 00000003 0003e983 00000083 0003e9a7 00000000 00000002
00000000 000093be 20 0003e978 00000020 00000003 0003e983 00000083 0003e9a8 00000000 00000002
00000000 000093be 77 0003e979 00000077 00000003 0003e983 00000083 0003e9a9 00000000 00000002
00000000 000093be 69 0003e97a 00000069 00000003 0003e983 00000083 0003e9aa 00000000 00000002
00000000 000093be 74 0003e97b 00000074 00000003 0003e983 00000083 0003e9ab 00000000 00000002
00000000 000093be 68 0003e97c 00000068 00000003 0003e983 00000083 0003e9ac 00000000 00000002
00000000 000093be 20 0003e97d 00000020 00000003 0003e983 00000083 0003e9ad 00000000 00000002
00000000 000093be 5f 0003dad5 0000005f 00000003 0003e983 00000083 0003e9ae 00000000 00000002
00000000 000093be 5f 0003dadc 0000005f 00000003 0003e983 00000083 0003e9af 00000000 00000002
00000000 000093be 45 0003dae3 00000045 00000003 0003e983 00000083 0003e9b0 00000000 00000002
00000000 000093be 4e 0003daea 0000004e 00000003 0003e983 00000083 0003e9b1 00000000 00000002
00000000 000093be 44 0003daf1 00000044 00000003 0003e983 00000083 0003e9b2 00000000 00000002
00000000 000093be 5f 0003daf8 0000005f 00000003 0003e983 00000083 0003e9b3 00000000 00000002
00000000 000093be 4f 0003daff 0000004f 00000003 0003e983 00000083 0003e9b4 00000000 00000002
00000000 000093be 43 0003db06 00000043 00000003 0003e983 00000083 0003e9b5 00000000 00000002
00000000 000093be 55 0003db0d 00000055 00000003 0003e983 00000083 0003e9b6 00000000 00000002
00000000 000093be 4c 0003db14 0000004c 00000003 0003e983 00000083 0003e9b7 00000000 00000002
00000000 000093be 54 0003db1b 00000054 00000003 0003e983 00000083 0003e9b8 00000000 00000002
00000000 000093be 5f 0003db22 0000005f 00000003 0003e983 00000083 0003e9b9 00000000 00000002
00000000 000093be 53 0003db29 00000053 00000003 0003e983 00000083 0003e9ba 00000000 00000002
00000000 000093be 4f 0003db30 0000004f 00000003 0003e983 00000083 0003e9bb 00000000 00000002
00000000 000093be 4d 0003db37 0000004d 00000003 0003e983 00000083 0003e9bc 00000000 00000002
00000000 000093be 45 0003db3e 00000045 00000003 0003e983 00000083 0003e9bd 00000000 00000002
00000000 000093be 5f 0003db45 0000005f 00000003 0003e983 00000083 0003e9be 00000000 00000002
00000000 000093be 49 0003db4c 00000049 00000003 0003e983 00000083 0003e9bf 00000000 00000002
00000000 000093be 44 0003db53 00000044 00000003 0003e983 00000083 0003e9c0 00000000 00000002
00000000 000093be 5f 0003db5a 0000005f 00000003 0003e983 00000083 0003e9c1 00000000 00000002
00000000 000093be 5f 0003db61 0000005f 00000003 0003e983 00000083 0003e9c2 00000000 00000002
00000000 000093be 2e 0003e97f 0000002e 00000003 0003e983 00000083 0003e9c3 00000000 00000002
00000000 000093be 2e 0003e980 0000002e 00000003 0003e983 00000083 0003e9c4 00000000 00000002
00000000 000093be 2e 0003e981 0000002e 00000003 0003e983 00000083 0003e9c5 00000000 00000002
00000000 000093be 0a 0003e982 0000000a 00000003 0003e983 00000083 0003e9c6 00000000 00000002
00000000 000093be 54 000446ed 00000054 00000003 000446fe 00000083 00044700 00000000 00000002
00000000 000093be 72 000446ee 00000072 00000003 000446fe 00000083 00044701 00000000 00000002
00000000 000093be 61 000446ef 00000061 00000003 000446fe 00000083 00044702 00000000 00000002
00000000 000093be 6e 000446f0 0000006e 00000003 000446fe 00000083 00044703 00000000 00000002
00000000 000093be 73 000446f1 00000073 00000003 000446fe 00000083 00044704 00000000 00000002
00000000 000093be 66 000446f2 00000066 00000003 000446fe 00000083 00044705 00000000 00000002
00000000 000093be 65 000446f3 00000065 00000003 000446fe 00000083 00044706 00000000 00000002
00000000 000093be 72 000446f4 00000072 00000003 000446fe 00000083 00044707 00000000 00000002
00000000 000093be 72 000446f5 00000072 00000003 000446fe 00000083 00044708 00000000 00000002
00000000 000093be 65 000446f6 00000065 00000003 000446fe 00000083 00044709 00000000 00000002
00000000 000093be 64 000446f7 00000064 00000003 000446fe 00000083 0004470a 00000000 00000002
00000000 000093be 20 000446f8 00000020 00000003 000446fe 00000083 0004470b 00000000 00000002
00000000 000093be 35 000446c6 00000035 00000003 000446fe 00000083 0004470c 00000000 00000002
00000000 000093be 31 000446d7 00000031 00000003 000446fe 00000083 0004470d 00000000 00000002
00000000 000093be 32 000446e9 00000032 00000003 000446fe 00000083 0004470e 00000000 00000002
00000000 000093be 2e 000446fa 0000002e 00000003 000446fe 00000083 0004470f 00000000 00000002
00000000 000093be 2e 000446fb 0000002e 00000003 000446fe 00000083 00044710 00000000 00000002
00000000 000093be 2e 000446fc 0000002e 00000003 000446fe 00000083 00044711 00000000 00000002
00000000 000093be 0a 000446fd 0000000a 00000003 000446fe 00000083 00044712 00000000 00000002
00000000 000093be 77 0004c3bb 00000077 00000003 0004c3d0 00000083 0004c3d2 00000000 00000002
00000000 000093be 72 0004c3bc 00000072 00000003 0004c3d0 00000083 0004c3d3 00000000 00000002
00000000 000093be 69 0004c3bd 00000069 00000003 0004c3d0 00000083 0004c3d4 00000000 00000002
00000000 000093be 74 0004c3be 00000074 00000003 0004c3d0 00000083 0004c3d5 00000000 00000002
00000000 000093be 69 0004c3bf 00000069 00000003 0004c3d0 00000083 0004c3d6 00000000 00000002
00000000 000093be 6e 0004c3c0 0000006e 00000003 0004c3d0 00000083 0004c3d7 00000000 00000002
00000000 000093be 67 0004c3c1 00000067 00000003 0004c3d0 00000083 0004c3d8 00000000 00000002
00000000 000093be 20 0004c3c2 00000020 00000003 0004c3d0 00000083 0004c3d9 00000000 00000002
00000000 000093be 39 0004c394 00000039 00000003 0004c3d0 00000083 0004c3da 00000000 00000002
00000000 000093be 39 0004c3a5 00000039 00000003 0004c3d0 00000083 0004c3db 00000000 00000002
00000000 000093be 36 0004c3b7 00000036 00000003 0004c3d0 00000083 0004c3dc 00000000 00000002
00000000 000093be 20 0004c3c4 00000020 00000003 0004c3d0 00000083 0004c3dd 00000000 00000002
00000000 000093be 63 0004c3c5 00000063 00000003 0004c3d0 00000083 0004c3de 00000000 00000002
00000000 000093be 68 0004c3c6 00000068 00000003 0004c3d0 00000083 0004c3df 00000000 00000002
00000000 000093be 61 0004c3c7 00000061 00000003 0004c3d0 00000083 0004c3e0 00000000 00000002
00000000 000093be 72 0004c3c8 00000072 00000003 0004c3d0 00000083 0004c3e1 00000000 00000002
00000000 000093be 61 0004c3c9 00000061 00000003 0004c3d0 00000083 0004c3e2 00000000 00000002
00000000 000093be 63 0004c3ca 00000063 00000003 0004c3d0 00000083 0004c3e3 00000000 00000002
00000000 000093be 74 0004c3cb 00000074 00000003 0004c3d0 00000083 0004c3e4 00000000 00000002
00000000 000093be 65 0004c3cc 00000065 00000003 0004c3d0 00000083 0004c3e5 00000000 00000002
00000000 000093be 72 0004c3cd 00000072 00000003 0004c3d0 00000083 0004c3e6 00000000 00000002
00000000 000093be 73 0004c3ce 00000073 00000003 0004c3d0 00000083 0004c3e7 00000000 00000002
00000000 000093be 0a 0004c3cf 0000000a 00000003 0004c3d0 00000083 0004c3e8 00000000 00000002
00000000 000093be 25 0004c611 00000025 00000003 0004c610 00000083 0004c614 00000000 00000002
00000000 000093be 20 0004c612 00000020 00000003 0004c610 00000083 0004c615 00000000 00000002
00000000 000093be 25 0004c659 00000025 00000003 0004c658 00000083 0004c65c 00000000 00000002
00000000 000093be 20 0004c65a 00000020 00000003 0004c658 00000083 0004c65d 00000000 00000002
00000000 000093be 50 0005a411 00000050 00000003 0005a435 00000083 0005a437 00000000 00000002
00000000 000093be 72 0005a412 00000072 00000003 0005a435 00000083 0005a438 00000000 00000002
00000000 000093be 6f 0005a413 0000006f 00000003 0005a435 00000083 0005a439 00000000 00000002
00000000 000093be 67 0005a414 00000067 00000003 0005a435 00000083 0005a43a 00000000 00000002
00000000 000093be 72 0005a415 00000072 00000003 0005a435 00000083 0005a43b 00000000 00000002
00000000 000093be 61 0005a416 00000061 00000003 0005a435 00000083 0005a43c 00000000 00000002
00000000 000093be 6d 0005a417 0000006d 00000003 0005a435 00000083 0005a43d 00000000 00000002
00000000 000093be 20 0005a418 00000020 00000003 0005a435 00000083 0005a43e 00000000 00000002
00000000 000093be 61 0005a419 00000061 00000003 0005a435 00000083 0005a43f 00000000 00000002
00000000 000093be 72 0005a41a 00000072 00000003 0005a435 00000083 0005a440 00000000 00000002
00000000 000093be 65 0005a41b 00000065 00000003 0005a435 00000083 0005a441 00000000 00000002
00000000 000093be 61 0005a41c 00000061 00000003 0005a435 00000083 0005a442 00000000 00000002
00000000 000093be 3a 0005a41d 0000003a 00000003 0005a435 00000083 0005a443 00000000 00000002
00000000 000093be 20 0005a41e 00000020 00000003 0005a435 00000083 0005a444 00000000 00000002
00000000 000093be 31 0005a3ba 00000031 00000003 0005a435 00000083 0005a445 00000000 00000002
00000000 000093be 30 0005a3d3 00000030 00000003 0005a435 00000083 0005a446 00000000 00000002
00000000 000093be 36 0005a3f0 00000036 00000003 0005a435 00000083 0005a447 00000000 00000002
00000000 000093be 36 0005a40d 00000036 00000003 0005a435 00000083 0005a448 00000000 00000002
00000000 000093be 20 0005a420 00000020 00000003 0005a435 00000083 0005a449 00000000 00000002
00000000 000093be 28 0005a421 00000028 00000003 0005a435 00000083 0005a44a 00000000 00000002
00000000 000093be 73 0005a422 00000073 00000003 0005a435 00000083 0005a44b 00000000 00000002
00000000 000093be 6d 0005a423 0000006d 00000003 0005a435 00000083 0005a44c 00000000 00000002
00000000 000093be 61 0005a424 00000061 00000003 0005a435 00000083 0005a44d 00000000 00000002
00000000 000093be 6c 0005a425 0000006c 00000003 0005a435 00000083 0005a44e 00000000 00000002
00000000 000093be 6c 0005a426 0000006c 00000003 0005a435 00000083 0005a44f 00000000 00000002
00000000 000093be 65 0005a427 00000065 00000003 0005a435 00000083 0005a450 00000000 00000002
00000000 000093be 72 0005a428 00000072 00000003 0005a435 00000083 0005a451 00000000 00000002
00000000 000093be 20 0005a429 00000020 00000003 0005a435 00000083 0005a452 00000000 00000002
00000000 000093be 69 0005a42a 00000069 00000003 0005a435 00000083 0005a453 00000000 00000002
00000000 000093be 73 0005a42b 00000073 00000003 0005a435 00000083 0005a454 00000000 00000002
00000000 000093be 20 0005a42c 00000020 00000003 0005a435 00000083 0005a455 00000000 00000002
00000000 000093be 62 0005a42d 00000062 00000003 0005a435 00000083 0005a456 00000000 00000002
00000000 000093be 65 0005a42e 00000065 00000003 0005a435 00000083 0005a457 00000000 00000002
00000000 000093be 74 0005a42f 00000074 00000003 0005a435 00000083 0005a458 00000000 00000002
00000000 000093be 74 0005a430 00000074 00000003 0005a435 00000083 0005a459 00000000 00000002
00000000 000093be 65 0005a431 00000065 00000003 0005a435 00000083 0005a45a 00000000 00000002
00000000 000093be 72 0005a432 00000072 00000003 0005a435 00000083 0005a45b 00000000 00000002
00000000 000093be 29 0005a433 00000029 00000003 0005a435 00000083 0005a45c 00000000 00000002
00000000 000093be 0a 0005a434 0000000a 00000003 0005a435 00000083 0005a45d 00000000 00000002
00000000 000093be 5b 0005a48e 0000005b 00000003 0005a48d 00000083 0005a49f 00000000 00000002
00000000 000093be 32 0005a48f 00000032 00000003 0005a48d 00000083 0005a4a0 00000000 00000002
00000000 000093be 44 0005a490 00000044 00000003 0005a48d 00000083 0005a4a1 00000000 00000002
00000000 000093be 5d 0005a491 0000005d 00000003 0005a48d 00000083 0005a4a2 00000000 00000002
00000000 000093be 20 0005a492 00000020 00000003 0005a48d 00000083 0005a4a3 00000000 00000002
00000000 000093be 50 0005a493 00000050 00000003 0005a48d 00000083 0005a4a4 00000000 00000002
00000000 000093be 61 0005a494 00000061 00000003 0005a48d 00000083 0005a4a5 00000000 00000002
00000000 000093be 72 0005a495 00000072 00000003 0005a48d 00000083 0005a4a6 00000000 00000002
00000000 000093be 73 0005a496 00000073 00000003 0005a48d 00000083 0005a4a7 00000000 00000002
00000000 000093be 69 0005a497 00000069 00000003 0005a48d 00000083 0005a4a8 00000000 00000002
00000000 000093be 6e 0005a498 0000006e 00000003 0005a48d 00000083 0005a4a9 00000000 00000002
00000000 000093be 67 0005a499 00000067 00000003 0005a48d 00000083 0005a4aa 00000000 00000002
00000000 000093be 2e 0005a49a 0000002e 00000003 0005a48d 00000083 0005a4ab 00000000 00000002
00000000 000093be 2e 0005a49b 0000002e 00000003 0005a48d 00000083 0005a4ac 00000000 00000002
00000000 000093be 2e 0005a49c 0000002e 00000003 0005a48d 00000083 0005a4ad 00000000 00000002
00000000 000093be 0a 0005a49d 0000000a 00000003 0005a48d 00000083 0005a4ae 00000000 00000002
00000000 000093be 5b 0005a5a6 0000005b 00000003 0005a5a5 00000083 0005a5c0 00000000 00000002
00000000 000093be 32 0005a5a7 00000032 00000003 0005a5a5 00000083 0005a5c1 00000000 00000002
00000000 000093be 44 0005a5a8 00000044 00000003 0005a5a5 00000083 0005a5c2 00000000 00000002
00000000 000093be 5d 0005a5a9 0000005d 00000003 0005a5a5 00000083 0005a5c3 00000000 00000002
00000000 000093be 20 0005a5aa 00000020 00000003 0005a5a5 00000083 0005a5c4 00000000 00000002
00000000 000093be 4c 0005a5ab 0000004c 00000003 0005a5a5 00000083 0005a5c5 00000000 00000002
00000000 000093be 6f 0005a5ac 0000006f 00000003 0005a5a5 00000083 0005a5c6 00000000 00000002
00000000 000093be 63 0005a5ad 00000063 00000003 0005a5a5 00000083 0005a5c7 00000000 00000002
00000000 000093be 61 0005a5ae 00000061 00000003 0005a5a5 00000083 0005a5c8 00000000 00000002
00000000 000093be 74 0005a5af 00000074 00000003 0005a5a5 00000083 0005a5c9 00000000 00000002
00000000 000093be 69 0005a5b0 00000069 00000003 0005a5a5 00000083 0005a5ca 00000000 00000002
00000000 000093be 6e 0005a5b1 0000006e 00000003 0005a5a5 00000083 0005a5cb 00000000 00000002
00000000 000093be 67 0005a5b2 00000067 00000003 0005a5a5 00000083 0005a5cc 00000000 00000002
00000000 000093be 20 0005a5b3 00000020 00000003 0005a5a5 00000083 0005a5cd 00000000 00000002
00000000 000093be 6d 0005a5b4 0000006d 00000003 0005a5a5 00000083 0005a5ce 00000000 00000002
00000000 000093be 6f 0005a5b5 0000006f 00000003 0005a5a5 00000083 0005a5cf 00000000 00000002
00000000 000093be 64 0005a5b6 00000064 00000003 0005a5a5 00000083 0005a5d0 00000000 00000002
00000000 000093be 75 0005a5b7 00000075 00000003 0005a5a5 00000083 0005a5d1 00000000 00000002
00000000 000093be 6c 0005a5b8 0000006c 00000003 0005a5a5 00000083 0005a5d2 00000000 00000002
00000000 000093be 65 0005a5b9 00000065 00000003 0005a5a5 00000083 0005a5d3 00000000 00000002
00000000 000093be 73 0005a5ba 00000073 00000003 0005a5a5 00000083 0005a5d4 00000000 00000002
00000000 000093be 2e 0005a5bb 0000002e 00000003 0005a5a5 00000083 0005a5d5 00000000 00000002
00000000 000093be 2e 0005a5bc 0000002e 00000003 0005a5a5 00000083 0005a5d6 00000000 00000002
00000000 000093be 2e 0005a5bd 0000002e 00000003 0005a5a5 00000083 0005a5d7 00000000 00000002
00000000 000093be 0a 0005a5be 0000000a 00000003 0005a5a5 00000083 0005a5d8 00000000 00000002
00000000 000093be 5b 0005b3c3 0000005b 00000003 0005b3e9 00000083 0005b3eb 00000000 00000002
00000000 000093be 32 0005b3c4 00000032 00000003 0005b3e9 00000083 0005b3ec 00000000 00000002
00000000 000093be 44 0005b3c5 00000044 00000003 0005b3e9 00000083 0005b3ed 00000000 00000002
00000000 000093be 5d 0005b3c6 0000005d 00000003 0005b3e9 00000083 0005b3ee 00000000 00000002
00000000 000093be 20 0005b3c7 00000020 00000003 0005b3e9 00000083 0005b3ef 00000000 00000002
00000000 000093be 56 0005b3c8 00000056 00000003 0005b3e9 00000083 0005b3f0 00000000 00000002
00000000 000093be 65 0005b3c9 00000065 00000003 0005b3e9 00000083 0005b3f1 00000000 00000002
00000000 000093be 72 0005b3ca 00000072 00000003 0005b3e9 00000083 0005b3f2 00000000 00000002
00000000 000093be 69 0005b3cb 00000069 00000003 0005b3e9 00000083 0005b3f3 00000000 00000002
00000000 000093be 66 0005b3cc 00000066 00000003 0005b3e9 00000083 0005b3f4 00000000 00000002
00000000 000093be 79 0005b3cd 00000079 00000003 0005b3e9 00000083 0005b3f5 00000000 00000002
00000000 000093be 69 0005b3ce 00000069 00000003 0005b3e9 00000083 0005b3f6 00000000 00000002
00000000 000093be 6e 0005b3cf 0000006e 00000003 0005b3e9 00000083 0005b3f7 00000000 00000002
00000000 000093be 67 0005b3d0 00000067 00000003 0005b3e9 00000083 0005b3f8 00000000 00000002
00000000 000093be 20 0005b3d1 00000020 00000003 0005b3e9 00000083 0005b3f9 00000000 00000002
00000000 000093be 77 0005b3d2 00000077 00000003 0005b3e9 00000083 0005b3fa 00000000 00000002
00000000 000093be 69 0005b3d3 00000069 00000003 0005b3e9 00000083 0005b3fb 00000000 00000002
00000000 000093be 72 0005b3d4 00000072 00000003 0005b3e9 00000083 0005b3fc 00000000 00000002
00000000 000093be 65 0005b3d5 00000065 00000003 0005b3e9 00000083 0005b3fd 00000000 00000002
00000000 000093be 73 0005b3d6 00000073 00000003 0005b3e9 00000083 0005b3fe 00000000 00000002
00000000 000093be 20 0005b3d7 00000020 00000003 0005b3e9 00000083 0005b3ff 00000000 00000002
00000000 000093be 69 0005b3d8 00000069 00000003 0005b3e9 00000083 0005b400 00000000 00000002
00000000 000093be 6e 0005b3d9 0000006e 00000003 0005b3e9 00000083 0005b401 00000000 00000002
00000000 000093be 20 0005b3da 00000020 00000003 0005b3e9 00000083 0005b402 00000000 00000002
00000000 000093be 6d 0005b3db 0000006d 00000003 0005b3e9 00000083 0005b403 00000000 00000002
00000000 000093be 6f 0005b3dc 0000006f 00000003 0005b3e9 00000083 0005b404 00000000 00000002
00000000 000093be 64 0005b3dd 00000064 00000003 0005b3e9 00000083 0005b405 00000000 00000002
00000000 000093be 75 0005b3de 00000075 00000003 0005b3e9 00000083 0005b406 00000000 00000002
00000000 000093be 6c 0005b3df 0000006c 00000003 0005b3e9 00000083 0005b407 00000000 00000002
00000000 000093be 65 0005b3e0 00000065 00000003 0005b3e9 00000083 0005b408 00000000 00000002
00000000 000093be 20 0005b3e1 00000020 00000003 0005b3e9 00000083 0005b409 00000000 00000002
00000000 000093be 27 0005b3e2 00000027 00000003 0005b3e9 00000083 0005b40a 00000000 00000002
00000000 000093be 73 0003fa14 00000073 00000003 0005b3e9 00000083 0005b40b 00000000 00000002
00000000 000093be 74 0003fa3a 00000074 00000003 0005b3e9 00000083 0005b40c 00000000 00000002
00000000 000093be 65 0003fa60 00000065 00000003 0005b3e9 00000083 0005b40d 00000000 00000002
00000000 000093be 70 0003fa86 00000070 00000003 0005b3e9 00000083 0005b40e 00000000 00000002
00000000 000093be 27 0005b3e4 00000027 00000003 0005b3e9 00000083 0005b40f 00000000 00000002
00000000 000093be 2e 0005b3e5 0000002e 00000003 0005b3e9 00000083 0005b410 00000000 00000002
00000000 000093be 2e 0005b3e6 0000002e 00000003 0005b3e9 00000083 0005b411 00000000 00000002
00000000 000093be 2e 0005b3e7 0000002e 00000003 0005b3e9 00000083 0005b412 00000000 00000002
00000000 000093be 0a 0005b3e8 0000000a 00000003 0005b3e9 00000083 0005b413 00000000 00000002
00000000 000093be 5b 0006cb18 0000005b 00000003 0006cb17 00000083 0006cb32 00000000 00000002
00000000 000093be 32 0006cb19 00000032 00000003 0006cb17 00000083 0006cb33 00000000 00000002
00000000 000093be 44 0006cb1a 00000044 00000003 0006cb17 00000083 0006cb34 00000000 00000002
00000000 000093be 5d 0006cb1b 0000005d 00000003 0006cb17 00000083 0006cb35 00000000 00000002
00000000 000093be 20 0006cb1c 00000020 00000003 0006cb17 00000083 0006cb36 00000000 00000002
00000000 000093be 43 0006cb1d 00000043 00000003 0006cb17 00000083 0006cb37 00000000 00000002
00000000 000093be 6f 0006cb1e 0000006f 00000003 0006cb17 00000083 0006cb38 00000000 00000002
00000000 000093be 6e 0006cb1f 0000006e 00000003 0006cb17 00000083 0006cb39 00000000 00000002
00000000 000093be 6e 0006cb20 0000006e 00000003 0006cb17 00000083 0006cb3a 00000000 00000002
00000000 000093be 65 0006cb21 00000065 00000003 0006cb17 00000083 0006cb3b 00000000 00000002
00000000 000093be 63 0006cb22 00000063 00000003 0006cb17 00000083 0006cb3c 00000000 00000002
00000000 000093be 74 0006cb23 00000074 00000003 0006cb17 00000083 0006cb3d 00000000 00000002
00000000 000093be 69 0006cb24 00000069 00000003 0006cb17 00000083 0006cb3e 00000000 00000002
00000000 000093be 6e 0006cb25 0000006e 00000003 0006cb17 00000083 0006cb3f 00000000 00000002
00000000 000093be 67 0006cb26 00000067 00000003 0006cb17 00000083 0006cb40 00000000 00000002
00000000 000093be 20 0006cb27 00000020 00000003 0006cb17 00000083 0006cb41 00000000 00000002
00000000 000093be 77 0006cb28 00000077 00000003 0006cb17 00000083 0006cb42 00000000 00000002
00000000 000093be 69 0006cb29 00000069 00000003 0006cb17 00000083 0006cb43 00000000 00000002
00000000 000093be 72 0006cb2a 00000072 00000003 0006cb17 00000083 0006cb44 00000000 00000002
00000000 000093be 65 0006cb2b 00000065 00000003 0006cb17 00000083 0006cb45 00000000 00000002
00000000 000093be 73 0006cb2c 00000073 00000003 0006cb17 00000083 0006cb46 00000000 00000002
00000000 000093be 2e 0006cb2d 0000002e 00000003 0006cb17 00000083 0006cb47 00000000 00000002
00000000 000093be 2e 0006cb2e 0000002e 00000003 0006cb17 00000083 0006cb48 00000000 00000002
00000000 000093be 2e 0006cb2f 0000002e 00000003 0006cb17 00000083 0006cb49 00000000 00000002
00000000 000093be 0a 0006cb30 0000000a 00000003 0006cb17 00000083 0006cb4a 00000000 00000002
00000000 000093be 5b 0006d612 0000005b 00000003 0006d611 00000083 0006d626 00000000 00000002
00000000 000093be 32 0006d613 00000032 00000003 0006d611 00000083 0006d627 00000000 00000002
00000000 000093be 44 0006d614 00000044 00000003 0006d611 00000083 0006d628 00000000 00000002
00000000 000093be 5d 0006d615 0000005d 00000003 0006d611 00000083 0006d629 00000000 00000002
00000000 000093be 20 0006d616 00000020 00000003 0006d611 00000083 0006d62a 00000000 00000002
00000000 000093be 44 0006d617 00000044 00000003 0006d611 00000083 0006d62b 00000000 00000002
00000000 000093be 6f 0006d618 0000006f 00000003 0006d611 00000083 0006d62c 00000000 00000002
00000000 000093be 6e 0006d619 0000006e 00000003 0006d611 00000083 0006d62d 00000000 00000002
00000000 000093be 65 0006d61a 00000065 00000003 0006d611 00000083 0006d62e 00000000 00000002
00000000 000093be 20 0006d61b 00000020 00000003 0006d611 00000083 0006d62f 00000000 00000002
00000000 000093be 50 0006d61c 00000050 00000003 0006d611 00000083 0006d630 00000000 00000002
00000000 000093be 61 0006d61d 00000061 00000003 0006d611 00000083 0006d631 00000000 00000002
00000000 000093be 72 0006d61e 00000072 00000003 0006d611 00000083 0006d632 00000000 00000002
00000000 000093be 73 0006d61f 00000073 00000003 0006d611 00000083 0006d633 00000000 00000002
00000000 000093be 69 0006d620 00000069 00000003 0006d611 00000083 0006d634 00000000 00000002
00000000 000093be 6e 0006d621 0000006e 00000003 0006d611 00000083 0006d635 00000000 00000002
00000000 000093be 67 0006d622 00000067 00000003 0006d611 00000083 0006d636 00000000 00000002
00000000 000093be 21 0006d623 00000021 00000003 0006d611 00000083 0006d637 00000000 00000002
00000000 000093be 0a 0006d624 0000000a 00000003 0006d611 00000083 0006d638 00000000 00000002
00000000 000093be 2d 0006dc53 0000002d 00000003 0006dc52 00000083 0006dc9b 00000000 00000002
00000000 000093be 2d 0006dc54 0000002d 00000003 0006dc52 00000083 0006dc9c 00000000 00000002
00000000 000093be 2d 0006dc55 0000002d 00000003 0006dc52 00000083 0006dc9d 00000000 00000002
00000000 000093be 2d 0006dc56 0000002d 00000003 0006dc52 00000083 0006dc9e 00000000 00000002
00000000 000093be 2d 0006dc57 0000002d 00000003 0006dc52 00000083 0006dc9f 00000000 00000002
00000000 000093be 2d 0006dc58 0000002d 00000003 0006dc52 00000083 0006dca0 00000000 00000002
00000000 000093be 2d 0006dc59 0000002d 00000003 0006dc52 00000083 0006dca1 00000000 00000002
00000000 000093be 2d 0006dc5a 0000002d 00000003 0006dc52 00000083 0006dca2 00000000 00000002
00000000 000093be 2d 0006dc5b 0000002d 00000003 0006dc52 00000083 0006dca3 00000000 00000002
00000000 000093be 2d 0006dc5c 0000002d 00000003 0006dc52 00000083 0006dca4 00000000 00000002
00000000 000093be 2d 0006dc5d 0000002d 00000003 0006dc52 00000083 0006dca5 00000000 00000002
00000000 000093be 2d 0006dc5e 0000002d 00000003 0006dc52 00000083 0006dca6 00000000 00000002
00000000 000093be 2d 0006dc5f 0000002d 00000003 0006dc52 00000083 0006dca7 00000000 00000002
00000000 000093be 2d 0006dc60 0000002d 00000003 0006dc52 00000083 0006dca8 00000000 00000002
00000000 000093be 2d 0006dc61 0000002d 00000003 0006dc52 00000083 0006dca9 00000000 00000002
00000000 000093be 2d 0006dc62 0000002d 00000003 0006dc52 00000083 0006dcaa 00000000 00000002
00000000 000093be 2d 0006dc63 0000002d 00000003 0006dc52 00000083 0006dcab 00000000 00000002
00000000 000093be 2d 0006dc64 0000002d 00000003 0006dc52 00000083 0006dcac 00000000 00000002
00000000 000093be 2d 0006dc65 0000002d 00000003 0006dc52 00000083 0006dcad 00000000 00000002
00000000 000093be 2d 0006dc66 0000002d 00000003 0006dc52 00000083 0006dcae 00000000 00000002
00000000 000093be 2d 0006dc67 0000002d 00000003 0006dc52 00000083 0006dcaf 00000000 00000002
00000000 000093be 2d 0006dc68 0000002d 00000003 0006dc52 00000083 0006dcb0 00000000 00000002
00000000 000093be 2d 0006dc69 0000002d 00000003 0006dc52 00000083 0006dcb1 00000000 00000002
00000000 000093be 2d 0006dc6a 0000002d 00000003 0006dc52 00000083 0006dcb2 00000000 00000002
00000000 000093be 2d 0006dc6b 0000002d 00000003 0006dc52 00000083 0006dcb3 00000000 00000002
00000000 000093be 2d 0006dc6c 0000002d 00000003 0006dc52 00000083 0006dcb4 00000000 00000002
00000000 000093be 2d 0006dc6d 0000002d 00000003 0006dc52 00000083 0006dcb5 00000000 00000002
00000000 000093be 2d 0006dc6e 0000002d 00000003 0006dc52 00000083 0006dcb6 00000000 00000002
00000000 000093be 2d 0006dc6f 0000002d 00000003 0006dc52 00000083 0006dcb7 00000000 00000002
00000000 000093be 2d 0006dc70 0000002d 00000003 0006dc52 00000083 0006dcb8 00000000 00000002
00000000 000093be 2d 0006dc71 0000002d 00000003 0006dc52 00000083 0006dcb9 00000000 00000002
00000000 000093be 2d 0006dc72 0000002d 00000003 0006dc52 00000083 0006dcba 00000000 00000002
00000000 000093be 2d 0006dc73 0000002d 00000003 0006dc52 00000083 0006dcbb 00000000 00000002
00000000 000093be 2d 0006dc74 0000002d 00000003 0006dc52 00000083 0006dcbc 00000000 00000002
00000000 000093be 2d 0006dc75 0000002d 00000003 0006dc52 00000083 0006dcbd 00000000 00000002
00000000 000093be 2d 0006dc76 0000002d 00000003 0006dc52 00000083 0006dcbe 00000000 00000002
00000000 000093be 2d 0006dc77 0000002d 00000003 0006dc52 00000083 0006dcbf 00000000 00000002
00000000 000093be 2d 0006dc78 0000002d 00000003 0006dc52 00000083 0006dcc0 00000000 00000002
00000000 000093be 2d 0006dc79 0000002d 00000003 0006dc52 00000083 0006dcc1 00000000 00000002
00000000 000093be 2d 0006dc7a 0000002d 00000003 0006dc52 00000083 0006dcc2 00000000 00000002
00000000 000093be 2d 0006dc7b 0000002d 00000003 0006dc52 00000083 0006dcc3 00000000 00000002
00000000 000093be 2d 0006dc7c 0000002d 00000003 0006dc52 00000083 0006dcc4 00000000 00000002
00000000 000093be 2d 0006dc7d 0000002d 00000003 0006dc52 00000083 0006dcc5 00000000 00000002
00000000 000093be 2d 0006dc7e 0000002d 00000003 0006dc52 00000083 0006dcc6 00000000 00000002
00000000 000093be 2d 0006dc7f 0000002d 00000003 0006dc52 00000083 0006dcc7 00000000 00000002
00000000 000093be 2d 0006dc80 0000002d 00000003 0006dc52 00000083 0006dcc8 00000000 00000002
00000000 000093be 2d 0006dc81 0000002d 00000003 0006dc52 00000083 0006dcc9 00000000 00000002
00000000 000093be 2d 0006dc82 0000002d 00000003 0006dc52 00000083 0006dcca 00000000 00000002
00000000 000093be 2d 0006dc83 0000002d 00000003 0006dc52 00000083 0006dccb 00000000 00000002
00000000 000093be 2d 0006dc84 0000002d 00000003 0006dc52 00000083 0006dccc 00000000 00000002
00000000 000093be 2d 0006dc85 0000002d 00000003 0006dc52 00000083 0006dccd 00000000 00000002
00000000 000093be 2d 0006dc86 0000002d 00000003 0006dc52 00000083 0006dcce 00000000 00000002
00000000 000093be 2d 0006dc87 0000002d 00000003 0006dc52 00000083 0006dccf 00000000 00000002
00000000 000093be 2d 0006dc88 0000002d 00000003 0006dc52 00000083 0006dcd0 00000000 00000002
00000000 000093be 2d 0006dc89 0000002d 00000003 0006dc52 00000083 0006dcd1 00000000 00000002
00000000 000093be 2d 0006dc8a 0000002d 00000003 0006dc52 00000083 0006dcd2 00000000 00000002
00000000 000093be 2d 0006dc8b 0000002d 00000003 0006dc52 00000083 0006dcd3 00000000 00000002
00000000 000093be 2d 0006dc8c 0000002d 00000003 0006dc52 00000083 0006dcd4 00000000 00000002
00000000 000093be 2d 0006dc8d 0000002d 00000003 0006dc52 00000083 0006dcd5 00000000 00000002
00000000 000093be 2d 0006dc8e 0000002d 00000003 0006dc52 00000083 0006dcd6 00000000 00000002
00000000 000093be 2d 0006dc8f 0000002d 00000003 0006dc52 00000083 0006dcd7 00000000 00000002
00000000 000093be 2d 0006dc90 0000002d 00000003 0006dc52 00000083 0006dcd8 00000000 00000002
00000000 000093be 2d 0006dc91 0000002d 00000003 0006dc52 00000083 0006dcd9 00000000 00000002
00000000 000093be 2d 0006dc92 0000002d 00000003 0006dc52 00000083 0006dcda 00000000 00000002
00000000 000093be 2d 0006dc93 0000002d 00000003 0006dc52 00000083 0006dcdb 00000000 00000002
00000000 000093be 2d 0006dc94 0000002d 00000003 0006dc52 00000083 0006dcdc 00000000 00000002
00000000 000093be 2d 0006dc95 0000002d 00000003 0006dc52 00000083 0006dcdd 00000000 00000002
00000000 000093be 2d 0006dc96 0000002d 00000003 0006dc52 00000083 0006dcde 00000000 00000002
00000000 000093be 2d 0006dc97 0000002d 00000003 0006dc52 00000083 0006dcdf 00000000 00000002
00000000 000093be 2d 0006dc98 0000002d 00000003 0006dc52 00000083 0006dce0 00000000 00000002
00000000 000093be 0a 0006dc99 0000000a 00000003 0006dc52 00000083 0006dce1 00000000 00000002
00000000 000093be 0a 0006dce4 0000000a 00000003 0006df6d 00000083 0006df6f 00000000 00000002
00000000 000093be 49 0006dce5 00000049 00000003 0006df6d 00000083 0006df70 00000000 00000002
00000000 000093be 6e 0006dce6 0000006e 00000003 0006df6d 00000083 0006df71 00000000 00000002
00000000 000093be 69 0006dce7 00000069 00000003 0006df6d 00000083 0006df72 00000000 00000002
00000000 000093be 74 0006dce8 00000074 00000003 0006df6d 00000083 0006df73 00000000 00000002
00000000 000093be 69 0006dce9 00000069 00000003 0006df6d 00000083 0006df74 00000000 00000002
00000000 000093be 61 0006dcea 00000061 00000003 0006df6d 00000083 0006df75 00000000 00000002
00000000 000093be 6c 0006dceb 0000006c 00000003 0006df6d 00000083 0006df76 00000000 00000002
00000000 000093be 20 0006dcec 00000020 00000003 0006df6d 00000083 0006df77 00000000 00000002
00000000 000093be 54 0006dced 00000054 00000003 0006df6d 00000083 0006df78 00000000 00000002
00000000 000093be 65 0006dcee 00000065 00000003 0006df6d 00000083 0006df79 00000000 00000002
00000000 000093be 72 0006dcef 00000072 00000003 0006df6d 00000083 0006df7a 00000000 00000002
00000000 000093be 6d 0006dcf0 0000006d 00000003 0006df6d 00000083 0006df7b 00000000 00000002
00000000 000093be 3a 0006dcf1 0000003a 00000003 0006df6d 00000083 0006df7c 00000000 00000002
00000000 000093be 20 0006dcf2 00000020 00000003 0006df6d 00000083 0006df7d 00000000 00000002
00000000 000093be 49 0006df66 00000049 00000003 0006df6d 00000083 0006df7e 00000000 00000002
00000000 000093be 6e 0006df67 0000006e 00000003 0006df6d 00000083 0006df7f 00000000 00000002
00000000 000093be 6c 0006df68 0000006c 00000003 0006df6d 00000083 0006df80 00000000 00000002
00000000 000093be 20 0006df69 00000020 00000003 0006df6d 00000083 0006df81 00000000 00000002
00000000 000093be 28 0006df5f 00000028 00000003 0006df6d 00000083 0006df82 00000000 00000002
00000000 000093be 49 0006dd39 00000049 00000003 0006df6d 00000083 0006df83 00000000 00000002
00000000 000093be 6e 0006dd3a 0000006e 00000003 0006df6d 00000083 0006df84 00000000 00000002
00000000 000093be 72 0006dd3b 00000072 00000003 0006df6d 00000083 0006df85 00000000 00000002
00000000 000093be 20 0006dd3c 00000020 00000003 0006df6d 00000083 0006df86 00000000 00000002
00000000 000093be 49 0006dd33 00000049 00000003 0006df6d 00000083 0006df87 00000000 00000002
00000000 000093be 6e 0006dd34 0000006e 00000003 0006df6d 00000083 0006df88 00000000 00000002
00000000 000093be 72 0006dd35 00000072 00000003 0006df6d 00000083 0006df89 00000000 00000002
00000000 000093be 20 0006dd36 00000020 00000003 0006df6d 00000083 0006df8a 00000000 00000002
00000000 000093be 49 0006dd2d 00000049 00000003 0006df6d 00000083 0006df8b 00000000 00000002
00000000 000093be 6e 0006dd2e 0000006e 00000003 0006df6d 00000083 0006df8c 00000000 00000002
00000000 000093be 72 0006dd2f 00000072 00000003 0006df6d 00000083 0006df8d 00000000 00000002
00000000 000093be 20 0006dd30 00000020 00000003 0006df6d 00000083 0006df8e 00000000 00000002
00000000 000093be 49 0006dd27 00000049 00000003 0006df6d 00000083 0006df8f 00000000 00000002
00000000 000093be 6e 0006dd28 0000006e 00000003 0006df6d 00000083 0006df90 00000000 00000002
00000000 000093be 6c 0006dd29 0000006c 00000003 0006df6d 00000083 0006df91 00000000 00000002
00000000 000093be 20 0006dd2a 00000020 00000003 0006df6d 00000083 0006df92 00000000 00000002
00000000 000093be 28 0006dd24 00000028 00000003 0006df6d 00000083 0006df93 00000000 00000002
00000000 000093be 29 0006dd25 00000029 00000003 0006df6d 00000083 0006df94 00000000 00000002
00000000 000093be 2c 0006df61 0000002c 00000003 0006df6d 00000083 0006df95 00000000 00000002
00000000 000093be 49 0006df59 00000049 00000003 0006df6d 00000083 0006df96 00000000 00000002
00000000 000093be 6e 0006df5a 0000006e 00000003 0006df6d 00000083 0006df97 00000000 00000002
00000000 000093be 6c 0006df5b 0000006c 00000003 0006df6d 00000083 0006df98 00000000 00000002
00000000 000093be 20 0006df5c 00000020 00000003 0006df6d 00000083 0006df99 00000000 00000002
00000000 000093be 28 0006df52 00000028 00000003 0006df6d 00000083 0006df9a 00000000 00000002
00000000 000093be 49 0006de5c 00000049 00000003 0006df6d 00000083 0006df9b 00000000 00000002
00000000 000093be 6e 0006de5d 0000006e 00000003 0006df6d 00000083 0006df9c 00000000 00000002
00000000 000093be 6c 0006de5e 0000006c 00000003 0006df6d 00000083 0006df9d 00000000 00000002
00000000 000093be 20 0006de5f 00000020 00000003 0006df6d 00000083 0006df9e 00000000 00000002
00000000 000093be 28 0006de55 00000028 00000003 0006df6d 00000083 0006df9f 00000000 00000002
00000000 000093be 49 0006dd9f 00000049 00000003 0006df6d 00000083 0006dfa0 00000000 00000002
00000000 000093be 6e 0006dda0 0000006e 00000003 0006df6d 00000083 0006dfa1 00000000 00000002
00000000 000093be 72 0006dda1 00000072 00000003 0006df6d 00000083 0006dfa2 00000000 00000002
00000000 000093be 20 0006dda2 00000020 00000003 0006df6d 00000083 0006dfa3 00000000 00000002
00000000 000093be 49 0006dd99 00000049 00000003 0006df6d 00000083 0006dfa4 00000000 00000002
00000000 000093be 6e 0006dd9a 0000006e 00000003 0006df6d 00000083 0006dfa5 00000000 00000002
00000000 000093be 72 0006dd9b 00000072 00000003 0006df6d 00000083 0006dfa6 00000000 00000002
00000000 000093be 20 0006dd9c 00000020 00000003 0006df6d 00000083 0006dfa7 00000000 00000002
00000000 000093be 49 0006dd93 00000049 00000003 0006df6d 00000083 0006dfa8 00000000 00000002
00000000 000093be 6e 0006dd94 0000006e 00000003 0006df6d 00000083 0006dfa9 00000000 00000002
00000000 000093be 72 0006dd95 00000072 00000003 0006df6d 00000083 0006dfaa 00000000 00000002
00000000 000093be 20 0006dd96 00000020 00000003 0006df6d 00000083 0006dfab 00000000 00000002
00000000 000093be 49 0006dd8d 00000049 00000003 0006df6d 00000083 0006dfac 00000000 00000002
00000000 000093be 6e 0006dd8e 0000006e 00000003 0006df6d 00000083 0006dfad 00000000 00000002
00000000 000093be 72 0006dd8f 00000072 00000003 0006df6d 00000083 0006dfae 00000000 00000002
00000000 000093be 20 0006dd90 00000020 00000003 0006df6d 00000083 0006dfaf 00000000 00000002
00000000 000093be 49 0006dd87 00000049 00000003 0006df6d 00000083 0006dfb0 00000000 00000002
00000000 000093be 6e 0006dd88 0000006e 00000003 0006df6d 00000083 0006dfb1 00000000 00000002
00000000 000093be 6c 0006dd89 0000006c 00000003 0006df6d 00000083 0006dfb2 00000000 00000002
00000000 000093be 20 0006dd8a 00000020 00000003 0006df6d 00000083 0006dfb3 00000000 00000002
00000000 000093be 28 0006dd84 00000028 00000003 0006df6d 00000083 0006dfb4 00000000 00000002
00000000 000093be 29 0006dd85 00000029 00000003 0006df6d 00000083 0006dfb5 00000000 00000002
00000000 000093be 2c 0006de57 0000002c 00000003 0006df6d 00000083 0006dfb6 00000000 00000002
00000000 000093be 49 0006de4f 00000049 00000003 0006df6d 00000083 0006dfb7 00000000 00000002
00000000 000093be 6e 0006de50 0000006e 00000003 0006df6d 00000083 0006dfb8 00000000 00000002
00000000 000093be 6c 0006de51 0000006c 00000003 0006df6d 00000083 0006dfb9 00000000 00000002
00000000 000093be 20 0006de52 00000020 00000003 0006df6d 00000083 0006dfba 00000000 00000002
00000000 000093be 28 0006de48 00000028 00000003 0006df6d 00000083 0006dfbb 00000000 00000002
00000000 000093be 49 0006ddd2 00000049 00000003 0006df6d 00000083 0006dfbc 00000000 00000002
00000000 000093be 6e 0006ddd3 0000006e 00000003 0006df6d 00000083 0006dfbd 00000000 00000002
00000000 000093be 72 0006ddd4 00000072 00000003 0006df6d 00000083 0006dfbe 00000000 00000002
00000000 000093be 20 0006ddd5 00000020 00000003 0006df6d 00000083 0006dfbf 00000000 00000002
00000000 000093be 49 0006ddcc 00000049 00000003 0006df6d 00000083 0006dfc0 00000000 00000002
00000000 000093be 6e 0006ddcd 0000006e 00000003 0006df6d 00000083 0006dfc1 00000000 00000002
00000000 000093be 6c 0006ddce 0000006c 00000003 0006df6d 00000083 0006dfc2 00000000 00000002
00000000 000093be 20 0006ddcf 00000020 00000003 0006df6d 00000083 0006dfc3 00000000 00000002
00000000 000093be 28 0006ddc9 00000028 00000003 0006df6d 00000083 0006dfc4 00000000 00000002
00000000 000093be 29 0006ddca 00000029 00000003 0006df6d 00000083 0006dfc5 00000000 00000002
00000000 000093be 2c 0006de4a 0000002c 00000003 0006df6d 00000083 0006dfc6 00000000 00000002
00000000 000093be 49 0006de42 00000049 00000003 0006df6d 00000083 0006dfc7 00000000 00000002
00000000 000093be 6e 0006de43 0000006e 00000003 0006df6d 00000083 0006dfc8 00000000 00000002
00000000 000093be 6c 0006de44 0000006c 00000003 0006df6d 00000083 0006dfc9 00000000 00000002
00000000 000093be 20 0006de45 00000020 00000003 0006df6d 00000083 0006dfca 00000000 00000002
00000000 000093be 28 0006de3b 00000028 00000003 0006df6d 00000083 0006dfcb 00000000 00000002
00000000 000093be 49 0006de05 00000049 00000003 0006df6d 00000083 0006dfcc 00000000 00000002
00000000 000093be 6e 0006de06 0000006e 00000003 0006df6d 00000083 0006dfcd 00000000 00000002
00000000 000093be 72 0006de07 00000072 00000003 0006df6d 00000083 0006dfce 00000000 00000002
00000000 000093be 20 0006de08 00000020 00000003 0006df6d 00000083 0006dfcf 00000000 00000002
00000000 000093be 49 0006ddff 00000049 00000003 0006df6d 00000083 0006dfd0 00000000 00000002
00000000 000093be 6e 0006de00 0000006e 00000003 0006df6d 00000083 0006dfd1 00000000 00000002
00000000 000093be 6c 0006de01 0000006c 00000003 0006df6d 00000083 0006dfd2 00000000 00000002
00000000 000093be 20 0006de02 00000020 00000003 0006df6d 00000083 0006dfd3 00000000 00000002
00000000 000093be 28 0006ddfc 00000028 00000003 0006df6d 00000083 0006dfd4 00000000 00000002
00000000 000093be 29 0006ddfd 00000029 00000003 0006df6d 00000083 0006dfd5 00000000 00000002
00000000 000093be 2c 0006de3d 0000002c 00000003 0006df6d 00000083 0006dfd6 00000000 00000002
00000000 000093be 49 0006de35 00000049 00000003 0006df6d 00000083 0006dfd7 00000000 00000002
00000000 000093be 6e 0006de36 0000006e 00000003 0006df6d 00000083 0006dfd8 00000000 00000002
00000000 000093be 72 0006de37 00000072 00000003 0006df6d 00000083 0006dfd9 00000000 00000002
00000000 000093be 20 0006de38 00000020 00000003 0006df6d 00000083 0006dfda 00000000 00000002
00000000 000093be 49 0006de2f 00000049 00000003 0006df6d 00000083 0006dfdb 00000000 00000002
00000000 000093be 6e 0006de30 0000006e 00000003 0006df6d 00000083 0006dfdc 00000000 00000002
00000000 000093be 72 0006de31 00000072 00000003 0006df6d 00000083 0006dfdd 00000000 00000002
00000000 000093be 20 0006de32 00000020 00000003 0006df6d 00000083 0006dfde 00000000 00000002
00000000 000093be 49 0006de29 00000049 00000003 0006df6d 00000083 0006dfdf 00000000 00000002
00000000 000093be 6e 0006de2a 0000006e 00000003 0006df6d 00000083 0006dfe0 00000000 00000002
00000000 000093be 6c 0006de2b 0000006c 00000003 0006df6d 00000083 0006dfe1 00000000 00000002
00000000 000093be 20 0006de2c 00000020 00000003 0006df6d 00000083 0006dfe2 00000000 00000002
00000000 000093be 28 0006de26 00000028 00000003 0006df6d 00000083 0006dfe3 00000000 00000002
00000000 000093be 29 0006de27 00000029 00000003 0006df6d 00000083 0006dfe4 00000000 00000002
00000000 000093be 29 0006de3f 00000029 00000003 0006df6d 00000083 0006dfe5 00000000 00000002
00000000 000093be 29 0006de4c 00000029 00000003 0006df6d 00000083 0006dfe6 00000000 00000002
00000000 000093be 29 0006de59 00000029 00000003 0006df6d 00000083 0006dfe7 00000000 00000002
00000000 000093be 2c 0006df54 0000002c 00000003 0006df6d 00000083 0006dfe8 00000000 00000002
00000000 000093be 49 0006df4c 00000049 00000003 0006df6d 00000083 0006dfe9 00000000 00000002
00000000 000093be 6e 0006df4d 0000006e 00000003 0006df6d 00000083 0006dfea 00000000 00000002
00000000 000093be 6c 0006df4e 0000006c 00000003 0006df6d 00000083 0006dfeb 00000000 00000002
00000000 000093be 20 0006df4f 00000020 00000003 0006df6d 00000083 0006dfec 00000000 00000002
00000000 000093be 28 0006df45 00000028 00000003 0006df6d 00000083 0006dfed 00000000 00000002
00000000 000093be 49 0006de8f 00000049 00000003 0006df6d 00000083 0006dfee 00000000 00000002
00000000 000093be 6e 0006de90 0000006e 00000003 0006df6d 00000083 0006dfef 00000000 00000002
00000000 000093be 72 0006de91 00000072 00000003 0006df6d 00000083 0006dff0 00000000 00000002
00000000 000093be 20 0006de92 00000020 00000003 0006df6d 00000083 0006dff1 00000000 00000002
00000000 000093be 49 0006de89 00000049 00000003 0006df6d 00000083 0006dff2 00000000 00000002
00000000 000093be 6e 0006de8a 0000006e 00000003 0006df6d 00000083 0006dff3 00000000 00000002
00000000 000093be 6c 0006de8b 0000006c 00000003 0006df6d 00000083 0006dff4 00000000 00000002
00000000 000093be 20 0006de8c 00000020 00000003 0006df6d 00000083 0006dff5 00000000 00000002
00000000 000093be 28 0006de86 00000028 00000003 0006df6d 00000083 0006dff6 00000000 00000002
00000000 000093be 29 0006de87 00000029 00000003 0006df6d 00000083 0006dff7 00000000 00000002
00000000 000093be 2c 0006df47 0000002c 00000003 0006df6d 00000083 0006dff8 00000000 00000002
00000000 000093be 49 0006df3f 00000049 00000003 0006df6d 00000083 0006dff9 00000000 00000002
00000000 000093be 6e 0006df40 0000006e 00000003 0006df6d 00000083 0006dffa 00000000 00000002
00000000 000093be 6c 0006df41 0000006c 00000003 0006df6d 00000083 0006dffb 00000000 00000002
00000000 000093be 20 0006df42 00000020 00000003 0006df6d 00000083 0006dffc 00000000 00000002
00000000 000093be 28 0006df38 00000028 00000003 0006df6d 00000083 0006dffd 00000000 00000002
00000000 000093be 49 0006dec2 00000049 00000003 0006df6d 00000083 0006dffe 00000000 00000002
00000000 000093be 6e 0006dec3 0000006e 00000003 0006df6d 00000083 0006dfff 00000000 00000002
00000000 000093be 72 0006dec4 00000072 00000003 0006df6d 00000083 0006e000 00000000 00000002
00000000 000093be 20 0006dec5 00000020 00000003 0006df6d 00000083 0006e001 00000000 00000002
00000000 000093be 49 0006debc 00000049 00000003 0006df6d 00000083 0006e002 00000000 00000002
00000000 000093be 6e 0006debd 0000006e 00000003 0006df6d 00000083 0006e003 00000000 00000002
00000000 000093be 6c 0006debe 0000006c 00000003 0006df6d 00000083 0006e004 00000000 00000002
00000000 000093be 20 0006debf 00000020 00000003 0006df6d 00000083 0006e005 00000000 00000002
00000000 000093be 28 0006deb9 00000028 00000003 0006df6d 00000083 0006e006 00000000 00000002
00000000 000093be 29 0006deba 00000029 00000003 0006df6d 00000083 0006e007 00000000 00000002
00000000 000093be 2c 0006df3a 0000002c 00000003 0006df6d 00000083 0006e008 00000000 00000002
00000000 000093be 49 0006df32 00000049 00000003 0006df6d 00000083 0006e009 00000000 00000002
00000000 000093be 6e 0006df33 0000006e 00000003 0006df6d 00000083 0006e00a 00000000 00000002
00000000 000093be 6c 0006df34 0000006c 00000003 0006df6d 00000083 0006e00b 00000000 00000002
00000000 000093be 20 0006df35 00000020 00000003 0006df6d 00000083 0006e00c 00000000 00000002
00000000 000093be 28 0006df2b 00000028 00000003 0006df6d 00000083 0006e00d 00000000 00000002
00000000 000093be 49 0006def5 00000049 00000003 0006df6d 00000083 0006e00e 00000000 00000002
00000000 000093be 6e 0006def6 0000006e 00000003 0006df6d 00000083 0006e00f 00000000 00000002
00000000 000093be 72 0006def7 00000072 00000003 0006df6d 00000083 0006e010 00000000 00000002
00000000 000093be 20 0006def8 00000020 00000003 0006df6d 00000083 0006e011 00000000 00000002
00000000 000093be 49 0006deef 00000049 00000003 0006df6d 00000083 0006e012 00000000 00000002
00000000 000093be 6e 0006def0 0000006e 00000003 0006df6d 00000083 0006e013 00000000 00000002
00000000 000093be 6c 0006def1 0000006c 00000003 0006df6d 00000083 0006e014 00000000 00000002
00000000 000093be 20 0006def2 00000020 00000003 0006df6d 00000083 0006e015 00000000 00000002
00000000 000093be 28 0006deec 00000028 00000003 0006df6d 00000083 0006e016 00000000 00000002
00000000 000093be 29 0006deed 00000029 00000003 0006df6d 00000083 0006e017 00000000 00000002
00000000 000093be 2c 0006df2d 0000002c 00000003 0006df6d 00000083 0006e018 00000000 00000002
00000000 000093be 49 0006df25 00000049 00000003 0006df6d 00000083 0006e019 00000000 00000002
00000000 000093be 6e 0006df26 0000006e 00000003 0006df6d 00000083 0006e01a 00000000 00000002
00000000 000093be 72 0006df27 00000072 00000003 0006df6d 00000083 0006e01b 00000000 00000002
00000000 000093be 20 0006df28 00000020 00000003 0006df6d 00000083 0006e01c 00000000 00000002
00000000 000093be 49 0006df1f 00000049 00000003 0006df6d 00000083 0006e01d 00000000 00000002
00000000 000093be 6e 0006df20 0000006e 00000003 0006df6d 00000083 0006e01e 00000000 00000002
00000000 000093be 72 0006df21 00000072 00000003 0006df6d 00000083 0006e01f 00000000 00000002
00000000 000093be 20 0006df22 00000020 00000003 0006df6d 00000083 0006e020 00000000 00000002
00000000 000093be 49 0006df19 00000049 00000003 0006df6d 00000083 0006e021 00000000 00000002
00000000 000093be 6e 0006df1a 0000006e 00000003 0006df6d 00000083 0006e022 00000000 00000002
00000000 000093be 6c 0006df1b 0000006c 00000003 0006df6d 00000083 0006e023 00000000 00000002
00000000 000093be 20 0006df1c 00000020 00000003 0006df6d 00000083 0006e024 00000000 00000002
00000000 000093be 28 0006df16 00000028 00000003 0006df6d 00000083 0006e025 00000000 00000002
00000000 000093be 29 0006df17 00000029 00000003 0006df6d 00000083 0006e026 00000000 00000002
00000000 000093be 29 0006df2f 00000029 00000003 0006df6d 00000083 0006e027 00000000 00000002
00000000 000093be 29 0006df3c 00000029 00000003 0006df6d 00000083 0006e028 00000000 00000002
00000000 000093be 29 0006df49 00000029 00000003 0006df6d 00000083 0006e029 00000000 00000002
00000000 000093be 29 0006df56 00000029 00000003 0006df6d 00000083 0006e02a 00000000 00000002
00000000 000093be 29 0006df63 00000029 00000003 0006df6d 00000083 0006e02b 00000000 00000002
00000000 000093be 0a 0006df6c 0000000a 00000003 0006df6d 00000083 0006e02c 00000000 00000002
00000000 000093be 41 0006e02f 00000041 00000003 0006e02e 00000083 0006e043 00000000 00000002
00000000 000093be 70 0006e030 00000070 00000003 0006e02e 00000083 0006e044 00000000 00000002
00000000 000093be 70 0006e031 00000070 00000003 0006e02e 00000083 0006e045 00000000 00000002
00000000 000093be 6c 0006e032 0000006c 00000003 0006e02e 00000083 0006e046 00000000 00000002
00000000 000093be 79 0006e033 00000079 00000003 0006e02e 00000083 0006e047 00000000 00000002
00000000 000093be 69 0006e034 00000069 00000003 0006e02e 00000083 0006e048 00000000 00000002
00000000 000093be 6e 0006e035 0000006e 00000003 0006e02e 00000083 0006e049 00000000 00000002
00000000 000093be 67 0006e036 00000067 00000003 0006e02e 00000083 0006e04a 00000000 00000002
00000000 000093be 20 0006e037 00000020 00000003 0006e02e 00000083 0006e04b 00000000 00000002
00000000 000093be 61 0006e038 00000061 00000003 0006e02e 00000083 0006e04c 00000000 00000002
00000000 000093be 64 0006e039 00000064 00000003 0006e02e 00000083 0006e04d 00000000 00000002
00000000 000093be 76 0006e03a 00000076 00000003 0006e02e 00000083 0006e04e 00000000 00000002
00000000 000093be 69 0006e03b 00000069 00000003 0006e02e 00000083 0006e04f 00000000 00000002
00000000 000093be 63 0006e03c 00000063 00000003 0006e02e 00000083 0006e050 00000000 00000002
00000000 000093be 65 0006e03d 00000065 00000003 0006e02e 00000083 0006e051 00000000 00000002
00000000 000093be 2e 0006e03e 0000002e 00000003 0006e02e 00000083 0006e052 00000000 00000002
00000000 000093be 2e 0006e03f 0000002e 00000003 0006e02e 00000083 0006e053 00000000 00000002
00000000 000093be 2e 0006e040 0000002e 00000003 0006e02e 00000083 0006e054 00000000 00000002
00000000 000093be 0a 0006e041 0000000a 00000003 0006e02e 00000083 0006e055 00000000 00000002
00000000 000093be 4e 0006e376 0000004e 00000003 0006e60a 00000083 0006e60c 00000000 00000002
00000000 000093be 65 0006e377 00000065 00000003 0006e60a 00000083 0006e60d 00000000 00000002
00000000 000093be 78 0006e378 00000078 00000003 0006e60a 00000083 0006e60e 00000000 00000002
00000000 000093be 74 0006e379 00000074 00000003 0006e60a 00000083 0006e60f 00000000 00000002
00000000 000093be 20 0006e37a 00000020 00000003 0006e60a 00000083 0006e610 00000000 00000002
00000000 000093be 54 0006e37b 00000054 00000003 0006e60a 00000083 0006e611 00000000 00000002
00000000 000093be 65 0006e37c 00000065 00000003 0006e60a 00000083 0006e612 00000000 00000002
00000000 000093be 72 0006e37d 00000072 00000003 0006e60a 00000083 0006e613 00000000 00000002
00000000 000093be 6d 0006e37e 0000006d 00000003 0006e60a 00000083 0006e614 00000000 00000002
00000000 000093be 20 0006e37f 00000020 00000003 0006e60a 00000083 0006e615 00000000 00000002
00000000 000093be 20 0006e380 00000020 00000003 0006e60a 00000083 0006e616 00000000 00000002
00000000 000093be 20 0006e381 00000020 00000003 0006e60a 00000083 0006e617 00000000 00000002
00000000 000093be 3a 0006e382 0000003a 00000003 0006e60a 00000083 0006e618 00000000 00000002
00000000 000093be 20 0006e383 00000020 00000003 0006e60a 00000083 0006e619 00000000 00000002
00000000 000093be 49 0006e603 00000049 00000003 0006e60a 00000083 0006e61a 00000000 00000002
00000000 000093be 6e 0006e604 0000006e 00000003 0006e60a 00000083 0006e61b 00000000 00000002
00000000 000093be 72 0006e605 00000072 00000003 0006e60a 00000083 0006e61c 00000000 00000002
00000000 000093be 20 0006e606 00000020 00000003 0006e60a 00000083 0006e61d 00000000 00000002
00000000 000093be 49 0006e5fd 00000049 00000003 0006e60a 00000083 0006e61e 00000000 00000002
00000000 000093be 6e 0006e5fe 0000006e 00000003 0006e60a 00000083 0006e61f 00000000 00000002
00000000 000093be 6c 0006e5ff 0000006c 00000003 0006e60a 00000083 0006e620 00000000 00000002
00000000 000093be 20 0006e600 00000020 00000003 0006e60a 00000083 0006e621 00000000 00000002
00000000 000093be 28 0006e5f6 00000028 00000003 0006e60a 00000083 0006e622 00000000 00000002
00000000 000093be 49 0006e3d0 00000049 00000003 0006e60a 00000083 0006e623 00000000 00000002
00000000 000093be 6e 0006e3d1 0000006e 00000003 0006e60a 00000083 0006e624 00000000 00000002
00000000 000093be 72 0006e3d2 00000072 00000003 0006e60a 00000083 0006e625 00000000 00000002
00000000 000093be 20 0006e3d3 00000020 00000003 0006e60a 00000083 0006e626 00000000 00000002
00000000 000093be 49 0006e3ca 00000049 00000003 0006e60a 00000083 0006e627 00000000 00000002
00000000 000093be 6e 0006e3cb 0000006e 00000003 0006e60a 00000083 0006e628 00000000 00000002
00000000 000093be 72 0006e3cc 00000072 00000003 0006e60a 00000083 0006e629 00000000 00000002
00000000 000093be 20 0006e3cd 00000020 00000003 0006e60a 00000083 0006e62a 00000000 00000002
00000000 000093be 49 0006e3c4 00000049 00000003 0006e60a 00000083 0006e62b 00000000 00000002
00000000 000093be 6e 0006e3c5 0000006e 00000003 0006e60a 00000083 0006e62c 00000000 00000002
00000000 000093be 72 0006e3c6 00000072 00000003 0006e60a 00000083 0006e62d 00000000 00000002
00000000 000093be 20 0006e3c7 00000020 00000003 0006e60a 00000083 0006e62e 00000000 00000002
00000000 000093be 49 0006e3be 00000049 00000003 0006e60a 00000083 0006e62f 00000000 00000002
00000000 000093be 6e 0006e3bf 0000006e 00000003 0006e60a 00000083 0006e630 00000000 00000002
00000000 000093be 6c 0006e3c0 0000006c 00000003 0006e60a 00000083 0006e631 00000000 00000002
00000000 000093be 20 0006e3c1 00000020 00000003 0006e60a 00000083 0006e632 00000000 00000002
00000000 000093be 28 0006e3bb 00000028 00000003 0006e60a 00000083 0006e633 00000000 00000002
00000000 000093be 29 0006e3bc 00000029 00000003 0006e60a 00000083 0006e634 00000000 00000002
00000000 000093be 2c 0006e5f8 0000002c 00000003 0006e60a 00000083 0006e635 00000000 00000002
00000000 000093be 49 0006e5f0 00000049 00000003 0006e60a 00000083 0006e636 00000000 00000002
00000000 000093be 6e 0006e5f1 0000006e 00000003 0006e60a 00000083 0006e637 00000000 00000002
00000000 000093be 6c 0006e5f2 0000006c 00000003 0006e60a 00000083 0006e638 00000000 00000002
00000000 000093be 20 0006e5f3 00000020 00000003 0006e60a 00000083 0006e639 00000000 00000002
00000000 000093be 28 0006e5e9 00000028 00000003 0006e60a 00000083 0006e63a 00000000 00000002
00000000 000093be 49 0006e4f3 00000049 00000003 0006e60a 00000083 0006e63b 00000000 00000002
00000000 000093be 6e 0006e4f4 0000006e 00000003 0006e60a 00000083 0006e63c 00000000 00000002
00000000 000093be 6c 0006e4f5 0000006c 00000003 0006e60a 00000083 0006e63d 00000000 00000002
00000000 000093be 20 0006e4f6 00000020 00000003 0006e60a 00000083 0006e63e 00000000 00000002
00000000 000093be 28 0006e4ec 00000028 00000003 0006e60a 00000083 0006e63f 00000000 00000002
00000000 000093be 49 0006e436 00000049 00000003 0006e60a 00000083 0006e640 00000000 00000002
00000000 000093be 6e 0006e437 0000006e 00000003 0006e60a 00000083 0006e641 00000000 00000002
00000000 000093be 72 0006e438 00000072 00000003 0006e60a 00000083 0006e642 00000000 00000002
00000000 000093be 20 0006e439 00000020 00000003 0006e60a 00000083 0006e643 00000000 00000002
00000000 000093be 49 0006e430 00000049 00000003 0006e60a 00000083 0006e644 00000000 00000002
00000000 000093be 6e 0006e431 0000006e 00000003 0006e60a 00000083 0006e645 00000000 00000002
00000000 000093be 72 0006e432 00000072 00000003 0006e60a 00000083 0006e646 00000000 00000002
00000000 000093be 20 0006e433 00000020 00000003 0006e60a 00000083 0006e647 00000000 00000002
00000000 000093be 49 0006e42a 00000049 00000003 0006e60a 00000083 0006e648 00000000 00000002
00000000 000093be 6e 0006e42b 0000006e 00000003 0006e60a 00000083 0006e649 00000000 00000002
00000000 000093be 72 0006e42c 00000072 00000003 0006e60a 00000083 0006e64a 00000000 00000002
00000000 000093be 20 0006e42d 00000020 00000003 0006e60a 00000083 0006e64b 00000000 00000002
00000000 000093be 49 0006e424 00000049 00000003 0006e60a 00000083 0006e64c 00000000 00000002
00000000 000093be 6e 0006e425 0000006e 00000003 0006e60a 00000083 0006e64d 00000000 00000002
00000000 000093be 72 0006e426 00000072 00000003 0006e60a 00000083 0006e64e 00000000 00000002
00000000 000093be 20 0006e427 00000020 00000003 0006e60a 00000083 0006e64f 00000000 00000002
00000000 000093be 49 0006e41e 00000049 00000003 0006e60a 00000083 0006e650 00000000 00000002
00000000 000093be 6e 0006e41f 0000006e 00000003 0006e60a 00000083 0006e651 00000000 00000002
00000000 000093be 6c 0006e420 0000006c 00000003 0006e60a 00000083 0006e652 00000000 00000002
00000000 000093be 20 0006e421 00000020 00000003 0006e60a 00000083 0006e653 00000000 00000002
00000000 000093be 28 0006e41b 00000028 00000003 0006e60a 00000083 0006e654 00000000 00000002
00000000 000093be 29 0006e41c 00000029 00000003 0006e60a 00000083 0006e655 00000000 00000002
00000000 000093be 2c 0006e4ee 0000002c 00000003 0006e60a 00000083 0006e656 00000000 00000002
00000000 000093be 49 0006e4e6 00000049 00000003 0006e60a 00000083 0006e657 00000000 00000002
00000000 000093be 6e 0006e4e7 0000006e 00000003 0006e60a 00000083 0006e658 00000000 00000002
00000000 000093be 6c 0006e4e8 0000006c 00000003 0006e60a 00000083 0006e659 00000000 00000002
00000000 000093be 20 0006e4e9 00000020 00000003 0006e60a 00000083 0006e65a 00000000 00000002
00000000 000093be 28 0006e4df 00000028 00000003 0006e60a 00000083 0006e65b 00000000 00000002
00000000 000093be 49 0006e469 00000049 00000003 0006e60a 00000083 0006e65c 00000000 00000002
00000000 000093be 6e 0006e46a 0000006e 00000003 0006e60a 00000083 0006e65d 00000000 00000002
00000000 000093be 72 0006e46b 00000072 00000003 0006e60a 00000083 0006e65e 00000000 00000002
00000000 000093be 20 0006e46c 00000020 00000003 0006e60a 00000083 0006e65f 00000000 00000002
00000000 000093be 49 0006e463 00000049 00000003 0006e60a 00000083 0006e660 00000000 00000002
00000000 000093be 6e 0006e464 0000006e 00000003 0006e60a 00000083 0006e661 00000000 00000002
00000000 000093be 6c 0006e465 0000006c 00000003 0006e60a 00000083 0006e662 00000000 00000002
00000000 000093be 20 0006e466 00000020 00000003 0006e60a 00000083 0006e663 00000000 00000002
00000000 000093be 28 0006e460 00000028 00000003 0006e60a 00000083 0006e664 00000000 00000002
00000000 000093be 29 0006e461 00000029 00000003 0006e60a 00000083 0006e665 00000000 00000002
00000000 000093be 2c 0006e4e1 0000002c 00000003 0006e60a 00000083 0006e666 00000000 00000002
00000000 000093be 49 0006e4d9 00000049 00000003 0006e60a 00000083 0006e667 00000000 00000002
00000000 000093be 6e 0006e4da 0000006e 00000003 0006e60a 00000083 0006e668 00000000 00000002
00000000 000093be 6c 0006e4db 0000006c 00000003 0006e60a 00000083 0006e669 00000000 00000002
00000000 000093be 20 0006e4dc 00000020 00000003 0006e60a 00000083 0006e66a 00000000 00000002
00000000 000093be 28 0006e4d2 00000028 00000003 0006e60a 00000083 0006e66b 00000000 00000002
00000000 000093be 49 0006e49c 00000049 00000003 0006e60a 00000083 0006e66c 00000000 00000002
00000000 000093be 6e 0006e49d 0000006e 00000003 0006e60a 00000083 0006e66d 00000000 00000002
00000000 000093be 72 0006e49e 00000072 00000003 0006e60a 00000083 0006e66e 00000000 00000002
00000000 000093be 20 0006e49f 00000020 00000003 0006e60a 00000083 0006e66f 00000000 00000002
00000000 000093be 49 0006e496 00000049 00000003 0006e60a 00000083 0006e670 00000000 00000002
00000000 000093be 6e 0006e497 0000006e 00000003 0006e60a 00000083 0006e671 00000000 00000002
00000000 000093be 6c 0006e498 0000006c 00000003 0006e60a 00000083 0006e672 00000000 00000002
00000000 000093be 20 0006e499 00000020 00000003 0006e60a 00000083 0006e673 00000000 00000002
00000000 000093be 28 0006e493 00000028 00000003 0006e60a 00000083 0006e674 00000000 00000002
00000000 000093be 29 0006e494 00000029 00000003 0006e60a 00000083 0006e675 00000000 00000002
00000000 000093be 2c 0006e4d4 0000002c 00000003 0006e60a 00000083 0006e676 00000000 00000002
00000000 000093be 49 0006e4cc 00000049 00000003 0006e60a 00000083 0006e677 00000000 00000002
00000000 000093be 6e 0006e4cd 0000006e 00000003 0006e60a 00000083 0006e678 00000000 00000002
00000000 000093be 72 0006e4ce 00000072 00000003 0006e60a 00000083 0006e679 00000000 00000002
00000000 000093be 20 0006e4cf 00000020 00000003 0006e60a 00000083 0006e67a 00000000 00000002
00000000 000093be 49 0006e4c6 00000049 00000003 0006e60a 00000083 0006e67b 00000000 00000002
00000000 000093be 6e 0006e4c7 0000006e 00000003 0006e60a 00000083 0006e67c 00000000 00000002
00000000 000093be 72 0006e4c8 00000072 00000003 0006e60a 00000083 0006e67d 00000000 00000002
00000000 000093be 20 0006e4c9 00000020 00000003 0006e60a 00000083 0006e67e 00000000 00000002
00000000 000093be 49 0006e4c0 00000049 00000003 0006e60a 00000083 0006e67f 00000000 00000002
00000000 000093be 6e 0006e4c1 0000006e 00000003 0006e60a 00000083 0006e680 00000000 00000002
00000000 000093be 6c 0006e4c2 0000006c 00000003 0006e60a 00000083 0006e681 00000000 00000002
00000000 000093be 20 0006e4c3 00000020 00000003 0006e60a 00000083 0006e682 00000000 00000002
00000000 000093be 28 0006e4bd 00000028 00000003 0006e60a 00000083 0006e683 00000000 00000002
00000000 000093be 29 0006e4be 00000029 00000003 0006e60a 00000083 0006e684 00000000 00000002
00000000 000093be 29 0006e4d6 00000029 00000003 0006e60a 00000083 0006e685 00000000 00000002
00000000 000093be 29 0006e4e3 00000029 00000003 0006e60a 00000083 0006e686 00000000 00000002
00000000 000093be 29 0006e4f0 00000029 00000003 0006e60a 00000083 0006e687 00000000 00000002
00000000 000093be 2c 0006e5eb 0000002c 00000003 0006e60a 00000083 0006e688 00000000 00000002
00000000 000093be 49 0006e5e3 00000049 00000003 0006e60a 00000083 0006e689 00000000 00000002
00000000 000093be 6e 0006e5e4 0000006e 00000003 0006e60a 00000083 0006e68a 00000000 00000002
00000000 000093be 6c 0006e5e5 0000006c 00000003 0006e60a 00000083 0006e68b 00000000 00000002
00000000 000093be 20 0006e5e6 00000020 00000003 0006e60a 00000083 0006e68c 00000000 00000002
00000000 000093be 28 0006e5dc 00000028 00000003 0006e60a 00000083 0006e68d 00000000 00000002
00000000 000093be 49 0006e526 00000049 00000003 0006e60a 00000083 0006e68e 00000000 00000002
00000000 000093be 6e 0006e527 0000006e 00000003 0006e60a 00000083 0006e68f 00000000 00000002
00000000 000093be 72 0006e528 00000072 00000003 0006e60a 00000083 0006e690 00000000 00000002
00000000 000093be 20 0006e529 00000020 00000003 0006e60a 00000083 0006e691 00000000 00000002
00000000 000093be 49 0006e520 00000049 00000003 0006e60a 00000083 0006e692 00000000 00000002
00000000 000093be 6e 0006e521 0000006e 00000003 0006e60a 00000083 0006e693 00000000 00000002
00000000 000093be 6c 0006e522 0000006c 00000003 0006e60a 00000083 0006e694 00000000 00000002
00000000 000093be 20 0006e523 00000020 00000003 0006e60a 00000083 0006e695 00000000 00000002
00000000 000093be 28 0006e51d 00000028 00000003 0006e60a 00000083 0006e696 00000000 00000002
00000000 000093be 29 0006e51e 00000029 00000003 0006e60a 00000083 0006e697 00000000 00000002
00000000 000093be 2c 0006e5de 0000002c 00000003 0006e60a 00000083 0006e698 00000000 00000002
00000000 000093be 49 0006e5d6 00000049 00000003 0006e60a 00000083 0006e699 00000000 00000002
00000000 000093be 6e 0006e5d7 0000006e 00000003 0006e60a 00000083 0006e69a 00000000 00000002
00000000 000093be 6c 0006e5d8 0000006c 00000003 0006e60a 00000083 0006e69b 00000000 00000002
00000000 000093be 20 0006e5d9 00000020 00000003 0006e60a 00000083 0006e69c 00000000 00000002
00000000 000093be 28 0006e5cf 00000028 00000003 0006e60a 00000083 0006e69d 00000000 00000002
00000000 000093be 49 0006e559 00000049 00000003 0006e60a 00000083 0006e69e 00000000 00000002
00000000 000093be 6e 0006e55a 0000006e 00000003 0006e60a 00000083 0006e69f 00000000 00000002
00000000 000093be 72 0006e55b 00000072 00000003 0006e60a 00000083 0006e6a0 00000000 00000002
00000000 000093be 20 0006e55c 00000020 00000003 0006e60a 00000083 0006e6a1 00000000 00000002
00000000 000093be 49 0006e553 00000049 00000003 0006e60a 00000083 0006e6a2 00000000 00000002
00000000 000093be 6e 0006e554 0000006e 00000003 0006e60a 00000083 0006e6a3 00000000 00000002
00000000 000093be 6c 0006e555 0000006c 00000003 0006e60a 00000083 0006e6a4 00000000 00000002
00000000 000093be 20 0006e556 00000020 00000003 0006e60a 00000083 0006e6a5 00000000 00000002
00000000 000093be 28 0006e550 00000028 00000003 0006e60a 00000083 0006e6a6 00000000 00000002
00000000 000093be 29 0006e551 00000029 00000003 0006e60a 00000083 0006e6a7 00000000 00000002
00000000 000093be 2c 0006e5d1 0000002c 00000003 0006e60a 00000083 0006e6a8 00000000 00000002
00000000 000093be 49 0006e5c9 00000049 00000003 0006e60a 00000083 0006e6a9 00000000 00000002
00000000 000093be 6e 0006e5ca 0000006e 00000003 0006e60a 00000083 0006e6aa 00000000 00000002
00000000 000093be 6c 0006e5cb 0000006c 00000003 0006e60a 00000083 0006e6ab 00000000 00000002
00000000 000093be 20 0006e5cc 00000020 00000003 0006e60a 00000083 0006e6ac 00000000 00000002
00000000 000093be 28 0006e5c2 00000028 00000003 0006e60a 00000083 0006e6ad 00000000 00000002
00000000 000093be 49 0006e58c 00000049 00000003 0006e60a 00000083 0006e6ae 00000000 00000002
00000000 000093be 6e 0006e58d 0000006e 00000003 0006e60a 00000083 0006e6af 00000000 00000002
00000000 000093be 72 0006e58e 00000072 00000003 0006e60a 00000083 0006e6b0 00000000 00000002
00000000 000093be 20 0006e58f 00000020 00000003 0006e60a 00000083 0006e6b1 00000000 00000002
00000000 000093be 49 0006e586 00000049 00000003 0006e60a 00000083 0006e6b2 00000000 00000002
00000000 000093be 6e 0006e587 0000006e 00000003 0006e60a 00000083 0006e6b3 00000000 00000002
00000000 000093be 6c 0006e588 0000006c 00000003 0006e60a 00000083 0006e6b4 00000000 00000002
00000000 000093be 20 0006e589 00000020 00000003 0006e60a 00000083 0006e6b5 00000000 00000002
00000000 000093be 28 0006e583 00000028 00000003 0006e60a 00000083 0006e6b6 00000000 00000002
00000000 000093be 29 0006e584 00000029 00000003 0006e60a 00000083 0006e6b7 00000000 00000002
00000000 000093be 2c 0006e5c4 0000002c 00000003 0006e60a 00000083 0006e6b8 00000000 00000002
00000000 000093be 49 0006e5bc 00000049 00000003 0006e60a 00000083 0006e6b9 00000000 00000002
00000000 000093be 6e 0006e5bd 0000006e 00000003 0006e60a 00000083 0006e6ba 00000000 00000002
00000000 000093be 72 0006e5be 00000072 00000003 0006e60a 00000083 0006e6bb 00000000 00000002
00000000 000093be 20 0006e5bf 00000020 00000003 0006e60a 00000083 0006e6bc 00000000 00000002
00000000 000093be 49 0006e5b6 00000049 00000003 0006e60a 00000083 0006e6bd 00000000 00000002
00000000 000093be 6e 0006e5b7 0000006e 00000003 0006e60a 00000083 0006e6be 00000000 00000002
00000000 000093be 72 0006e5b8 00000072 00000003 0006e60a 00000083 0006e6bf 00000000 00000002
00000000 000093be 20 0006e5b9 00000020 00000003 0006e60a 00000083 0006e6c0 00000000 00000002
00000000 000093be 49 0006e5b0 00000049 00000003 0006e60a 00000083 0006e6c1 00000000 00000002
00000000 000093be 6e 0006e5b1 0000006e 00000003 0006e60a 00000083 0006e6c2 00000000 00000002
00000000 000093be 6c 0006e5b2 0000006c 00000003 0006e60a 00000083 0006e6c3 00000000 00000002
00000000 000093be 20 0006e5b3 00000020 00000003 0006e60a 00000083 0006e6c4 00000000 00000002
00000000 000093be 28 0006e5ad 00000028 00000003 0006e60a 00000083 0006e6c5 00000000 00000002
00000000 000093be 29 0006e5ae 00000029 00000003 0006e60a 00000083 0006e6c6 00000000 00000002
00000000 000093be 29 0006e5c6 00000029 00000003 0006e60a 00000083 0006e6c7 00000000 00000002
00000000 000093be 29 0006e5d3 00000029 00000003 0006e60a 00000083 0006e6c8 00000000 00000002
00000000 000093be 29 0006e5e0 00000029 00000003 0006e60a 00000083 0006e6c9 00000000 00000002
00000000 000093be 29 0006e5ed 00000029 00000003 0006e60a 00000083 0006e6ca 00000000 00000002
00000000 000093be 29 0006e5fa 00000029 00000003 0006e60a 00000083 0006e6cb 00000000 00000002
00000000 000093be 0a 0006e609 0000000a 00000003 0006e60a 00000083 0006e6cc 00000000 00000002
00000000 000093be 0a 0006ecaa 0000000a 00000003 0006eca9 00000083 0006ecac 00000000 00000002
00000000 000093be 2d 0006ecaf 0000002d 00000003 0006ecae 00000083 0006ecf8 00000000 00000002
00000000 000093be 2d 0006ecb0 0000002d 00000003 0006ecae 00000083 0006ecf9 00000000 00000002
00000000 000093be 2d 0006ecb1 0000002d 00000003 0006ecae 00000083 0006ecfa 00000000 00000002
00000000 000093be 2d 0006ecb2 0000002d 00000003 0006ecae 00000083 0006ecfb 00000000 00000002
00000000 000093be 2d 0006ecb3 0000002d 00000003 0006ecae 00000083 0006ecfc 00000000 00000002
00000000 000093be 2d 0006ecb4 0000002d 00000003 0006ecae 00000083 0006ecfd 00000000 00000002
00000000 000093be 2d 0006ecb5 0000002d 00000003 0006ecae 00000083 0006ecfe 00000000 00000002
00000000 000093be 2d 0006ecb6 0000002d 00000003 0006ecae 00000083 0006ecff 00000000 00000002
00000000 000093be 2d 0006ecb7 0000002d 00000003 0006ecae 00000083 0006ed00 00000000 00000002
00000000 000093be 2d 0006ecb8 0000002d 00000003 0006ecae 00000083 0006ed01 00000000 00000002
00000000 000093be 2d 0006ecb9 0000002d 00000003 0006ecae 00000083 0006ed02 00000000 00000002
00000000 000093be 2d 0006ecba 0000002d 00000003 0006ecae 00000083 0006ed03 00000000 00000002
00000000 000093be 2d 0006ecbb 0000002d 00000003 0006ecae 00000083 0006ed04 00000000 00000002
00000000 000093be 2d 0006ecbc 0000002d 00000003 0006ecae 00000083 0006ed05 00000000 00000002
00000000 000093be 2d 0006ecbd 0000002d 00000003 0006ecae 00000083 0006ed06 00000000 00000002
00000000 000093be 2d 0006ecbe 0000002d 00000003 0006ecae 00000083 0006ed07 00000000 00000002
00000000 000093be 2d 0006ecbf 0000002d 00000003 0006ecae 00000083 0006ed08 00000000 00000002
00000000 000093be 2d 0006ecc0 0000002d 00000003 0006ecae 00000083 0006ed09 00000000 00000002
00000000 000093be 2d 0006ecc1 0000002d 00000003 0006ecae 00000083 0006ed0a 00000000 00000002
00000000 000093be 2d 0006ecc2 0000002d 00000003 0006ecae 00000083 0006ed0b 00000000 00000002
00000000 000093be 2d 0006ecc3 0000002d 00000003 0006ecae 00000083 0006ed0c 00000000 00000002
00000000 000093be 2d 0006ecc4 0000002d 00000003 0006ecae 00000083 0006ed0d 00000000 00000002
00000000 000093be 2d 0006ecc5 0000002d 00000003 0006ecae 00000083 0006ed0e 00000000 00000002
00000000 000093be 2d 0006ecc6 0000002d 00000003 0006ecae 00000083 0006ed0f 00000000 00000002
00000000 000093be 2d 0006ecc7 0000002d 00000003 0006ecae 00000083 0006ed10 00000000 00000002
00000000 000093be 2d 0006ecc8 0000002d 00000003 0006ecae 00000083 0006ed11 00000000 00000002
00000000 000093be 2d 0006ecc9 0000002d 00000003 0006ecae 00000083 0006ed12 00000000 00000002
00000000 000093be 2d 0006ecca 0000002d 00000003 0006ecae 00000083 0006ed13 00000000 00000002
00000000 000093be 2d 0006eccb 0000002d 00000003 0006ecae 00000083 0006ed14 00000000 00000002
00000000 000093be 2d 0006eccc 0000002d 00000003 0006ecae 00000083 0006ed15 00000000 00000002
00000000 000093be 2d 0006eccd 0000002d 00000003 0006ecae 00000083 0006ed16 00000000 00000002
00000000 000093be 2d 0006ecce 0000002d 00000003 0006ecae 00000083 0006ed17 00000000 00000002
00000000 000093be 2d 0006eccf 0000002d 00000003 0006ecae 00000083 0006ed18 00000000 00000002
00000000 000093be 2d 0006ecd0 0000002d 00000003 0006ecae 00000083 0006ed19 00000000 00000002
00000000 000093be 2d 0006ecd1 0000002d 00000003 0006ecae 00000083 0006ed1a 00000000 00000002
00000000 000093be 2d 0006ecd2 0000002d 00000003 0006ecae 00000083 0006ed1b 00000000 00000002
00000000 000093be 2d 0006ecd3 0000002d 00000003 0006ecae 00000083 0006ed1c 00000000 00000002
00000000 000093be 2d 0006ecd4 0000002d 00000003 0006ecae 00000083 0006ed1d 00000000 00000002
00000000 000093be 2d 0006ecd5 0000002d 00000003 0006ecae 00000083 0006ed1e 00000000 00000002
00000000 000093be 2d 0006ecd6 0000002d 00000003 0006ecae 00000083 0006ed1f 00000000 00000002
00000000 000093be 2d 0006ecd7 0000002d 00000003 0006ecae 00000083 0006ed20 00000000 00000002
00000000 000093be 2d 0006ecd8 0000002d 00000003 0006ecae 00000083 0006ed21 00000000 00000002
00000000 000093be 2d 0006ecd9 0000002d 00000003 0006ecae 00000083 0006ed22 00000000 00000002
00000000 000093be 2d 0006ecda 0000002d 00000003 0006ecae 00000083 0006ed23 00000000 00000002
00000000 000093be 2d 0006ecdb 0000002d 00000003 0006ecae 00000083 0006ed24 00000000 00000002
00000000 000093be 2d 0006ecdc 0000002d 00000003 0006ecae 00000083 0006ed25 00000000 00000002
00000000 000093be 2d 0006ecdd 0000002d 00000003 0006ecae 00000083 0006ed26 00000000 00000002
00000000 000093be 2d 0006ecde 0000002d 00000003 0006ecae 00000083 0006ed27 00000000 00000002
00000000 000093be 2d 0006ecdf 0000002d 00000003 0006ecae 00000083 0006ed28 00000000 00000002
00000000 000093be 2d 0006ece0 0000002d 00000003 0006ecae 00000083 0006ed29 00000000 00000002
00000000 000093be 2d 0006ece1 0000002d 00000003 0006ecae 00000083 0006ed2a 00000000 00000002
00000000 000093be 2d 0006ece2 0000002d 00000003 0006ecae 00000083 0006ed2b 00000000 00000002
00000000 000093be 2d 0006ece3 0000002d 00000003 0006ecae 00000083 0006ed2c 00000000 00000002
00000000 000093be 2d 0006ece4 0000002d 00000003 0006ecae 00000083 0006ed2d 00000000 00000002
00000000 000093be 2d 0006ece5 0000002d 00000003 0006ecae 00000083 0006ed2e 00000000 00000002
00000000 000093be 2d 0006ece6 0000002d 00000003 0006ecae 00000083 0006ed2f 00000000 00000002
00000000 000093be 2d 0006ece7 0000002d 00000003 0006ecae 00000083 0006ed30 00000000 00000002
00000000 000093be 2d 0006ece8 0000002d 00000003 0006ecae 00000083 0006ed31 00000000 00000002
00000000 000093be 2d 0006ece9 0000002d 00000003 0006ecae 00000083 0006ed32 00000000 00000002
00000000 000093be 2d 0006ecea 0000002d 00000003 0006ecae 00000083 0006ed33 00000000 00000002
00000000 000093be 2d 0006eceb 0000002d 00000003 0006ecae 00000083 0006ed34 00000000 00000002
00000000 000093be 2d 0006ecec 0000002d 00000003 0006ecae 00000083 0006ed35 00000000 00000002
00000000 000093be 2d 0006eced 0000002d 00000003 0006ecae 00000083 0006ed36 00000000 00000002
00000000 000093be 2d 0006ecee 0000002d 00000003 0006ecae 00000083 0006ed37 00000000 00000002
00000000 000093be 2d 0006ecef 0000002d 00000003 0006ecae 00000083 0006ed38 00000000 00000002
00000000 000093be 2d 0006ecf0 0000002d 00000003 0006ecae 00000083 0006ed39 00000000 00000002
00000000 000093be 2d 0006ecf1 0000002d 00000003 0006ecae 00000083 0006ed3a 00000000 00000002
00000000 000093be 2d 0006ecf2 0000002d 00000003 0006ecae 00000083 0006ed3b 00000000 00000002
00000000 000093be 2d 0006ecf3 0000002d 00000003 0006ecae 00000083 0006ed3c 00000000 00000002
00000000 000093be 2d 0006ecf4 0000002d 00000003 0006ecae 00000083 0006ed3d 00000000 00000002
00000000 000093be 0a 0006ecf5 0000000a 00000003 0006ecae 00000083 0006ed3e 00000000 00000002
00000000 000093be 0a 0006ecf6 0000000a 00000003 0006ecae 00000083 0006ed3f 00000000 00000002
00000000 000093be 5b 0006ed45 0000005b 00000003 0006ed44 00000083 0006ed60 00000000 00000002
00000000 000093be 32 0006ed46 00000032 00000003 0006ed44 00000083 0006ed61 00000000 00000002
00000000 000093be 44 0006ed47 00000044 00000003 0006ed44 00000083 0006ed62 00000000 00000002
00000000 000093be 5d 0006ed48 0000005d 00000003 0006ed44 00000083 0006ed63 00000000 00000002
00000000 000093be 20 0006ed49 00000020 00000003 0006ed44 00000083 0006ed64 00000000 00000002
00000000 000093be 56 0006ed4a 00000056 00000003 0006ed44 00000083 0006ed65 00000000 00000002
00000000 000093be 65 0006ed4b 00000065 00000003 0006ed44 00000083 0006ed66 00000000 00000002
00000000 000093be 72 0006ed4c 00000072 00000003 0006ed44 00000083 0006ed67 00000000 00000002
00000000 000093be 69 0006ed4d 00000069 00000003 0006ed44 00000083 0006ed68 00000000 00000002
00000000 000093be 66 0006ed4e 00000066 00000003 0006ed44 00000083 0006ed69 00000000 00000002
00000000 000093be 69 0006ed4f 00000069 00000003 0006ed44 00000083 0006ed6a 00000000 00000002
00000000 000093be 63 0006ed50 00000063 00000003 0006ed44 00000083 0006ed6b 00000000 00000002
00000000 000093be 61 0006ed51 00000061 00000003 0006ed44 00000083 0006ed6c 00000000 00000002
00000000 000093be 74 0006ed52 00000074 00000003 0006ed44 00000083 0006ed6d 00000000 00000002
00000000 000093be 69 0006ed53 00000069 00000003 0006ed44 00000083 0006ed6e 00000000 00000002
00000000 000093be 6f 0006ed54 0000006f 00000003 0006ed44 00000083 0006ed6f 00000000 00000002
00000000 000093be 6e 0006ed55 0000006e 00000003 0006ed44 00000083 0006ed70 00000000 00000002
00000000 000093be 20 0006ed56 00000020 00000003 0006ed44 00000083 0006ed71 00000000 00000002
00000000 000093be 66 0006ed57 00000066 00000003 0006ed44 00000083 0006ed72 00000000 00000002
00000000 000093be 61 0006ed58 00000061 00000003 0006ed44 00000083 0006ed73 00000000 00000002
00000000 000093be 69 0006ed59 00000069 00000003 0006ed44 00000083 0006ed74 00000000 00000002
00000000 000093be 6c 0006ed5a 0000006c 00000003 0006ed44 00000083 0006ed75 00000000 00000002
00000000 000093be 65 0006ed5b 00000065 00000003 0006ed44 00000083 0006ed76 00000000 00000002
00000000 000093be 64 0006ed5c 00000064 00000003 0006ed44 00000083 0006ed77 00000000 00000002
00000000 000093be 3a 0006ed5d 0000003a 00000003 0006ed44 00000083 0006ed78 00000000 00000002
00000000 000093be 0a 0006ed5e 0000000a 00000003 0006ed44 00000083 0006ed79 00000000 00000002
00000000 000093be 49 0006ea02 00000049 00000003 0006eca1 00000083 0006ed7c 00000000 00000002
00000000 000093be 4e 0006ea03 0000004e 00000003 0006eca1 00000083 0006ed7d 00000000 00000002
00000000 000093be 43 0006ea04 00000043 00000003 0006eca1 00000083 0006ed7e 00000000 00000002
00000000 000093be 4f 0006ea05 0000004f 00000003 0006eca1 00000083 0006ed7f 00000000 00000002
00000000 000093be 52 0006ea06 00000052 00000003 0006eca1 00000083 0006ed80 00000000 00000002
00000000 000093be 52 0006ea07 00000052 00000003 0006eca1 00000083 0006ed81 00000000 00000002
00000000 000093be 45 0006ea08 00000045 00000003 0006eca1 00000083 0006ed82 00000000 00000002
00000000 000093be 43 0006ea09 00000043 00000003 0006eca1 00000083 0006ed83 00000000 00000002
00000000 000093be 54 0006ea0a 00000054 00000003 0006eca1 00000083 0006ed84 00000000 00000002
00000000 000093be 21 0006ea0b 00000021 00000003 0006eca1 00000083 0006ed85 00000000 00000002
00000000 000093be 0a 0006ea0c 0000000a 00000003 0006eca1 00000083 0006ed86 00000000 00000002
